{"accuracy": 0.851287491561385, "weighted_f1": 0.7988354806326006, "roc_auc": 0.7312015336943969, "_timestamp": 1775758018.5925374, "_runtime": 11.79290246963501, "_step": 0, "_wandb": {"runtime": 10}}