{"accuracy": 0.8539878483942521, "weighted_f1": 0.7930281705557948, "roc_auc": 0.7282692960022563, "_timestamp": 1775762124.3364878, "_runtime": 12.688785791397095, "_step": 1, "roc_curve_table": {"_type": "table-file", "sha256": "4cdd4e7653c01fcc55b3f6dbda1e633122f1d3c5a4611a99cd80c5520e4c8649", "size": 135126, "artifact_path": "wandb-client-artifact://tzuy2kokysa0hk4g6asi36wdx65jvq3n622zfehcdnkdhjs5veb0r9hesc7clzq7sonnbb43v39jjf8gwmbj9lif2o63j10d3wb2kijtzoeztx4qgwbmi3wjak9heupi:latest/roc_curve_table.table.json", "_latest_artifact_path": "wandb-client-artifact://tzuy2kokysa0hk4g6asi36wdx65jvq3n622zfehcdnkdhjs5veb0r9hesc7clzq7sonnbb43v39jjf8gwmbj9lif2o63j10d3wb2kijtzoeztx4qgwbmi3wjak9heupi:latest/roc_curve_table.table.json", "path": "media/table/roc_curve_table_1_4cdd4e7653c01fcc55b3.table.json", "ncols": 3, "nrows": 4388}, "_wandb": {"runtime": 10}}