{"accuracy": 0.8283344584820137, "weighted_f1": 0.7922681127831801, "roc_auc": 0.7093174221432845, "_timestamp": 1775761701.1779635, "_runtime": 13.673107385635376, "_step": 1, "roc_curve_table": {"_type": "table-file", "sha256": "c5df218dc73d8be333ca93cac513e5d35d92cbdc59dbb5f362416b9dbfe6b6e6", "size": 119746, "artifact_path": "wandb-client-artifact://aa76h2rb50aai4d976k4n87qmd6mriy9n7pe8r33x7dcmyw13arc8jv4ubl61fb0u9u773cy65pa2cytlh3rmw7iuhm82nw42ugzrnrkhgfwi2ewt8n2779rvb35wnr9:latest/roc_curve_table.table.json", "_latest_artifact_path": "wandb-client-artifact://aa76h2rb50aai4d976k4n87qmd6mriy9n7pe8r33x7dcmyw13arc8jv4ubl61fb0u9u773cy65pa2cytlh3rmw7iuhm82nw42ugzrnrkhgfwi2ewt8n2779rvb35wnr9:latest/roc_curve_table.table.json", "path": "media/table/roc_curve_table_1_c5df218dc73d8be333ca.table.json", "ncols": 3, "nrows": 3900}, "_wandb": {"runtime": 11}}