{"accuracy": 0.8473333976275437, "weighted_f1": 0.798900550867799, "roc_auc": 0.7307293814531222, "_timestamp": 1775758089.2335997, "_runtime": 12.150448560714722, "_step": 0, "_wandb": {"runtime": 10}}