{"accuracy": 0.8338316134632077, "weighted_f1": 0.7995401838804195, "roc_auc": 0.7157306582613303, "_timestamp": 1775761664.8507476, "_runtime": 13.034957647323608, "_step": 1, "roc_curve_table": {"_type": "table-file", "sha256": "218226a94c7e9a0171717cecfb85f39b9727d4cbfaf7136918a46790bb010d8e", "size": 106989, "artifact_path": "wandb-client-artifact://ejztbi3oqq309sm6kwyyunwqxxxnbno5tpncyfilctmt1vxkyc2mho5711yziz4a9bc1q0kjaqv7xdos3uqu0p99o006anxxibz0si5i1dz5my3inhx1zn5kvyrw8993:latest/roc_curve_table.table.json", "_latest_artifact_path": "wandb-client-artifact://ejztbi3oqq309sm6kwyyunwqxxxnbno5tpncyfilctmt1vxkyc2mho5711yziz4a9bc1q0kjaqv7xdos3uqu0p99o006anxxibz0si5i1dz5my3inhx1zn5kvyrw8993:latest/roc_curve_table.table.json", "path": "media/table/roc_curve_table_1_218226a94c7e9a017171.table.json", "ncols": 3, "nrows": 3493}, "_wandb": {"runtime": 11}}