{"accuracy": 0.7321824669688495, "weighted_f1": 0.7324028221260873, "roc_auc": 0.8392312486947413, "_timestamp": 1775707552.8958273, "_runtime": 14.54825735092163, "_step": 0, "_wandb": {"runtime": 12}}