{"accuracy": 0.8100106085447005, "weighted_f1": 0.7839525079531054, "roc_auc": 0.7054302081387946, "_timestamp": 1775756918.8507872, "_runtime": 19.07217311859131, "_step": 0, "_wandb": {"runtime": 16}}