{"accuracy": 0.8314205805767191, "weighted_f1": 0.7900525088807914, "roc_auc": 0.7146334035895461, "_timestamp": 1775756343.9336815, "_runtime": 11.184260606765747, "_step": 0, "_wandb": {"runtime": 9}}