{"accuracy": 0.8473333976275437, "weighted_f1": 0.7990421245650992, "roc_auc": 0.73047028467106, "_timestamp": 1775758124.732808, "_runtime": 11.75696611404419, "_step": 0, "_wandb": {"runtime": 10}}