{"accuracy": 0.8473333976275437, "weighted_f1": 0.7990421245650992, "roc_auc": 0.7304339242223856, "_timestamp": 1775762273.1111948, "_runtime": 12.856636762619019, "_step": 1, "roc_curve_table": {"_type": "table-file", "sha256": "ae0fd0334c0a19e2e1722a11fdd73f2c3607262b4a5051d941c30a10584a6611", "size": 144565, "artifact_path": "wandb-client-artifact://34lcjlw5p657h1zyuirikvnc0d8glnoegxi4kbfsfaa7chefw9zt7pm6nx59hnv9gqactm4j1j1q3g861l6ad0fkpfoki4zllv4rmeli0jm741ueshumprz88ah628a0:latest/roc_curve_table.table.json", "_latest_artifact_path": "wandb-client-artifact://34lcjlw5p657h1zyuirikvnc0d8glnoegxi4kbfsfaa7chefw9zt7pm6nx59hnv9gqactm4j1j1q3g861l6ad0fkpfoki4zllv4rmeli0jm741ueshumprz88ah628a0:latest/roc_curve_table.table.json", "path": "media/table/roc_curve_table_1_ae0fd0334c0a19e2e172.table.json", "ncols": 3, "nrows": 4695}, "_wandb": {"runtime": 10}}