{"accuracy": 0.8190760921978976, "weighted_f1": 0.7800683007729131, "roc_auc": 0.6934939570763761, "_timestamp": 1775756260.885442, "_runtime": 11.900346994400024, "_step": 0, "_wandb": {"runtime": 10}}