{"accuracy": 0.8074066930272928, "weighted_f1": 0.7812468363535136, "roc_auc": 0.7048972264676623, "_timestamp": 1775761629.6166317, "_runtime": 13.230936765670776, "_step": 1, "roc_curve_table": {"_type": "table-file", "sha256": "b3c9a24b70317dd611029b84223a01f808f5c9de83ad7ec01c3736235a8fc2f8", "size": 113011, "artifact_path": "wandb-client-artifact://xxur3ukzuvqrfxjd11gsaqmpowxk00loojzqkrq1yymynozfjzs6u1mgybaf82lcwu1flgyzb4cp46ww5bu60y48wy4hqi6j5nbjbbbseium2mmrhe6zvi8o4nlkpgb7:latest/roc_curve_table.table.json", "_latest_artifact_path": "wandb-client-artifact://xxur3ukzuvqrfxjd11gsaqmpowxk00loojzqkrq1yymynozfjzs6u1mgybaf82lcwu1flgyzb4cp46ww5bu60y48wy4hqi6j5nbjbbbseium2mmrhe6zvi8o4nlkpgb7:latest/roc_curve_table.table.json", "path": "media/table/roc_curve_table_1_b3c9a24b70317dd61102.table.json", "ncols": 3, "nrows": 3681}, "_wandb": {"runtime": 11}}