{"accuracy": 0.8362426463496963, "weighted_f1": 0.7953059024265768, "roc_auc": 0.7231333254565065, "_timestamp": 1775756185.2236035, "_runtime": 10.977604389190674, "_step": 0, "_wandb": {"runtime": 9}}