{"accuracy": 0.822355096923522, "weighted_f1": 0.8050699570940187, "roc_auc": 0.713467849207045, "_timestamp": 1775761446.4665148, "_runtime": 13.369187831878662, "_step": 1, "roc_curve_table": {"_type": "table-file", "sha256": "962d23d40e0f51105d77761e461520ba61f842bad7c749cf6af12386b3c1e940", "size": 99238, "artifact_path": "wandb-client-artifact://hemqoc9xlunv5u9100tpflddhfk3phj6b6o2k7ev6zzb8lrkj2uy7245ek9pwt7jiuf2vzucmyndc5i2vmprm1ix4fo73qwvctbu5xynn1yfsu7eqkqfzoo78dhawdmk:latest/roc_curve_table.table.json", "_latest_artifact_path": "wandb-client-artifact://hemqoc9xlunv5u9100tpflddhfk3phj6b6o2k7ev6zzb8lrkj2uy7245ek9pwt7jiuf2vzucmyndc5i2vmprm1ix4fo73qwvctbu5xynn1yfsu7eqkqfzoo78dhawdmk:latest/roc_curve_table.table.json", "path": "media/table/roc_curve_table_1_962d23d40e0f51105d77.table.json", "ncols": 3, "nrows": 3234}, "_wandb": {"runtime": 11}}