{"accuracy": 0.8319027871540168, "weighted_f1": 0.7929687702459645, "roc_auc": 0.7168362598285647, "_timestamp": 1775761597.2773597, "_runtime": 12.97095775604248, "_step": 1, "roc_curve_table": {"_type": "table-file", "sha256": "39a609498243096bc9a05cfa676793cad84737615ed08f4cea1ca7d5fc1b2fb9", "size": 115269, "artifact_path": "wandb-client-artifact://etz3pgfd9lpiyunaoie27afy8flzj9gbuc7taicwiuz2y5dr2e7o4c76jniyy9whvumw3ikn9232247790xm9liemn51jeo90iwngwh39205dg2po8lcywwtvc26lj7h:latest/roc_curve_table.table.json", "_latest_artifact_path": "wandb-client-artifact://etz3pgfd9lpiyunaoie27afy8flzj9gbuc7taicwiuz2y5dr2e7o4c76jniyy9whvumw3ikn9232247790xm9liemn51jeo90iwngwh39205dg2po8lcywwtvc26lj7h:latest/roc_curve_table.table.json", "path": "media/table/roc_curve_table_1_39a609498243096bc9a0.table.json", "ncols": 3, "nrows": 3757}, "_wandb": {"runtime": 11}}