{"accuracy": 0.851287491561385, "weighted_f1": 0.7988354806326006, "roc_auc": 0.7312015336943969, "_timestamp": 1775762142.6198812, "_runtime": 13.055024147033691, "_step": 1, "roc_curve_table": {"_type": "table-file", "sha256": "2fe35e73e39105f41ca879a958557036ef789cd8d792546834074de01008bf32", "size": 144022, "artifact_path": "wandb-client-artifact://mhlpn45q904h2hd4ozmipaonbr26y4wmg89pm1l240lz0o0t022xh1nw17nbcei5dvw02t7nml5cndbyrzbgqjxzz8oelnhlworgi7t60p1aydhgyljsh7rtdbbb5tsd:latest/roc_curve_table.table.json", "_latest_artifact_path": "wandb-client-artifact://mhlpn45q904h2hd4ozmipaonbr26y4wmg89pm1l240lz0o0t022xh1nw17nbcei5dvw02t7nml5cndbyrzbgqjxzz8oelnhlworgi7t60p1aydhgyljsh7rtdbbb5tsd:latest/roc_curve_table.table.json", "path": "media/table/roc_curve_table_1_2fe35e73e39105f41ca8.table.json", "ncols": 3, "nrows": 4678}, "_wandb": {"runtime": 10}}