{"accuracy": 0.7300607580287395, "weighted_f1": 0.7302069370058856, "roc_auc": 0.7803592311640496, "_timestamp": 1775707485.3078716, "_runtime": 15.868410587310791, "_step": 0, "_wandb": {"runtime": 13}}