{"accuracy": 0.8576526183817147, "weighted_f1": 0.7925772795810138, "roc_auc": 0.73694938122444, "_timestamp": 1775757983.285873, "_runtime": 12.374742031097412, "_step": 0, "_wandb": {"runtime": 10}}