{"accuracy": 0.8334458482013695, "weighted_f1": 0.7989623706098141, "roc_auc": 0.7076765520842465, "_timestamp": 1775756998.7109985, "_runtime": 20.222200632095337, "_step": 0, "_wandb": {"runtime": 16}}