{"accuracy": 0.8473333976275437, "weighted_f1": 0.798900550867799, "roc_auc": 0.7307293814531222, "_timestamp": 1775762216.5978484, "_runtime": 11.87311339378357, "_step": 1, "roc_curve_table": {"_type": "table-file", "sha256": "78744fc810657e6795c5a57907099eb773a133049c71ae00e4b4893a77f84baf", "size": 143963, "artifact_path": "wandb-client-artifact://xrz3jkr9ijwa13ej6qnbd9hfwh4bjltnfpmq6xzjudlwe0ycr3ivmu2f7uc9nw7w846bf9nh0174rytfrweb9l3i3xqoxefs9jcnak5uzvghcu8iqj1yjxuctcgdsb2r:latest/roc_curve_table.table.json", "_latest_artifact_path": "wandb-client-artifact://xrz3jkr9ijwa13ej6qnbd9hfwh4bjltnfpmq6xzjudlwe0ycr3ivmu2f7uc9nw7w846bf9nh0174rytfrweb9l3i3xqoxefs9jcnak5uzvghcu8iqj1yjxuctcgdsb2r:latest/roc_curve_table.table.json", "path": "media/table/roc_curve_table_1_78744fc810657e6795c5.table.json", "ncols": 3, "nrows": 4675}, "_wandb": {"runtime": 10}}