{"accuracy": 0.8314205805767191, "weighted_f1": 0.7900525088807914, "roc_auc": 0.7146334035895461, "_timestamp": 1775761564.311421, "_runtime": 13.118032932281494, "_step": 1, "roc_curve_table": {"_type": "table-file", "sha256": "e032573cecc2fcda5be5a18cd4eff5a335378bb37fb6113bb7e4c13da9022c12", "size": 90135, "artifact_path": "wandb-client-artifact://cq8cjh8n2wxkna5ew6h96x583y4uk4dlwh7lo95etvb6epshpeeyvbp9ox6v5ri8str3yo36cvwjad1x6jiir32n98udrjlqvznnnmfsp42aeu73lx3go3cqeqve8h54:latest/roc_curve_table.table.json", "_latest_artifact_path": "wandb-client-artifact://cq8cjh8n2wxkna5ew6h96x583y4uk4dlwh7lo95etvb6epshpeeyvbp9ox6v5ri8str3yo36cvwjad1x6jiir32n98udrjlqvznnnmfsp42aeu73lx3go3cqeqve8h54:latest/roc_curve_table.table.json", "path": "media/table/roc_curve_table_1_e032573cecc2fcda5be5.table.json", "ncols": 3, "nrows": 2947}, "_wandb": {"runtime": 11}}