{"accuracy": 0.8474298389430032, "weighted_f1": 0.7989567163196105, "roc_auc": 0.7306988142834819, "_timestamp": 1775758107.2034986, "_runtime": 13.202441692352295, "_step": 0, "_wandb": {"runtime": 10}}