{"accuracy": 0.8040312469862089, "weighted_f1": 0.7759942607445824, "roc_auc": 0.7097686880890945, "_timestamp": 1775761287.0583456, "_runtime": 12.761718511581421, "_step": 1, "roc_curve_table": {"_type": "table-file", "sha256": "f40f7e3fe2eb8f2d6f99307d988c9d16968e6a3c12822b22292a0fdd39a08936", "size": 83284, "artifact_path": "wandb-client-artifact://xne65zj6g1cpoaizyjawwsdsqaa35dhynguj4wu11qaotluluajcjhddxbabwoawo3bwqtkl9cgkxh59kl63sw6m2wvf9767qauxi3mo380rodrmjn1xzezvkw6mwedw:latest/roc_curve_table.table.json", "_latest_artifact_path": "wandb-client-artifact://xne65zj6g1cpoaizyjawwsdsqaa35dhynguj4wu11qaotluluajcjhddxbabwoawo3bwqtkl9cgkxh59kl63sw6m2wvf9767qauxi3mo380rodrmjn1xzezvkw6mwedw:latest/roc_curve_table.table.json", "path": "media/table/roc_curve_table_1_f40f7e3fe2eb8f2d6f99.table.json", "ncols": 3, "nrows": 2718}, "_wandb": {"runtime": 11}}