{"mae": 3.3017648760729097, "rmse": 4.326397608825375, "r2": -0.27155906445595, "_timestamp": 1775619796.4263275, "_runtime": 16.977233409881592, "_step": 0, "_wandb": {"runtime": 14}}