{"accuracy": 0.8252483363873083, "weighted_f1": 0.7882945899673075, "roc_auc": 0.7139115686446393, "_timestamp": 1775756850.6836462, "_runtime": 19.616199254989624, "_step": 0, "_wandb": {"runtime": 16}}