{"accuracy": 0.7541710868936252, "weighted_f1": 0.7569585044726836, "roc_auc": 0.5080514382196339, "_timestamp": 1775761173.0660498, "_runtime": 12.257450819015503, "_step": 0, "_wandb": {"runtime": 10}}