{"accuracy": 0.8490693413058155, "weighted_f1": 0.8109304177519554, "roc_auc": 0.6174168073696606, "_timestamp": 1775761191.4241557, "_runtime": 12.36008882522583, "_step": 0, "_wandb": {"runtime": 10}}