{"accuracy": 0.8238017166554151, "weighted_f1": 0.8056434160688611, "roc_auc": 0.7102905405662929, "_timestamp": 1775756567.580198, "_runtime": 18.96655797958374, "_step": 0, "_wandb": {"runtime": 16}}