{"accuracy": 0.8287202237438519, "weighted_f1": 0.7904677793289513, "roc_auc": 0.7016165535325662, "_timestamp": 1775761419.8537, "_runtime": 12.846649885177612, "_step": 1, "roc_curve_table": {"_type": "table-file", "sha256": "16f7f06b42fffbed683fe1f92e9aa7d147523ac3808a4738904c99f05659e519", "size": 98487, "artifact_path": "wandb-client-artifact://2a4zftc5dgjnlsdxbbde5ug5bhebflcrkw42ae1wbv7i9k0vundry2x4au3sp4sfzv2br3fmp3vsbkdae5zct9gwmbcmv408h29b3d1s6lktvanfe437vb0at57wqk2o:latest/roc_curve_table.table.json", "_latest_artifact_path": "wandb-client-artifact://2a4zftc5dgjnlsdxbbde5ug5bhebflcrkw42ae1wbv7i9k0vundry2x4au3sp4sfzv2br3fmp3vsbkdae5zct9gwmbcmv408h29b3d1s6lktvanfe437vb0at57wqk2o:latest/roc_curve_table.table.json", "path": "media/table/roc_curve_table_1_16f7f06b42fffbed683f.table.json", "ncols": 3, "nrows": 3211}, "_wandb": {"runtime": 11}}