{"accuracy": 0.8471405149966246, "weighted_f1": 0.7987882295866595, "roc_auc": 0.7304061012375511, "_timestamp": 1775758180.8570058, "_runtime": 13.730538845062256, "_step": 0, "_wandb": {"runtime": 11}}