{"accuracy": 0.8319027871540168, "weighted_f1": 0.7929687702459645, "roc_auc": 0.7168362598285647, "_timestamp": 1775756373.5675857, "_runtime": 11.36725378036499, "_step": 0, "_wandb": {"runtime": 9}}