{"accuracy": 0.8100106085447005, "weighted_f1": 0.7839525079531054, "roc_auc": 0.7054302081387946, "_timestamp": 1775761960.7843497, "_runtime": 12.930200576782227, "_step": 1, "roc_curve_table": {"_type": "table-file", "sha256": "0b806ed989d787176b63e4e4c23517e37f96bf37218740c6297da5e8e884264c", "size": 129755, "artifact_path": "wandb-client-artifact://u1btsnjs5t0fjy4wteer2us5k0y3f1gbpsiaci0woq0fxmwx36p2cejvp4kax63kdj966iw9eej1omz22xqra3ljd5qfe1ydkmax14yxrs3334duc9j6dvoinf5t8vn4:latest/roc_curve_table.table.json", "_latest_artifact_path": "wandb-client-artifact://u1btsnjs5t0fjy4wteer2us5k0y3f1gbpsiaci0woq0fxmwx36p2cejvp4kax63kdj966iw9eej1omz22xqra3ljd5qfe1ydkmax14yxrs3334duc9j6dvoinf5t8vn4:latest/roc_curve_table.table.json", "path": "media/table/roc_curve_table_1_0b806ed989d787176b63.table.json", "ncols": 3, "nrows": 4219}, "_wandb": {"runtime": 11}}