{"accuracy": 0.8003664769987463, "weighted_f1": 0.7742444937956875, "roc_auc": 0.7097787501000483, "_timestamp": 1775761533.5751374, "_runtime": 12.630780458450317, "_step": 1, "roc_curve_table": {"_type": "table-file", "sha256": "e3ebacc1ff08f538ae7e715d05bd41992ca3c5cf92e4cc3ebe440abab5d29595", "size": 102386, "artifact_path": "wandb-client-artifact://em3n7ttntadd4ztdrm6h8mniw5gb3wnmlu05b7ch3kz5u6vj1rlg047f0j2zmkmzutqorh4dbs86xy96w0x2dnit0jhfb34716wzg9dem6fqhtl9dc7txwxnb4lbdl60:latest/roc_curve_table.table.json", "_latest_artifact_path": "wandb-client-artifact://em3n7ttntadd4ztdrm6h8mniw5gb3wnmlu05b7ch3kz5u6vj1rlg047f0j2zmkmzutqorh4dbs86xy96w0x2dnit0jhfb34716wzg9dem6fqhtl9dc7txwxnb4lbdl60:latest/roc_curve_table.table.json", "path": "media/table/roc_curve_table_1_e3ebacc1ff08f538ae7e.table.json", "ncols": 3, "nrows": 3338}, "_wandb": {"runtime": 11}}