{"accuracy": 0.6722924100684733, "weighted_f1": 0.6726477870599641, "roc_auc": 0.6714551683150755, "_timestamp": 1775707504.9684722, "_runtime": 14.19742727279663, "_step": 0, "_wandb": {"runtime": 12}}