{"accuracy": 0.8328672003086122, "weighted_f1": 0.7921708499027315, "roc_auc": 0.719129140574678, "_timestamp": 1775756138.4923062, "_runtime": 11.64354419708252, "_step": 0, "_wandb": {"runtime": 9}}