{"accuracy": 0.8074066930272928, "weighted_f1": 0.7812468363535136, "roc_auc": 0.7048972264676623, "_timestamp": 1775756403.2300966, "_runtime": 11.133412599563599, "_step": 0, "_wandb": {"runtime": 9}}