{"accuracy": 0.8359533224033175, "weighted_f1": 0.8039466296459299, "roc_auc": 0.6990657575284043, "_timestamp": 1775762047.0983262, "_runtime": 11.809429168701172, "_step": 1, "roc_curve_table": {"_type": "table-file", "sha256": "bf2d24bb52ed29727b2c1ba9b1b62ea1cfa82e137ddcbffc2457da0705f7ded4", "size": 132593, "artifact_path": "wandb-client-artifact://hed0l1nuw7m4noy2tbv62wezjm95sd5f5oiikvz9vi7901mhvn76dzuy8tille7o66h7mlgtfhv11f62ufy3macdqfeekwxlk9xk55z29e7hz37p02y6t8cg9rbalcwm:latest/roc_curve_table.table.json", "_latest_artifact_path": "wandb-client-artifact://hed0l1nuw7m4noy2tbv62wezjm95sd5f5oiikvz9vi7901mhvn76dzuy8tille7o66h7mlgtfhv11f62ufy3macdqfeekwxlk9xk55z29e7hz37p02y6t8cg9rbalcwm:latest/roc_curve_table.table.json", "path": "media/table/roc_curve_table_1_bf2d24bb52ed29727b2c.table.json", "ncols": 3, "nrows": 4327}, "_wandb": {"runtime": 10}}