{"accuracy": 0.8101070498601601, "weighted_f1": 0.7785852463273173, "roc_auc": 0.708952864814596, "_timestamp": 1775756619.873058, "_runtime": 18.874351978302002, "_step": 0, "_wandb": {"runtime": 15}}