{"accuracy": 0.8334458482013695, "weighted_f1": 0.7989623706098141, "roc_auc": 0.7076765520842465, "_timestamp": 1775762005.339405, "_runtime": 12.870563983917236, "_step": 1, "roc_curve_table": {"_type": "table-file", "sha256": "c32d220dd4f89a522fe0a6e1c3e363c9f0a479987847a93d17391096ad037ef8", "size": 117519, "artifact_path": "wandb-client-artifact://20v51o84euf2sm2wty5dtralvzep3v87de8aph2gybxqcmxen704tusacxp814w6w0uf562gmqeqoa5sxc32uusb1hiqtzlsni2zr2f0n8718puibe2dx6fgucwr67y3:latest/roc_curve_table.table.json", "_latest_artifact_path": "wandb-client-artifact://20v51o84euf2sm2wty5dtralvzep3v87de8aph2gybxqcmxen704tusacxp814w6w0uf562gmqeqoa5sxc32uusb1hiqtzlsni2zr2f0n8718puibe2dx6fgucwr67y3:latest/roc_curve_table.table.json", "path": "media/table/roc_curve_table_1_c32d220dd4f89a522fe0.table.json", "ncols": 3, "nrows": 3831}, "_wandb": {"runtime": 11}}