{"accuracy": 0.7983412093740959, "weighted_f1": 0.774956578262548, "roc_auc": 0.7164627457855801, "_timestamp": 1775756715.5372195, "_runtime": 19.893014430999756, "_step": 0, "_wandb": {"runtime": 16}}