{"accuracy": 0.8476227215739223, "weighted_f1": 0.7989268876313945, "roc_auc": 0.7320629790412885, "_timestamp": 1775758070.7813218, "_runtime": 12.256970882415771, "_step": 0, "_wandb": {"runtime": 9}}