{"accuracy": 0.8092390780210242, "weighted_f1": 0.7775169178543749, "roc_auc": 0.6978459673823145, "_timestamp": 1775761215.0513375, "_runtime": 13.536215543746948, "_step": 0, "_wandb": {"runtime": 11}}