{"accuracy": 0.822355096923522, "weighted_f1": 0.8050699570940187, "roc_auc": 0.713467849207045, "_timestamp": 1775756233.9056113, "_runtime": 11.50150728225708, "_step": 0, "_wandb": {"runtime": 9}}