{"accuracy": 0.8473333976275437, "weighted_f1": 0.798900550867799, "roc_auc": 0.7306956127345421, "_timestamp": 1775761153.0554976, "_runtime": 13.114093542098999, "_step": 0, "_wandb": {"runtime": 11}}