{"mae": 2.8736666896617487, "rmse": 3.69077435721173, "r2": 0.07462307150345604, "_timestamp": 1775619773.143512, "_runtime": 18.4392409324646, "_step": 0, "_wandb": {"runtime": 15}}