{"accuracy": 0.8283344584820137, "weighted_f1": 0.7836756390239416, "roc_auc": 0.7279481501526452, "_timestamp": 1775756114.999302, "_runtime": 11.418452978134155, "_step": 0, "_wandb": {"runtime": 9}}