{"accuracy": 0.8508052849840871, "weighted_f1": 0.7984102531483009, "roc_auc": 0.7325166080351255, "_timestamp": 1775758036.7241619, "_runtime": 12.992291927337646, "_step": 0, "_wandb": {"runtime": 10}}