{"accuracy": 0.8296846368984473, "weighted_f1": 0.7916475778687658, "roc_auc": 0.7146818460741007, "_timestamp": 1775761881.7421546, "_runtime": 13.496280670166016, "_step": 1, "roc_curve_table": {"_type": "table-file", "sha256": "f8d68982da414917ef502bdfc5d0ad68cd4d5da040d19000a44bf9974baf8d6a", "size": 107165, "artifact_path": "wandb-client-artifact://g270l7co727iqc4artnu1zzm0r14inkb2d8fzeia3bgvhvfymgkstb3crjo7ayxyfdu5zljtoxtihj9unq1knp1ejds0heo74b3knhl6elyhgo4ioghs5529c3suoq5w:latest/roc_curve_table.table.json", "_latest_artifact_path": "wandb-client-artifact://g270l7co727iqc4artnu1zzm0r14inkb2d8fzeia3bgvhvfymgkstb3crjo7ayxyfdu5zljtoxtihj9unq1knp1ejds0heo74b3knhl6elyhgo4ioghs5529c3suoq5w:latest/roc_curve_table.table.json", "path": "media/table/roc_curve_table_1_f8d68982da414917ef50.table.json", "ncols": 3, "nrows": 3505}, "_wandb": {"runtime": 11}}