{"accuracy": 0.8471405149966246, "weighted_f1": 0.7987882295866595, "roc_auc": 0.7304061012375511, "_timestamp": 1775762309.191877, "_runtime": 12.129891872406006, "_step": 1, "roc_curve_table": {"_type": "table-file", "sha256": "05a1277bdf15c21d63ec02e06b2e79b5f4bfe3ef5fd50b0b4e8e1316e9ff61d9", "size": 145511, "artifact_path": "wandb-client-artifact://mwjxjcqbao3e6rrnssq1ruqw2adhwp7m04mshcyfgky05opelj4f7jztzkv4cipig13o0owltylzrhf9dtw2prcdz4y985x3uc0m53x05ph2c3tfs6m9l8848vuv1im0:latest/roc_curve_table.table.json", "_latest_artifact_path": "wandb-client-artifact://mwjxjcqbao3e6rrnssq1ruqw2adhwp7m04mshcyfgky05opelj4f7jztzkv4cipig13o0owltylzrhf9dtw2prcdz4y985x3uc0m53x05ph2c3tfs6m9l8848vuv1im0:latest/roc_curve_table.table.json", "path": "media/table/roc_curve_table_1_05a1277bdf15c21d63ec.table.json", "ncols": 3, "nrows": 4725}, "_wandb": {"runtime": 9}}