{"accuracy": 0.8116501109075128, "weighted_f1": 0.7835124326926659, "roc_auc": 0.7087653836332244, "_timestamp": 1775756287.0245137, "_runtime": 11.279438734054565, "_step": 0, "_wandb": {"runtime": 9}}