{"accuracy": 0.8338316134632077, "weighted_f1": 0.7995401838804195, "roc_auc": 0.7157306582613303, "_timestamp": 1775756452.051502, "_runtime": 19.85738492012024, "_step": 0, "_wandb": {"runtime": 16}}