{"accuracy": 0.8329636416240718, "weighted_f1": 0.8039887698778787, "roc_auc": 0.6694354220899253, "_timestamp": 1775764639.7748754, "_runtime": 11.799541473388672, "_step": 1, "roc_curve_table": {"_type": "table-file", "sha256": "ea8344e5712b886d490559d2d7e758cf43d55208d9e1b7096e284aaa34b60994", "size": 145092, "artifact_path": "wandb-client-artifact://t5mu2arfqrqjmusnixq90ebhb1baxots5jdsvejya0h0cf32sz4tpu0rcupf8w4rqycqw8kripw3q1ey8aaleo5ywmctbwkm97j09o9t473a64e1quiwmc5wch12zlt2:latest/roc_curve_table.table.json", "_latest_artifact_path": "wandb-client-artifact://t5mu2arfqrqjmusnixq90ebhb1baxots5jdsvejya0h0cf32sz4tpu0rcupf8w4rqycqw8kripw3q1ey8aaleo5ywmctbwkm97j09o9t473a64e1quiwmc5wch12zlt2:latest/roc_curve_table.table.json", "path": "media/table/roc_curve_table_1_ea8344e5712b886d4905.table.json", "ncols": 3, "nrows": 4726}, "_wandb": {"runtime": 10}}