{"accuracy": 0.8362426463496963, "weighted_f1": 0.7953059024265768, "roc_auc": 0.7231333254565065, "_timestamp": 1775761392.884862, "_runtime": 13.052028894424438, "_step": 1, "roc_curve_table": {"_type": "table-file", "sha256": "83aef3008559d50f80dd74ac751b7ce049ec10c8eba0ff4582f0d2cd9f87a326", "size": 80439, "artifact_path": "wandb-client-artifact://h16kfw6akaqfxxdw50cfmyzs9yssguiqwby2flkhqovem5qd4i38lgfth6kk4c3ha4cu0k2n7i5u2cdcgwjbcprwm7lywonrzza6zpg9g39gwkbigosc881eao3sg1av:latest/roc_curve_table.table.json", "_latest_artifact_path": "wandb-client-artifact://h16kfw6akaqfxxdw50cfmyzs9yssguiqwby2flkhqovem5qd4i38lgfth6kk4c3ha4cu0k2n7i5u2cdcgwjbcprwm7lywonrzza6zpg9g39gwkbigosc881eao3sg1av:latest/roc_curve_table.table.json", "path": "media/table/roc_curve_table_1_83aef3008559d50f80dd.table.json", "ncols": 3, "nrows": 2621}, "_wandb": {"runtime": 11}}