{"accuracy": 0.8296846368984473, "weighted_f1": 0.7916475778687658, "roc_auc": 0.7146818460741007, "_timestamp": 1775756783.6684546, "_runtime": 19.14238166809082, "_step": 0, "_wandb": {"runtime": 15}}