{"accuracy": 0.8139647024785418, "weighted_f1": 0.7882010177686529, "roc_auc": 0.7019967755828533, "_timestamp": 1775761807.0423074, "_runtime": 13.303680419921875, "_step": 1, "roc_curve_table": {"_type": "table-file", "sha256": "32fd046fc8b67e64b484e7df856af23055f136b27470aa6318781cc3a5ef685a", "size": 114566, "artifact_path": "wandb-client-artifact://ptu8wgee3bqcc95bshq7n1telixb7kmyikcqrbxrwyy6n22fhtrkenibfq2sp7s5mfruimp3o6ogkloz94r0iltd7kqikgtzhuopn627ziag1gvpxm8ymg649pe54y01:latest/roc_curve_table.table.json", "_latest_artifact_path": "wandb-client-artifact://ptu8wgee3bqcc95bshq7n1telixb7kmyikcqrbxrwyy6n22fhtrkenibfq2sp7s5mfruimp3o6ogkloz94r0iltd7kqikgtzhuopn627ziag1gvpxm8ymg649pe54y01:latest/roc_curve_table.table.json", "path": "media/table/roc_curve_table_1_32fd046fc8b67e64b484.table.json", "ncols": 3, "nrows": 3744}, "_wandb": {"runtime": 11}}