fips_code,county,state,composite_score,is_best,health_impact_score,finance_score,hpsa_need_category,geoid,diabetes_pct_reduction_mean,high_bp_pct_reduction_mean,high_cholesterol_pct_reduction_mean,asthma_pct_reduction_mean,no_checkup_pct_reduction_mean,roi_mean,roi_std,hpsa_multiplier_val
01001,Autauga County,Alabama,0.9990589015145405,1,0.3021510585078719,0.3868550804676733,3,1001,0.0349149991464167,0.09688891172511321,0.11979396459581396,0.02404131812550389,0.37330613401412244,140.103276989995,5.280566752507129,1.45
01003,Baldwin County,Alabama,0.9042471396446135,0,0.29889290408805297,0.39668181871549585,2,1003,0.03572753347682273,0.09286770485921256,0.12612764277186714,0.022347511057819795,0.3767472028380425,146.01314229793655,1.6783372196858155,1.3
01005,Barbour County,Alabama,1.1364145667813186,1,0.4144073156132471,0.36932686837386913,3,1005,0.0521078791227531,0.11606484690122612,0.1283066095802032,0.02728562188228913,0.3853324672561715,129.56169442709648,11.094940718608685,1.45
01007,Bibb County,Alabama,0.9916301531621345,0,0.3178922622325685,0.3659906020171795,3,1007,0.03789883303523835,0.10144816035443767,0.1219214825053147,0.02425448487589705,0.3712082935449753,127.5552417973216,11.64144856884101,1.45
01009,Blount County,Alabama,0.7945873194431959,0,0.30418494399746177,0.3867605511705347,1,1009,0.03658354479159094,0.09713576264987772,0.1244363880920983,0.02333355746173743,0.369175782862545,140.04642644613656,5.114347985118839,1.15
01011,Bullock County,Alabama,1.1464694050189346,1,0.45364860337561064,0.33701995180986155,3,1011,0.05820668593179204,0.12611220515076677,0.12477201138346704,0.0276560449374334,0.40036188652948246,110.13210135225326,18.92401781048842,1.45
01013,Butler County,Alabama,1.119198386441127,1,0.4111872377502396,0.36067371841605506,3,1013,0.0486714259625466,0.11494494314178673,0.13144091462855956,0.026083180435162744,0.39609510320108154,124.35763287071659,13.432274620053526,1.45
01015,Calhoun County,Alabama,1.0777702834406924,1,0.350085357668244,0.39320449298050925,3,1015,0.04438449884133124,0.10689627868027922,0.11957582844027469,0.026186120037226132,0.37085947940486336,143.92185562606826,3.0766275085738686,1.45
01017,Chambers County,Alabama,1.1147024092839852,1,0.3914914899871055,0.37726879227771193,3,1017,0.047757924032001735,0.11518220965179912,0.12595108560515422,0.025845383586281488,0.3872977650602632,134.33801993551555,8.49807977641486,1.45
01019,Cherokee County,Alabama,1.0536230410062217,1,0.35708580320501004,0.3695507767992808,3,1019,0.042621037803121514,0.10563005727400208,0.13305801803967057,0.024150161746015,0.3788381896727633,129.69635443351208,10.614947255835778,1.45
01021,Chilton County,Alabama,0.8858429418560548,0,0.2987298804210269,0.38268776716055375,2,1021,0.03779647584792377,0.09779187174034568,0.11600833789979784,0.02397556668748839,0.36775492694448625,137.5970272334671,6.658295934030814,1.3
01023,Choctaw County,Alabama,1.1303936114374278,1,0.43381432656734176,0.3457674744239878,3,1023,0.053327308812267174,0.12186229433855432,0.13093460453462372,0.026123006874778625,0.39925728662864923,115.39291924766364,17.895783721406396,1.45
01025,Clarke County,Alabama,1.1213522061394323,1,0.4063738453566748,0.3669725037050027,3,1025,0.05035540298259225,0.12051770453055696,0.12679211101197185,0.0261899405945325,0.3850855696392376,128.14576395984705,11.958972855383497,1.45
01027,Clay County,Alabama,0.833270227457318,0,0.37167349858839127,0.35290930789623315,1,1027,0.04469565376922373,0.10889374664926191,0.13124552470464518,0.0255098875866856,0.377093754961582,119.6880650842866,15.978116237972136,1.15
01029,Cleburne County,Alabama,0.9770583155739717,0,0.3196254715033868,0.35420784958211093,3,1029,0.0381687960294186,0.09869314436627993,0.129333505719862,0.0236499316565392,0.3694697386145857,120.46901663369675,15.545466083961209,1.45
01031,Coffee County,Alabama,0.8168527352231575,0,0.3247508119907193,0.3855559142902872,1,1031,0.03928252210298745,0.10114165976770916,0.12172810886858891,0.02367663037628861,0.38033225216604366,139.32194986726572,5.58968558290435,1.15
01033,Colbert County,Alabama,1.0534231849841325,1,0.3399309561044597,0.38656779216045917,3,1033,0.04049594784243163,0.1052243213858386,0.12119265040851211,0.024276160204723507,0.38386702015426644,139.9304999039097,5.119046713380805,1.45
01035,Conecuh County,Alabama,1.098531630220506,1,0.41668991860498045,0.34091810223674773,3,1035,0.05296584777270974,0.1179073643050655,0.13038862240062987,0.02588069568643504,0.39037140776933343,112.4764747742376,18.557505816626016,1.45
01037,Coosa County,Alabama,1.0531050050294828,1,0.39159976377464906,0.3346795500387873,3,1037,0.04605460155721313,0.11292639842167457,0.13344003912023078,0.024838563930743168,0.3907977131997388,108.72456826398955,20.2023898282646,1.45
01039,Covington County,Alabama,1.083416180532,1,0.3677545221770363,0.37942905060365334,3,1039,0.04274461413147612,0.10824765694270025,0.13429106956149697,0.02426391896400311,0.383277353213712,135.63721356566052,7.782579063740487,1.45
01041,Crenshaw County,Alabama,0.8186646882947081,0,0.3654133055849015,0.34646903206267077,1,1041,0.044344783282402614,0.10754052044447088,0.13151221464038562,0.024668122891545716,0.37922576767595256,115.81484064679042,17.66287831532482,1.15
01043,Cullman County,Alabama,0.8033984638421887,0,0.30746736880986525,0.3911399910529076,1,1043,0.03705678018122221,0.09721942198243128,0.12691947975807524,0.023233505670168988,0.3682865620114144,142.68025052655165,3.530090916937094,1.15
01045,Dale County,Alabama,1.0383059301414583,1,0.3320104333742972,0.38406262189567403,3,1045,0.04048718527244828,0.09980233901280725,0.12604623463421125,0.024186665563902074,0.3765255228748409,138.42387395489544,6.473430100983058,1.45
01047,Dallas County,Alabama,1.2150524632920379,1,0.45925591089634865,0.37871130516712564,3,1047,0.055797506405227716,0.1253610618562704,0.1274814819850582,0.02853314903494302,0.40240736278700134,135.20555671795643,8.095969663225823,1.45
01049,DeKalb County,Alabama,1.0256109817117551,1,0.318506677586007,0.388811240835893,3,1049,0.040065123432384456,0.09926268408285174,0.12738696091788101,0.02483108750235058,0.35691631048358985,141.2797247598818,4.627652925630493,1.45
01051,Elmore County,Alabama,0.9891499481242306,0,0.2915401624117064,0.3906322156050045,3,1051,0.033856979167464066,0.09427181480059565,0.12239639865606537,0.02303117040051727,0.3719916038562657,142.37487101728755,3.897832227004685,1.45
01053,Escambia County,Alabama,1.067208143104101,1,0.35755319192635276,0.37845242400750995,3,1053,0.048845887831269405,0.11083305045656573,0.11703503316154334,0.025445654245783298,0.3718046344552203,135.04986387812409,8.320889686666973,1.45
01055,Etowah County,Alabama,1.1062616126085447,1,0.37075501950196804,0.39218402367633864,3,1055,0.045346832162646886,0.10364753974621327,0.12591229463245085,0.02560922410049956,0.38989714370251694,143.30813864425355,3.2281820769419616,1.45
01057,Fayette County,Alabama,0.8345441455582162,0,0.36995372320182757,0.3557368381531431,1,1057,0.04310533250978576,0.10883312437059214,0.13556628350442307,0.02429596297622692,0.38164810219939244,121.38856046241168,15.435477198347517,1.15
01059,Franklin County,Alabama,0.9851436224409167,0,0.3033211143722979,0.3760882804145412,3,1059,0.03827499563918581,0.0977676093434112,0.12390826466476547,0.023665313663520055,0.3615262287339646,133.62805230130974,9.13646145148202,1.45
01061,Geneva County,Alabama,0.8473155672083108,0,0.3658342830495254,0.3709618623490058,1,1061,0.04462326052902989,0.10623970091971295,0.13559528314382568,0.024974188713245717,0.372210266365826,130.5449906062223,10.907719926065122,1.15
01063,Greene County,Alabama,1.20906699772573,1,0.5152210639086772,0.3186182448676884,3,1063,0.0693030239114555,0.13407259393885088,0.12800465863797642,0.02980880791670553,0.4061231723882814,99.06519321632588,23.82344354385104,1.45
01065,Hale County,Alabama,1.1244166924206247,1,0.42251853583982635,0.35294125203646654,3,1065,0.05385342186701732,0.11662368373259098,0.12519760314687606,0.026672453206395,0.3984712800786212,119.7072765012793,15.548876518353255,1.45
01067,Henry County,Alabama,0.8633330544325458,0,0.39086551263457714,0.35985888252415843,1,1067,0.047160564606048234,0.1152530113019476,0.12988179599660757,0.02462310669246858,0.3910950288237809,123.8675851816726,13.59811844950335,1.15
01069,Houston County,Alabama,0.985680439727433,0,0.3659226856658998,0.39229303720135633,2,1069,0.04206953490585876,0.10992673334148093,0.12123517635265069,0.025492684058600553,0.3915836999657825,143.37370009845642,3.309098720982006,1.3
01071,Jackson County,Alabama,1.071046538537849,1,0.3531655327040368,0.3854872524944797,3,1071,0.040751061867232284,0.10523367277164176,0.13221735940013007,0.024684295205626674,0.3770261750568293,139.2806562096155,5.485008574517107,1.45
01073,Jefferson County,Alabama,1.042529493196451,1,0.32018717934053137,0.3987986780363314,3,1073,0.04269195190117238,0.09819103997700529,0.10611538557590686,0.024239875075059147,0.39172910823349466,147.2862354796717,1.2288050467539209,1.45
01075,Lamar County,Alabama,1.051757241466251,1,0.37590518665758366,0.34944463504327916,3,1075,0.04462111415190023,0.10916975060489323,0.1351488234694276,0.024779132904168368,0.380826299089171,117.60438793927086,16.38548985193034,1.45
01077,Lauderdale County,Alabama,0.8007899877646862,0,0.3046309261061892,0.3917081936891902,1,1077,0.03846872952791524,0.09489447461092157,0.11587960108604328,0.024190332129514467,0.37529667177835674,143.02197134615236,3.4183191946294684,1.15
01079,Lawrence County,Alabama,1.0390283742762019,1,0.3393612496718618,0.37721004293241533,3,1079,0.041770686894785726,0.10282658899262395,0.12271648920273173,0.025215172642580386,0.3742042698016365,134.3026876910946,8.58568249908901,1.45
01081,Lee County,Alabama,0.9289546128212036,0,0.2450559371062818,0.3956024165635138,3,1081,0.028972479357486765,0.08176276938775624,0.09920100631463444,0.024459888806957642,0.37811508241876485,145.36398271207605,2.059487632303312,1.45
01083,Limestone County,Alabama,0.675261507261711,0,0.28264376324643536,0.39261774401527566,0,1083,0.03435202601753819,0.09674277961126966,0.12148553336324151,0.02310283999325367,0.35850289490018256,143.56898092170002,3.1391618507747907,1.0
01085,Lowndes County,Alabama,1.164298813699701,1,0.4696608059416425,0.3333038931615996,3,1085,0.06083753875213398,0.12577274902285374,0.12054476451209742,0.029418254465446374,0.4048528000090401,107.89723912902208,20.735757765762116,1.45
01087,Macon County,Alabama,1.1549932194156924,1,0.4363156682848118,0.36023137958807966,3,1087,0.055852755780835005,0.11950555903372376,0.11295808699327334,0.028584187209086374,0.40876535872571507,124.0916073770197,14.2609528173883,1.45
01089,Madison County,Alabama,0.9933434452015525,0,0.28686050809432495,0.3982039368722629,3,1089,0.03642298475077142,0.09203549661639247,0.11026563782728152,0.023156406338252413,0.382123748392397,146.9285542141193,1.319984466101371,1.45
01091,Marengo County,Alabama,1.1330297143433796,1,0.41849001549694115,0.3629097874984932,3,1091,0.052261464752441214,0.11824324801405853,0.12506300966492737,0.026770179178364682,0.3950925214226945,125.70241959070374,12.514202364755524,1.45
01093,Marion County,Alabama,1.045433597613314,1,0.3464756012282248,0.3745130867809572,3,1093,0.041086479173099426,0.10424857572041712,0.13272777809659664,0.024092445050183937,0.3742117844435944,132.6807204426972,8.763455245839186,1.45
01095,Marshall County,Alabama,0.8377479462008223,0,0.3363861738525183,0.39209030110471843,1,1095,0.037226082578809404,0.10125166841994149,0.132933321843339,0.023766954536963078,0.3793638912434591,143.2517732704519,3.3657217138191595,1.15
01097,Mobile County,Alabama,1.1028855423373272,1,0.36245530059733705,0.3981554182559921,3,1097,0.04636493233248546,0.10377097483902395,0.12031257356830216,0.026008144483674035,0.3841119674271903,146.89937479772934,1.3500333745713866,1.45
01099,Monroe County,Alabama,1.155014623268124,1,0.4344446733791613,0.3621171357712689,3,1099,0.05526958094277334,0.12009893774561185,0.12737114219638743,0.026993747179917628,0.39680487677200743,125.2257136048655,13.93071477638494,1.45
01101,Montgomery County,Alabama,1.08928213727362,1,0.3547645682548968,0.3964644919338068,3,1101,0.0459687925387948,0.10409383871303036,0.11023468546695732,0.026317019596510432,0.38980533162199,145.88244053554095,1.83069490794408,1.45
01103,Morgan County,Alabama,0.8012478592569449,0,0.3032910095920056,0.39344625932707683,1,1103,0.037741195228054705,0.09234243580275621,0.12077848106792956,0.023411603177921944,0.3776460074749955,144.06725550425512,2.852538610948538,1.15
01105,Perry County,Alabama,1.0516497781593226,1,0.4857905395256654,0.32317082828919813,2,1105,0.06259807865344423,0.12759372850463263,0.126261784986533,0.029104560809930832,0.4085678684697612,101.80314696514505,23.441595206101884,1.3
01107,Pickens County,Alabama,1.1004167760600958,1,0.39715446672763693,0.36175365469311876,3,1107,0.04908667416085944,0.1177008332136702,0.12643290732593074,0.025357010527829883,0.3893574024694291,125.0071136829302,13.413766407888234,1.45
01109,Pike County,Alabama,1.0169402118919522,1,0.3246258084071262,0.37671226875973735,3,1109,0.0399889616901834,0.10234567426650719,0.11649992201685419,0.02494765666944314,0.37524180057998247,134.00332301482976,8.955796415793948,1.45
01111,Randolph County,Alabama,1.0228695713963116,1,0.33791470984520194,0.3675125807729441,3,1111,0.04118461009429072,0.10312407031477289,0.12583998433989393,0.0243797421238709,0.37508846930800044,128.47056987682046,11.750223873347492,1.45
01113,Russell County,Alabama,1.1094222577959088,1,0.3789470203404924,0.3861717781394447,3,1113,0.04624252977455537,0.1077523966325917,0.11796476869995758,0.026892176736770725,0.39311428781840124,139.69233445518918,5.366733422258633,1.45
01115,St. Clair County,Alabama,0.9040106598561268,0,0.3041083134909898,0.3912845017829539,2,1115,0.03505407848780513,0.09972887129638935,0.12493180436660517,0.023097412027597238,0.3699780963638866,142.7671602343904,3.674910717138262,1.3
01117,Shelby County,Alabama,0.6333695112651357,0,0.23698127866701454,0.39638823259812117,0,1117,0.02865687319942329,0.08322228883911806,0.11224775870267639,0.021839259447250833,0.3675499644900812,145.83657766721078,1.7861105013953362,1.0
01119,Sumter County,Alabama,1.1504040966687614,1,0.4519347975829145,0.34144733805071414,3,1119,0.057985645474931624,0.12357573506000953,0.12123998245539168,0.028028509915393525,0.4055231065760373,112.7947606894418,19.101542845083976,1.45
01121,Talladega County,Alabama,1.0893654516526017,1,0.36120606544725964,0.390080452933845,3,1121,0.04352668293574978,0.10812695837548095,0.12215824079945341,0.026042405329121335,0.38005518531252774,142.04303730133148,4.030746626311645,1.45
01123,Tallapoosa County,Alabama,1.1109171019921853,1,0.38470512859011746,0.38144459692173444,3,1123,0.04664842347403414,0.11266914461949361,0.12833227310738407,0.02484511102004979,0.39031505186937493,136.84937643815957,6.859824587614401,1.45
01125,Tuscaloosa County,Alabama,0.9863208402466773,0,0.2836318175891594,0.39658945154648007,3,1125,0.034277700696648275,0.09187866033079779,0.10494893139068819,0.025133536817488866,0.37741826306983023,145.9575920722164,1.7878900739273669,1.45
01127,Walker County,Alabama,1.042427544380254,1,0.3309921638114011,0.38792338403704985,3,1127,0.040393302411437536,0.10240691550516708,0.1216271539124099,0.024543585875788435,0.3760180914888302,140.74576181494774,4.692940569705714,1.45
01129,Washington County,Alabama,1.042248187585502,1,0.36487717661838454,0.35391467688885825,3,1129,0.04691287767869432,0.10582698140224797,0.12409679632297795,0.02521688750887146,0.3824112618526297,120.29270063896944,15.192114401768942,1.45
01131,Wilcox County,Alabama,1.1930134278953846,1,0.4886697199173168,0.33409816138984505,3,1131,0.06359566485237846,0.1286850115287433,0.12759185647256935,0.029435861938879076,0.4030159310808537,108.37491728925478,19.36776424313156,1.45
01133,Winston County,Alabama,0.9413400239972963,0,0.355662406959248,0.36844530380790297,2,1133,0.041478297994053094,0.10571255241849571,0.13605371027617794,0.02407096633251264,0.37587377716452763,129.03151567258772,11.604217492432502,1.3
02013,Aleutians East Borough,Alaska,0.5783490730194425,0,0.13251350249008728,0.2663479271784938,3,2013,0.0332177678097821,0.0772518423423586,0.0988515934707396,0.0194584470886073,0.2926768553024649,67.6294788057072,31.43374564766761,1.45
02016,Aleutians West Census Area,Alaska,0.4880988277329802,0,0.12563600741929365,0.2987977558267761,1,2016,0.0304333241229712,0.0742845961162989,0.10004904417358665,0.0197741633132745,0.29219158105090237,87.14502015225975,26.39036750030842,1.15
02020,Anchorage Municipality,Alaska,0.7579378567442113,0,0.1251826867033828,0.3975330765684871,3,2020,0.021193807305184224,0.06660314106823999,0.09645469446593032,0.02248174191373415,0.3105436065421136,146.52509439502435,1.4807137049223944,1.45
02050,Bethel Census Area,Alaska,0.9097695466134431,0,0.2657498975227577,0.3616773760037548,3,2050,0.03839762969363473,0.0854416179266819,0.09643728880936893,0.0303886626501453,0.33127771816537077,124.96123917517,13.758758351806168,1.45
02060,Bristol Bay Borough,Alaska,0.3833504689721561,0,0.1960168178515495,0.1373314160372819,1,2060,0.0302522019530753,0.0781362957939849,0.1081399330008072,0.0241475027343688,0.3163196008108793,-9.961903412502576,31.1452942492219,1.15
02068,Denali Borough,Alaska,0.3973680759806505,0,0.14725283678312606,0.19828462059135266,1,2068,0.0248036490442238,0.075391644619328,0.1068250733426121,0.0222551297953241,0.2978668736274747,26.695756526876263,32.77005598627245,1.15
02070,Dillingham Census Area,Alaska,0.7271020618951405,0,0.2097149420870764,0.2917347557716412,3,2070,0.03461487836971515,0.08183237011858491,0.0972978760998852,0.02824361618903775,0.30080509430009184,82.897285253543,29.428064902892576,1.45
02090,Fairbanks North Star Borough,Alaska,0.730726497075506,0,0.1116964835108658,0.39225282481706936,3,2090,0.01979487286420417,0.0670531536921431,0.0918811834936453,0.022481073326419236,0.3060127437741304,143.3495161048612,3.3063056300080333,1.45
02100,Haines Borough,Alaska,0.49462769960768055,0,0.2070566646199151,0.22305437851719845,1,2100,0.0279786805441414,0.0826718656731444,0.1129380357601932,0.0221657639434734,0.3344502169875066,41.59245259838325,32.51687958456373,1.15
02105,Hoonah-Angoon Census Area,Alaska,0.5791424595370004,0,0.2676885715360285,0.23591356719179793,1,2105,0.041800207125467545,0.092921576656043,0.1121973243975603,0.026352039410384852,0.31999714704789217,49.32605362852465,31.172756827577626,1.15
02110,Juneau City and Borough,Alaska,0.7715358402690813,0,0.15510524979980958,0.3769884331443844,3,2110,0.022970799290862685,0.0690111805327327,0.10358088436148324,0.022128724128987583,0.3261905517045566,134.16941010038698,8.601959111890425,1.45
02122,Kenai Peninsula Borough,Alaska,0.8324481934033152,0,0.18630294538724756,0.3877992569598664,3,2122,0.026224372224988902,0.08288924376042278,0.11127325007310654,0.02343591785605147,0.3091521883576473,140.67111097061644,4.820843428539791,1.45
02130,Ketchikan Gateway Borough,Alaska,0.739228434172057,0,0.15824759163800015,0.35156512158410813,3,2130,0.02550829016523785,0.07527290341578542,0.10051307931598046,0.022970648973540425,0.31254355038822035,118.87966255507524,15.67391166820742,1.45
02150,Kodiak Island Borough,Alaska,0.5253353971420116,0,0.10756206104925227,0.34925132776988826,1,2150,0.02358580105443278,0.06632680847341478,0.09579009644637476,0.02114715557820676,0.2974859418458768,117.48813166786374,17.02968664971549,1.15
02158,Kusilvak Census Area,Alaska,0.8929161608393175,0,0.28596589360393765,0.3298383552507641,3,2158,0.0460901936148271,0.0910428625260668,0.0930859547586835,0.0338001715726258,0.3053109402841415,105.81304173248095,22.306376909972325,1.45
02164,Lake and Peninsula Borough,Alaska,0.5993506969384034,0,0.231506890715442,0.1818384175179397,3,2164,0.0373912587694659,0.0840863837499797,0.1001686529939599,0.0288703218481537,0.3047899092117647,16.804901337723184,33.18756930107524,1.45
02170,Matanuska-Susitna Borough,Alaska,0.8227497172901065,0,0.17369861463071323,0.3937149835003947,3,2170,0.024598194310572793,0.0763102465196043,0.10694020842189372,0.023281168256130937,0.31731441827922213,144.22886799756117,2.775588437642805,1.45
02180,Nome Census Area,Alaska,0.7851640655771588,0,0.20208408832377098,0.3394083706949592,3,2180,0.0332443500122845,0.0775095539030698,0.09504104804287936,0.028158074769300552,0.30654948026496615,111.56851225014186,18.18822149706148,1.45
02185,North Slope Borough,Alaska,0.725102663859508,0,0.15842789042181107,0.3416429122399186,3,2185,0.028359941936072004,0.07273391535854186,0.09493099407578359,0.023914395399418236,0.3111610305811742,112.9123802989968,18.80557531226882,1.45
02188,Northwest Arctic Borough,Alaska,0.7975431188079932,0,0.22797759430397976,0.32205214280498107,3,2188,0.03604635705142095,0.0800609942554312,0.09410635730043015,0.0298529409886644,0.3122676678502358,101.13036212373164,23.512812692971675,1.45
02195,Petersburg Borough,Alaska,0.5129498282584721,0,0.18152619179473622,0.2645171371256743,1,2195,0.0267495483592374,0.0765365362529106,0.1122168873207089,0.0227469028660299,0.3159296180164035,66.52842957182939,31.44792239443523,1.15
02198,Prince of Wales-Hyder Census Area,Alaska,0.7951839713423466,0,0.23987723418927012,0.3085255046675207,3,2198,0.033708329392633254,0.0887352083613873,0.11586697839864453,0.024587028197747524,0.3237178110168193,92.99535257675714,24.153579450260818,1.45
02220,Sitka City and Borough,Alaska,0.5390351170022796,0,0.13935334626905704,0.32937284242857745,1,2220,0.02422736580050455,0.0732394019654597,0.1005968083911932,0.0221310829015779,0.3046965677478837,105.5330792455538,21.945337087047037,1.15
02230,Skagway Municipality,Alaska,0.331600030745432,0,0.12700186963998666,0.16134598318212812,1,2230,0.0215238247510881,0.0706698893367506,0.1016760867046425,0.0220729061466073,0.3005963436860516,4.480615933731851,34.05972733997733,1.15
02240,Southeast Fairbanks Census Area,Alaska,0.7145810109025376,0,0.1738469754969305,0.31896751478068164,3,2240,0.028808520845798002,0.0789974563842547,0.11146496713363829,0.023306328243383648,0.29601591280276796,99.27524644964204,23.63429350909469,1.45
02275,Wrangell City and Borough,Alaska,0.5173429920112002,0,0.225762568888455,0.22410090242563216,1,2275,0.0319950111044506,0.0882000048294887,0.1213681828260443,0.0237689854823271,0.3111652809952314,42.22183899134576,32.830211227605794,1.15
02282,Yakutat City and Borough,Alaska,0.3669775703283237,0,0.20160270940964353,0.11750822131063794,1,2282,0.0322283086940749,0.0812498456095299,0.1057698889192434,0.0243240532487728,0.3152651565554795,-21.88370369384432,26.87397317992224,1.15
02290,Yukon-Koyukuk Census Area,Alaska,0.824495706510128,0,0.26916629494080035,0.29945143368687416,3,2290,0.043294348933424376,0.08976140808282196,0.10578566013863233,0.028172829731996477,0.31885244086060477,87.53814633620173,26.05363813810831,1.45
04001,Apache County,Arizona,1.0405625569130055,1,0.3287573836638682,0.388871965931308,3,4001,0.05112756228348284,0.08400590015904336,0.10072260121248396,0.032389505595309905,0.348030479030917,141.3162452334778,4.585310630109692,1.45
04003,Cochise County,Arizona,0.9715621873006195,0,0.2760035061763649,0.39403938161716584,3,4003,0.036027891299273106,0.08554632673652234,0.11539840230231801,0.02549985320188231,0.3552523222661459,144.42396316830028,2.701320137938597,1.45
04005,Coconino County,Arizona,0.8621968163672109,0,0.19967436960588225,0.39494412444047017,3,4005,0.02828974476870028,0.06473597607083124,0.09412013790994472,0.028342328981102036,0.334933551491371,144.96808147991197,2.2680553560981087,1.45
04007,Gila County,Arizona,1.0283736840182294,1,0.3221749342037945,0.3870482961536051,3,4007,0.042170531800350804,0.09298376202544151,0.12549318274483764,0.02690071836125562,0.3522868347557058,140.21947818009912,4.953846785597228,1.45
04009,Graham County,Arizona,0.8665770621992581,0,0.21559912186072208,0.38204023138014565,3,4009,0.03287313795897821,0.0746376916200173,0.10088626776477191,0.02561602192630142,0.3362973463226126,137.2075949368317,7.068007288379437,1.45
04011,Greenlee County,Arizona,0.8085448371296408,0,0.22064752531818418,0.3369696037367405,3,4011,0.03369093115216843,0.07442770851253294,0.11162163065880984,0.023884299487308035,0.33636123096719733,110.10182168842628,19.92144500912308,1.45
04012,La Paz County,Arizona,1.0563736332244906,1,0.36985098728018234,0.35868255287463874,3,4012,0.04581301053612882,0.10194887041246435,0.13642828172270208,0.026129342447215088,0.3699014010556294,123.16013275838864,14.876232084568189,1.45
04013,Maricopa County,Arizona,0.886075982529509,0,0.21114921060252773,0.39993767390058194,3,4013,0.028627990024162255,0.07120065887157902,0.10500418551015125,0.02457698093163802,0.34835454738448335,147.9712351178288,1.0607756412974705,1.45
04015,Mohave County,Arizona,1.0356255173735933,1,0.31763150618876973,0.39659298855163944,3,4015,0.041955249216906375,0.08827312770882008,0.12829551992929575,0.026210416148903893,0.35577650968579844,145.9597192504884,1.7416002542343476,1.45
04017,Navajo County,Arizona,1.0488810494095244,1,0.3298639383117334,0.39350230266035235,3,4017,0.04300105274212178,0.08366297917014161,0.11274840859108258,0.03363511286088582,0.3411289558244915,144.10096033516783,2.8095035955737515,1.45
04019,Pima County,Arizona,0.950405937975819,0,0.2560404269903476,0.3994119440274586,3,4019,0.029726916471896694,0.07388633400780596,0.11221098499173623,0.026527858144589085,0.363624246366012,147.65505769861156,1.1029730727553957,1.45
04021,Pinal County,Arizona,0.9811159559113666,0,0.27821584145361317,0.3984158522783638,3,4021,0.034619099411789894,0.07529964539754239,0.11389342176474165,0.02702181894425853,0.367004868549974,147.05600153948296,1.276097162173487,1.45
04023,Santa Cruz County,Arizona,0.988102405124501,0,0.29671277889781816,0.38473715567080324,3,4023,0.047715944848489844,0.08562344881363114,0.12005131477104156,0.02382836404307909,0.3543620114487846,138.82954302393307,6.051228262961649,1.45
04025,Yavapai County,Arizona,0.9800068435882503,0,0.2788685867992326,0.39699820188231927,3,4025,0.030877691913137398,0.08750962893230126,0.12337912254873212,0.025610723254341487,0.3545521370531892,146.20341722482195,1.660160082801283,1.45
04027,Yuma County,Arizona,1.0057681743303823,1,0.29715632699623007,0.3964768966798957,3,4027,0.040944177808908626,0.08490803598617047,0.12205919828441067,0.02471508639792796,0.36243039240957414,145.88990083179755,1.845559226854715,1.45
05001,Arkansas County,Arkansas,1.0179933379536263,1,0.34350217437606945,0.3585621966264316,3,5001,0.04211148881266435,0.0989532863153639,0.12981379017800004,0.0250974764383003,0.37332120768523647,123.08774971551772,14.59116333009412,1.45
05003,Ashley County,Arkansas,1.0614978167070284,1,0.3719771174672863,0.3600903423306643,3,5003,0.04316802426681585,0.10668420271021309,0.12982330908466788,0.025652780889125888,0.38553369467056775,124.0067866385706,13.46633123079603,1.45
05005,Baxter County,Arkansas,1.0887101565190613,1,0.36910743391737166,0.38172715678542934,3,5005,0.040876885050303645,0.10212282399083507,0.1410429760894176,0.022879267104736322,0.3982568709442962,137.01930980707138,6.784789172466639,1.45
05007,Benton County,Arkansas,0.8926293595702731,0,0.21831042442862458,0.39729603044742584,3,5007,0.027328430505952874,0.07733684531814801,0.10967009357194502,0.021376229908584277,0.3670685504311078,146.38253329164377,1.5657734403416257,1.45
05009,Boone County,Arkansas,0.8051753205883121,0,0.31966161928455716,0.3804908334009317,1,5009,0.03712725145920637,0.09532369415010453,0.1323338844674194,0.0240138249855349,0.3695604162114168,136.27577675519035,7.179354233233967,1.15
05011,Bradley County,Arkansas,1.0447926656042952,1,0.385445482504914,0.33510118342908274,3,5011,0.04485909972581214,0.10749384964188058,0.12926542818983106,0.02546711123301962,0.3969218699267668,108.97814137066398,19.76841274916412,1.45
05013,Calhoun County,Arkansas,0.9479797760719564,0,0.37014268070688794,0.2836364752048061,3,5013,0.0420674309451573,0.10293877353096526,0.13293278601324254,0.0249670800822291,0.39212070357505824,78.02692581494485,28.30049032561257,1.45
05015,Carroll County,Arkansas,1.024369041739544,1,0.332920055427048,0.3735413526691893,3,5015,0.03858439629674422,0.09913896866206837,0.13224919166682172,0.02318426685070648,0.38098820785918824,132.0963131275891,9.401662099976436,1.45
05017,Chicot County,Arkansas,1.1639799500225414,1,0.46800820694013623,0.3347365861788579,3,5017,0.05663728021044548,0.11962849696816884,0.13385265757689457,0.028203991926688425,0.41074091973886145,108.75887017546836,19.585663445460924,1.45
05019,Clark County,Arkansas,0.9751037582764479,0,0.30739684542726575,0.36508850510821556,3,5019,0.03379760103392338,0.08714356402283828,0.11891608680713127,0.02540826304569074,0.3870489104846633,127.01271475607592,12.825688685588766,1.45
05021,Clay County,Arkansas,1.0347744969289139,1,0.36149983738493563,0.35213774670397063,3,5021,0.04109491890095675,0.10520767627752904,0.13868241313925125,0.024486618266692,0.37652101125999254,119.22404308552046,15.859133726418937,1.45
05023,Cleburne County,Arkansas,1.0547955527548374,1,0.35757272647561017,0.3698724823208295,3,5023,0.039598658109858985,0.10329965501409988,0.14159672095620798,0.022907303014449043,0.3861980851232543,129.88983025969426,10.789607646313218,1.45
05025,Cleveland County,Arkansas,0.9825392873437538,0,0.3623381798237991,0.3152751217925829,3,5025,0.0402798776376238,0.10232820685001434,0.13387359318064618,0.02428039409853305,0.3927506605681645,97.05461691079311,25.862371062791173,1.45
05027,Columbia County,Arkansas,1.0867428325099953,1,0.3821493119493672,0.3673285035747674,3,5027,0.04390288001573234,0.10271410838153877,0.12771058267878044,0.026569562573021562,0.3968564027486687,128.35986463363068,11.545896221119946,1.45
05029,Conway County,Arkansas,0.8165318998437525,0,0.34483776137711164,0.36518997761745586,1,5029,0.03945465907702795,0.10100841175804577,0.12873573962260146,0.0243833575965582,0.3852541672135258,127.07374099356646,12.301494494665317,1.15
05031,Craighead County,Arkansas,0.9848310530417924,0,0.28649893707623425,0.3926948926077606,3,5031,0.03041216409521575,0.08698456356118424,0.12047517477138292,0.024896469824232784,0.3745858449172437,143.61537859494467,3.019515331960071,1.45
05033,Crawford County,Arkansas,1.0309341079570482,1,0.32383290250476404,0.38715613746561406,3,5033,0.03560946617381761,0.09263576144540663,0.12954047854778894,0.024463160400694073,0.3826412204604537,140.2843346576537,5.131972138129689,1.45
05035,Crittenden County,Arkansas,1.140719839279567,1,0.40348022378847237,0.3832231136457118,3,5035,0.045606783098502995,0.10546734213632235,0.12580558203741304,0.028757988508414444,0.3978306622068566,137.91898814669943,6.412896615627066,1.45
05037,Cross County,Arkansas,1.0620104788950537,1,0.37439199837112125,0.35802902155650207,3,5037,0.0442192591773406,0.10375710125094263,0.13139616364878223,0.0257736571166833,0.3865216180078349,122.76709470575048,14.363848166808332,1.45
05039,Dallas County,Arkansas,1.032705365263016,1,0.40790207150628516,0.30430852522682933,3,5039,0.0462976969322607,0.11174607003087383,0.13744093327440254,0.0254130109279738,0.3987629870013079,90.45923327935276,25.779423761792085,1.45
05041,Desha County,Arkansas,1.1224973987345792,1,0.43349883172841885,0.34063730532991165,3,5041,0.05377338123178982,0.11459124357887124,0.12954290662103987,0.0280950045992467,0.3958128617543345,112.30760165922861,18.493790811530157,1.45
05043,Drew County,Arkansas,1.0172939686685245,1,0.34475561017225853,0.35682643718534457,3,5043,0.03886015299728366,0.09541114904836982,0.12533108459859235,0.02540773719765442,0.39244833876617125,122.0438525194074,15.23237327799315,1.45
05045,Faulkner County,Arkansas,0.9579285635320475,0,0.2672580430726826,0.3933823455701088,3,5045,0.027709262576215893,0.08139838164548403,0.1147927397974169,0.024559219153080628,0.38028920273937494,144.0288173485335,2.82293302714052,1.45
05047,Franklin County,Arkansas,1.0233753084227573,1,0.3475285703924646,0.3582475043818508,3,5047,0.039553657211471166,0.09732786120055775,0.1387081819287801,0.024922789917396666,0.3736308137880124,122.89849172044104,14.513320468031061,1.45
05049,Fulton County,Arkansas,1.1041495433003237,1,0.41562055376467055,0.3458618898907251,3,5049,0.0469352790685104,0.11201162264897604,0.14859577367792715,0.025244989361463098,0.3888875356170076,115.44970133316666,16.93508732475344,1.45
05051,Garland County,Arkansas,0.9852167291691585,0,0.36589684499639646,0.39196217744141776,2,5051,0.041532814675326074,0.10410290001231438,0.13547135696876034,0.02382493339037659,0.391848044894714,143.17471885282407,3.2687964165014463,1.3
05053,Grant County,Arkansas,0.9538431832968939,0,0.297370676137619,0.36045220889472157,3,5053,0.0327176578486477,0.0898788608176541,0.12683714975369773,0.022962403564155826,0.3810595583679953,124.2244155810633,14.30472522083926,1.45
05055,Greene County,Arkansas,1.0056386431669453,1,0.3105258546881913,0.38301803715108135,3,5055,0.035749833245588135,0.09402884738242223,0.12422470854251932,0.02381499107253838,0.3792530426405009,137.79565378787905,6.553320824857968,1.45
05057,Hempstead County,Arkansas,1.0377293068151119,1,0.35310674392298225,0.3625686400874397,3,5057,0.04205003914204222,0.09988126857061515,0.12635887834355183,0.02524738546284756,0.38663823021573196,125.49725128371996,12.924510190565035,1.45
05059,Hot Spring County,Arkansas,1.045556380155145,1,0.3440048925181038,0.3770684731061342,3,5059,0.038860194069422226,0.09969125590759916,0.13167511458772568,0.024796512602373512,0.3800153712949324,134.21754666221094,8.505246768685993,1.45
05061,Howard County,Arkansas,0.8012631801003091,0,0.3520205456451534,0.34473004574641974,1,5061,0.04063690379548647,0.10105973180533748,0.12908038252736195,0.025220319614939,0.3831006839717493,114.76900278663635,18.8318345279142,1.15
05063,Independence County,Arkansas,1.015058883046716,1,0.3203885037251116,0.37965210527262366,3,5063,0.0351762040424971,0.09396403209676761,0.12921243471314564,0.023990476778369477,0.38214342793432,135.77136011731147,7.837211009474647,1.45
05065,Izard County,Arkansas,1.0425918957373415,1,0.36893959335710946,0.3500893002548502,3,5065,0.041601981587463074,0.10392384384981818,0.14029673871808246,0.0236076773224161,0.3892928420194577,117.9920938568417,16.840585134842442,1.45
05067,Jackson County,Arkansas,1.0676917679512037,1,0.3775728685618827,0.35876628174929226,3,5067,0.0432673034296798,0.10281676217649435,0.1342187044654117,0.02664213237139322,0.382609718130572,123.2104878568057,14.146259290685853,1.45
05069,Jefferson County,Arkansas,1.150720535526117,1,0.4065370670366263,0.38706330229173025,3,5069,0.049148217530810195,0.11114917646302633,0.11992080583659111,0.027808498765370768,0.40052764309975236,140.22850297071383,5.22953215513843,1.45
05071,Johnson County,Arkansas,1.0215559578576583,1,0.3325116554377593,0.37200969480890156,3,5071,0.038613292464651255,0.09504129375416068,0.12701544993132016,0.025948116196191983,0.3737620346961297,131.17516397067976,10.004178757605011,1.45
05073,Lafayette County,Arkansas,1.0971605729604446,1,0.45160790422287816,0.3050545598877733,3,5073,0.05107992056441995,0.1173031084289968,0.14264897390364106,0.027078031189762597,0.40488799426584476,90.90790345352896,26.02806962402844,1.45
05075,Lawrence County,Arkansas,0.9976892692537978,1,0.33205405324022175,0.3560075117623974,3,5075,0.03609431988380574,0.09740219362570163,0.12799589734332628,0.02476687701182925,0.38331356989299664,121.55134535936992,15.415170700408794,1.45
05077,Lee County,Arkansas,1.0734405707481631,1,0.4147091709800035,0.3255946709152815,3,5077,0.04900206319474833,0.11417888382844138,0.13056743576965307,0.0264043826751857,0.3991234184448654,103.26086193490868,22.0937713561052,1.45
05079,Lincoln County,Arkansas,0.9712291706668417,0,0.32330999371551006,0.34650322743403594,3,5079,0.03830800711575527,0.09625580713099074,0.1222253931419556,0.024576833985640048,0.38077425293086387,115.8354059690598,17.206664226252645,1.45
05081,Little River County,Arkansas,1.0238173386019207,1,0.36501008029737964,0.3410708428763588,3,5081,0.04060828586470145,0.10181158069823532,0.13251316425297466,0.025093827765226652,0.3915319879896316,112.56833400406396,19.22235459863722,1.45
05083,Logan County,Arkansas,1.0409020861811966,1,0.35140579843764624,0.36645770927352384,3,5083,0.03974946084781015,0.09987718456737446,0.13663309507357177,0.024254944975976453,0.38184696920483574,127.83616318748574,12.027683602679822,1.45
05085,Lonoke County,Arkansas,0.9858316718728649,0,0.29112548458046494,0.38875842705599367,3,5085,0.033416099820153575,0.08743605372704544,0.1223837489478151,0.023653745205279558,0.3780304767209281,141.24796220370732,4.636156427696136,1.45
05087,Madison County,Arkansas,0.7981110249677051,0,0.3340677950734586,0.35994179185498076,1,5087,0.037879436634904104,0.09665585751237747,0.13307655682428443,0.0244809057113035,0.37646150758697283,123.91744740101484,13.792993040086762,1.15
05089,Marion County,Arkansas,1.0720646133360343,1,0.38104839075279934,0.35830651499618993,3,5089,0.04337433349904048,0.10449491822340948,0.14416454857072208,0.023970327767419326,0.3882913336929481,122.93398109379036,14.458692769993656,1.45
05091,Miller County,Arkansas,1.0707684744355357,1,0.35656131468854585,0.3818997021635476,3,5091,0.0419669588879129,0.09834685819398593,0.1267699398571116,0.026389579685186557,0.3834909741675986,137.1230797374868,6.642014210088422,1.45
05093,Mississippi County,Arkansas,1.1107016132368668,1,0.3860924411981157,0.37990867137903384,3,5093,0.04281516993176153,0.10530391123128241,0.12750456926192102,0.02732089108288914,0.39449365722940605,135.92566066885036,7.697969275722967,1.45
05095,Monroe County,Arkansas,1.0846894835446055,1,0.4371286274143619,0.3109330853750213,3,5095,0.0509058504838698,0.11699145025499104,0.13818375711827463,0.026765963357839533,0.39964895043755877,94.44328752124188,23.864475968272806,1.45
05097,Montgomery County,Arkansas,1.0352438352691131,1,0.38912897879269714,0.32483228691013954,3,5097,0.04318150650128953,0.10809791221945783,0.14582248559663719,0.024302674021760534,0.3869462387921368,102.80235915711094,22.91091145789109,1.45
05099,Nevada County,Arkansas,1.0279240771385305,1,0.3865061372821754,0.322407019365087,3,5099,0.045995743411508604,0.10762273271041266,0.13398574597990062,0.025226004870637735,0.389550019732013,101.3437872316647,23.02776589844821,1.45
05101,Newton County,Arkansas,0.957329683734122,0,0.34578761535825847,0.31443975273423946,3,5101,0.03791231533004455,0.1002508656858595,0.13678477170964393,0.02377817711536335,0.3831198897497897,96.55222043978448,24.59301150254661,1.45
05103,Ouachita County,Arkansas,1.1316408233565527,1,0.414626819455706,0.3658151276867442,3,5103,0.04918605972291184,0.11708577786702179,0.12691178772682465,0.026727174501632783,0.39755950776730486,127.44971037563106,12.511053695068629,1.45
05105,Perry County,Arkansas,0.9770827163758726,0,0.33972357554826726,0.33412657367647247,3,5105,0.03779944959275753,0.09552292844153033,0.13291819949212,0.024363106767432835,0.3855225943900578,108.39200462615378,20.94327145250168,1.45
05107,Phillips County,Arkansas,1.2370100592580415,1,0.49826953876326846,0.35484084693193263,3,5107,0.05945390278856983,0.1260855476010959,0.12955570820643,0.031078727805599886,0.4116200788219988,120.84970542212146,15.471452416066642,1.45
05109,Pike County,Arkansas,0.776260841861547,0,0.3379963139886086,0.33701311371708453,1,5109,0.03777983098558487,0.09757412697321527,0.13551433969888482,0.023856451084206667,0.38046750607687324,110.12798887807756,19.036785925032248,1.15
05111,Poinsett County,Arkansas,1.062083505783847,1,0.3645404162302857,0.3679309670689191,3,5111,0.039981754205605256,0.10190064008715734,0.13799882599175264,0.02532289241262746,0.3820879150711906,128.72219015951688,11.693793024855974,1.45
05113,Polk County,Arkansas,1.0521057553987283,1,0.3625152662804317,0.36307490985662233,3,5113,0.041138965924160935,0.10268824978854052,0.14024914889919096,0.025048276166349616,0.3745131915858179,125.80172526785347,12.619967417930928,1.45
05115,Pope County,Arkansas,0.7757622546146684,0,0.2868421105002016,0.38773376307777097,1,5115,0.032334764669527685,0.08655264192404197,0.11999472378891494,0.024471801083948454,0.37490920897307073,140.63172251720323,4.849027639220332,1.15
05117,Prairie County,Arkansas,1.0033624988470058,1,0.37237796231369735,0.31959617482216873,3,5117,0.04080623488463167,0.1049984743153846,0.1368057544675959,0.024798241787108502,0.389735270183486,99.65332675217752,25.06350691690553,1.45
05119,Pulaski County,Arkansas,1.0406123292165208,1,0.31965087009398707,0.39801280522775134,3,5119,0.035032921945155664,0.09338880778489542,0.11580733620698415,0.025495777709791032,0.3921160886325991,146.8136063802947,1.356341900913816,1.45
05121,Randolph County,Arkansas,0.740417536057029,0,0.3791042913746671,0.36131324468236187,0,5121,0.0409775011950972,0.10333205625277675,0.13934298242966509,0.0256902905442732,0.3882353762478636,124.74224819265228,13.20150896067499,1.0
05123,St. Francis County,Arkansas,1.1086649683686818,1,0.39679607612700807,0.3678004537824277,3,5123,0.04793088868956299,0.10771265567890992,0.12481369410093489,0.027395390267546352,0.3936238856386938,128.64369860671383,11.461937807601338,1.45
05125,Saline County,Arkansas,0.6718820452667302,0,0.27835672994609245,0.3935253153206377,0,5125,0.030364717338220742,0.08482312416324404,0.12334296167037598,0.023280029108747526,0.37697457918878885,144.11480030110914,2.8338573754448744,1.0
05127,Scott County,Arkansas,1.011420854092835,1,0.3640494837965884,0.3334821397157117,3,5127,0.042855892724445704,0.10225482402616423,0.1393829863249822,0.025028440203602165,0.37414157355416855,108.00443778434808,21.063394960150745,1.45
05129,Searcy County,Arkansas,1.0492919617069962,1,0.4006798987775518,0.32296972998589396,3,5129,0.044569336002215465,0.10863587741142543,0.14641951984761234,0.024852142692775667,0.39003221224912926,101.68220511687235,23.14299389475017,1.45
05131,Sebastian County,Arkansas,1.0451831518738748,1,0.3269038971517771,0.3939120696577918,3,5131,0.03633787068044382,0.09401084314628577,0.1278457885490973,0.02526271178821382,0.3787081242931391,144.34739691477688,2.7101037293848926,1.45
05133,Sevier County,Arkansas,0.7725164719089896,0,0.31674149164072996,0.35501196219317416,1,5133,0.037677611688732626,0.09230110109299748,0.12722045734652326,0.02445260548639075,0.3742547766274769,120.95261527079832,15.764880049206877,1.15
05135,Sharp County,Arkansas,1.1310719212345453,1,0.42066770712387774,0.3593818937275329,3,5135,0.04820653633125833,0.11625592108310635,0.14849555046875726,0.024880515899832024,0.38784398651414403,123.58072096789562,13.787953190331551,1.45
05137,Stone County,Arkansas,1.0715664100787214,1,0.39117710139036743,0.34783421590530267,3,5137,0.0423358986503719,0.1063006081671837,0.14705922470738858,0.024720294385936,0.38873964621598983,116.63587122958023,16.521642297740424,1.45
05139,Union County,Arkansas,1.082255732006474,1,0.36646785276000365,0.37991541069273704,3,5139,0.04226310807409551,0.10079147319731449,0.12867259208962753,0.025266122349897443,0.3952965072818537,135.9297137366384,7.604184659270384,1.45
05141,Van Buren County,Arkansas,1.0983608075235385,1,0.40074352614334174,0.35674668594185716,3,5141,0.04556711703057152,0.10794373609788462,0.14982849496334238,0.023983279033359103,0.3899649645915706,121.99588959465402,14.83111512471298,1.45
05143,Washington County,Arkansas,0.9066445520214417,0,0.22846406069928157,0.39680804414309206,3,5143,0.029075842331485482,0.06877661385833846,0.10034573027037262,0.02459063269933293,0.3765635097064494,146.08905510406998,1.632989297576524,1.45
05145,White County,Arkansas,1.0104841528126542,1,0.3069119766604518,0.38997364596896494,3,5145,0.03327665469673338,0.08760255891467475,0.12593667031479758,0.02543546760670654,0.3759140186450862,141.9788028869742,3.988908005917848,1.45
05147,Woodruff County,Arkansas,1.045755185966605,1,0.41556493558491736,0.30564553749549983,3,5147,0.04840958928150635,0.1125295652215586,0.1355814670223101,0.026698580367708148,0.3938317739632212,91.26332129143132,25.67154150764784,1.45
05149,Yell County,Arkansas,1.0223929948330617,1,0.3412025926157679,0.36389602451048153,3,5149,0.041002783664810395,0.09988146778718332,0.12967407394377906,0.024089287108627566,0.3800469619254419,126.2955490458258,12.828923542476696,1.45
06001,Alameda County,California,0.7890005789069862,0,0.1446720920216108,0.39946623825906935,3,6001,0.026965171958021783,0.06257033663853821,0.0961935304419635,0.021885525957061055,0.3283033762293546,147.68771060822667,1.0804036267786226,1.45
06005,Amador County,California,0.9129848376734265,0,0.25627081408527624,0.3733739015515696,3,6005,0.033340885207473143,0.0823629274963858,0.11920676325468997,0.024135493094396176,0.3497703653476592,131.9956069190955,9.695594816678964,1.45
06007,Butte County,California,0.8751581376421886,0,0.20901739333036676,0.39453994297459094,3,6007,0.029278530335585657,0.07201212126552864,0.10226859355386009,0.02583882270220704,0.33800164401306565,144.7250040758871,2.4054905279614176,1.45
06009,Calaveras County,California,0.9390250799105547,0,0.27033048424844314,0.37727301913814637,3,6009,0.03432177286969568,0.0853811198667307,0.12270488008350448,0.02467890861192572,0.34835665861910975,134.34056199730784,8.207210659261785,1.45
06011,Colusa County,California,0.8136648834880655,0,0.20647704914616394,0.35467114636284686,3,6011,0.03388721811431012,0.0715747438991041,0.10546121578101769,0.024520336460183877,0.3297743257866949,120.74764637865395,15.21314476602307,1.45
06013,Contra Costa County,California,0.8045593298998018,0,0.15584789404276841,0.3990206093364053,3,6013,0.027572102243636328,0.06372483504899339,0.09866566574708811,0.022541984011732755,0.32821963761448386,147.4197064298462,1.128199067579818,1.45
06015,Del Norte County,California,0.8944066686975448,0,0.2544476924463821,0.3623844928622694,3,6015,0.03593132468453406,0.08068765733868534,0.11148295795386125,0.02701715011759853,0.3342422925507456,125.38650392583354,12.906204257604855,1.45
06017,El Dorado County,California,0.8579375333936473,0,0.19754481065429927,0.39413624685856097,3,6017,0.027289579220275195,0.0695326197772379,0.10767382915696692,0.023958274252657463,0.3400367084823919,144.4822185644683,2.535640852540988,1.45
06019,Fresno County,California,0.8766090604083123,0,0.20563967551500245,0.3989182971803854,3,6019,0.034742825876617756,0.06964713984653063,0.0984527087145382,0.02563855231484531,0.3321445615990397,147.3581752232348,1.1246436425263675,1.45
06021,Glenn County,California,0.8581506840155534,0,0.2279866927365655,0.36384136520519544,3,6021,0.03414462063444515,0.07419745761646726,0.10931068115167163,0.02534527613057445,0.33597844663601967,126.26267657849024,12.332474079804282,1.45
06023,Humboldt County,California,0.8810888547933273,0,0.21594286253441355,0.39170462352995017,3,6023,0.029840201460703444,0.07211124248338555,0.10251235220050114,0.026945918848284046,0.3351134138884504,143.01982422879718,3.253173164865771,1.45
06025,Imperial County,California,0.9208893949709951,0,0.24148006000968222,0.393616074453073,3,6025,0.0432889490208041,0.0756730998929462,0.10730846917623389,0.02495941025495944,0.332127011134211,144.1693834430054,2.7183523474136155,1.45
06027,Inyo County,California,0.852875121494227,0,0.23925617949029868,0.34893355947123716,3,6027,0.03270588654767294,0.07948632360656628,0.11715812985334043,0.023957592139630217,0.3419321935920826,117.29702371354557,16.59504479550515,1.45
06029,Kern County,California,0.8837588445071632,0,0.21072293015040294,0.39876592813039935,3,6029,0.03443603528440731,0.06797834847938028,0.10276414546888867,0.025409548344449733,0.33578178958460103,147.26653946986406,1.1759777892528438,1.45
06031,Kings County,California,0.8435801641669693,0,0.18924419204782647,0.3925352315156007,3,6031,0.033763484381591276,0.06668789308207955,0.09553555565675562,0.02520719117188855,0.3292092466608973,143.51935735923172,3.168178937372877,1.45
06033,Lake County,California,0.9701282066030563,0,0.2851953394354572,0.38385859615285745,3,6033,0.03806889366266992,0.08577500229176876,0.11708216841547844,0.02699785427674231,0.3457886566450159,138.30117152515828,6.212307482871216,1.45
06035,Lassen County,California,0.8240680257761449,0,0.20282054589967652,0.3655022304976647,3,6035,0.02995745943954131,0.0732328680744377,0.10555000196434405,0.024930878316160456,0.3296771086972357,127.26153193879288,11.95363200896236,1.45
06037,Los Angeles County,California,0.7801144849320304,0,0.13806675519479306,0.3999432344135038,3,6037,0.029967207904857827,0.06272228866481996,0.09492371614525738,0.021885904805205542,0.31572575617148907,147.97457924703858,1.0634916113129125,1.45
06039,Madera County,California,0.879016680659117,0,0.21331799592629316,0.39290040452827024,3,6039,0.035530482031193494,0.07109988525963339,0.10457441868784986,0.02595408237270043,0.32431499019802923,143.73897482176565,3.080784660914561,1.45
06041,Marin County,California,0.8216663568963385,0,0.17125078202312638,0.39541567100883124,3,6041,0.026000001301617903,0.06433897787353533,0.10602222019354157,0.022506999077360562,0.3363373218581693,145.2516727016537,2.112852842518497,1.45
06043,Mariposa County,California,0.8845120073909931,0,0.2658460876463739,0.3441621933129317,3,6043,0.034242990936833896,0.08036222051875618,0.12076126212250486,0.025307148749801132,0.3494569307421782,114.4274925813101,17.955936510214023,1.45
06045,Mendocino County,California,0.8982701668356291,0,0.23172066299575733,0.3877760037874352,3,6045,0.03348798540594264,0.07771598706430033,0.10770049353211646,0.02541973237093477,0.338309371788627,140.6571263590816,4.64762352064573,1.45
06047,Merced County,California,0.8779840008942621,0,0.20934420681727706,0.39616200069600715,3,6047,0.03616087448788472,0.06925174544216402,0.0996303125599848,0.026256723186735928,0.3267183061090233,145.70052030655503,1.8404003373647608,1.45
06049,Modoc County,California,0.8692650688348514,0,0.2950862567178257,0.3044068942027615,3,6049,0.038160713383757,0.08720593518598073,0.12412985494238712,0.0262154711221084,0.34892814855198656,90.5183930314066,25.90560342105599,1.45
06051,Mono County,California,0.5932253358510436,0,0.18502452059003893,0.3308235975413034,1,6051,0.026426227241306666,0.06692773511841629,0.10397005582488823,0.0241260512423592,0.33712298905608096,106.40557295555136,20.048579116857333,1.15
06053,Monterey County,California,0.8144313364813252,0,0.16436511763885214,0.3973116661413721,3,6053,0.030112473492153263,0.06185363234942451,0.09300602197509764,0.02342295068757117,0.3361155899090182,146.39193670128876,1.493117184118392,1.45
06055,Napa County,California,0.8399622638478617,0,0.18783541028118453,0.3914489096138925,3,6055,0.02881991093092698,0.06880427106512967,0.10679977646530826,0.02298190814377708,0.3358045299111441,142.8660361901668,3.3993029133660344,1.45
06057,Nevada County,California,0.904169670350108,0,0.23447534643309847,0.3890899434635277,3,6057,0.029535045814368367,0.07484856125497213,0.12060243928440395,0.023934841619873307,0.3461496734360096,141.44733836154208,4.147504018277754,1.45
06059,Orange County,California,0.8058503288474632,0,0.155936612787094,0.3998222346939151,3,6059,0.026771911933084182,0.061823444709504786,0.10784220094282783,0.021892999289925073,0.32362658662041194,147.90180921622732,1.0299817882570277,1.45
06061,Placer County,California,0.841594405016266,0,0.18321186863891648,0.3971980658550601,3,6061,0.025565357522984448,0.0654292122809458,0.10955799412878378,0.022951216012705777,0.33965822833056164,146.32361673853856,1.5152433019187166,1.45
06063,Plumas County,California,0.9076286183671082,0,0.27755177082191723,0.3483990004657437,3,6063,0.03350376302472808,0.08481674462616504,0.12516237847316214,0.02448290158966993,0.3565362935989047,116.9755363957864,17.081521430741912,1.45
06065,Riverside County,California,0.882545047360338,0,0.20886535246869398,0.3997864043315391,3,6065,0.03194789659430326,0.07325852947005794,0.10707039086836007,0.024149592111009116,0.3348297104689959,147.88026059956158,1.0810940714263408,1.45
06067,Sacramento County,California,0.8451179505492401,0,0.18345421695717018,0.3993857489388576,3,6067,0.02905957281347101,0.06474149406981543,0.09546730671148174,0.02555824367401033,0.33474059357942015,147.63930379925475,1.0907701583656455,1.45
06069,San Benito County,California,0.806482314707762,0,0.17321337328394584,0.3829813265145108,3,6069,0.030140177587864345,0.06468995831299311,0.10071077321015667,0.0234257756814737,0.3292253793368637,137.77357576849667,6.359232757962592,1.45
06071,San Bernardino County,California,0.8611202824389227,0,0.19432289878350834,0.3995531580709212,3,6071,0.032814431181026546,0.06970932598253492,0.10246571757995125,0.02528029272311001,0.3210605282744987,147.73998475735746,1.1328436526527852,1.45
06073,San Diego County,California,0.8175449081245171,0,0.16393888349879876,0.3998851910698338,3,6073,0.02635876588942046,0.06529087847500072,0.09690146920661356,0.022051692886931352,0.3439774973650348,147.93967159666045,1.058633631537403,1.45
06075,San Francisco County,California,0.7556639659138789,0,0.12259052603210664,0.3985570366671201,3,6075,0.02651198788759215,0.058830067817542735,0.09436063559595337,0.02050045422742041,0.3247111830024426,147.14091076369263,1.151200558502112,1.45
06077,San Joaquin County,California,0.885720163628392,0,0.212197294470242,0.3986441976872697,3,6077,0.03348133746560345,0.07130380538620741,0.10388568040940611,0.024896972712894785,0.33688358968860455,147.1933299770874,1.2272228505997136,1.45
06079,San Luis Obispo County,California,0.8442972135821588,0,0.18648872446423995,0.39578521593724886,3,6079,0.02664277877984427,0.06719958638710423,0.1054417808840778,0.023604278883730727,0.3394178918307955,145.473919463204,1.9991327771272522,1.45
06081,San Mateo County,California,0.6294454846637025,0,0.148835351369998,0.39850854833756943,1,6081,0.025618232782844544,0.06003838140325348,0.10660179834217606,0.02025329786555133,0.33586111004624,147.1117495619363,1.2060420757691317,1.15
06083,Santa Barbara County,California,0.8099402762414631,0,0.16115473909584957,0.3974247617603319,3,6083,0.027323862819882618,0.06141297147896512,0.09801227490791474,0.023727128209276072,0.32994494499987215,146.45995315375902,1.4411005716591487,1.45
06085,Santa Clara County,California,0.7208263945276058,0,0.0976873398386064,0.39943431155974246,3,6085,0.02503715156354971,0.05531726151407555,0.09072628566208236,0.019514797846428424,0.3200295055007052,147.66850968031034,1.1316796497760298,1.45
06087,Santa Cruz County,California,0.8046418454603946,0,0.15946586456813816,0.39545954609420303,3,6087,0.02646263880814791,0.061353650321149394,0.09838992449699109,0.023880834004150708,0.3285557248206411,145.27805946788095,2.073894891875653,1.45
06089,Shasta County,California,0.916337469747951,0,0.23827708908505807,0.3936797866031841,3,6089,0.03181640013176359,0.07465953103018524,0.11147259851806078,0.02603353793787795,0.3433301681243061,144.20770035103124,2.7072614283329224,1.45
06093,Siskiyou County,California,0.9685731740774749,0,0.29322625867538865,0.3747552406883871,3,6093,0.037976187600055195,0.08397168130061138,0.12138982669683417,0.02659769248245207,0.35356343631020354,132.8263534025473,9.47415542096078,1.45
06095,Solano County,California,0.8474133131329948,0,0.18696613039511453,0.39745684417936467,3,6095,0.030402478043059542,0.06601829283191894,0.09759335233490679,0.02420669505755053,0.3402822804190089,146.4792477325353,1.4439229488077552,1.45
06097,Sonoma County,California,0.8118869718477648,0,0.1622711735360337,0.397650876014149,3,6097,0.026111635571903234,0.06584971137210285,0.09961618553422281,0.023875737415035965,0.32386837211593333,146.59593975995165,1.4217500619343206,1.45
06099,Stanislaus County,California,0.8696791984098388,0,0.20176096712340433,0.39801779040062246,3,6099,0.03205943743425904,0.0709219998290389,0.10530993917945104,0.02503703327388225,0.326441557172814,146.81660449619665,1.3325798637823585,1.45
06101,Sutter County,California,0.8555431174201205,0,0.20141472931965007,0.38861500683215716,3,6101,0.032311848852479216,0.06991108174323227,0.10564864795266964,0.02471394751251376,0.3288785458916905,141.16170833350816,4.530453841250301,1.45
06103,Tehama County,California,0.9433104973182845,0,0.2675848160278613,0.3829741476399211,3,6103,0.03651458289168676,0.08284863520812095,0.11274764115223558,0.026848332391575556,0.34297856258747683,137.7692583458873,6.346276747049727,1.45
06105,Trinity County,California,0.9464216460019652,0,0.3124367186763319,0.34026786477329934,3,6105,0.03987110879333956,0.09020250364713808,0.1263126952233922,0.02653183258053254,0.35308056944419625,112.0854176675716,18.5606306937632,1.45
06107,Tulare County,California,0.9177747091665671,0,0.23517378865230498,0.3977742866349827,3,6107,0.03742060555120967,0.07170904000687024,0.10258313132871995,0.026917895966145355,0.33800487241938015,146.6701597227006,1.4293715503239304,1.45
06109,Tuolumne County,California,0.9107442194634603,0,0.2484051662345088,0.37969429546442934,3,6109,0.03258896106658873,0.082071389812968,0.11818611409487069,0.024235705420532338,0.34445070275582534,135.79673357741592,7.326517789950637,1.45
06111,Ventura County,California,0.8486352900031254,0,0.18643123107448908,0.39883448616904577,3,6111,0.02790687034600655,0.06672246179546358,0.10733384195989147,0.023013859209713876,0.3385188992139901,147.30777072727204,1.2454720524547354,1.45
06113,Yolo County,California,0.7768714213435003,0,0.14095764622046295,0.39481574780953727,3,6113,0.02560611498564257,0.058790959710376574,0.08703547923363912,0.02400827539176165,0.33144560669964496,144.89087492587876,2.211242617813888,1.45
06115,Yuba County,California,0.8359968538196416,0,0.1893622061903155,0.387187348168058,3,6115,0.030176851189665312,0.06503082244976306,0.09884580322017995,0.026426164214026115,0.3260436236830445,140.303104980314,5.00113400724042,1.45
08001,Adams County,Colorado,0.7703787691923343,0,0.13266162497011513,0.3986340779211499,3,8001,0.025919246561623574,0.05661106098802782,0.09184683251036208,0.02448584965152998,0.31388410111200143,147.1872438828812,1.1855735093091089,1.45
08003,Alamosa County,Colorado,0.8236280788579913,0,0.20860388428416482,0.3594154804454843,3,8003,0.03309603591810353,0.06919283000958205,0.10108735047657355,0.02554221740065885,0.33658350508081186,123.60092024198056,14.700308098001374,1.45
08005,Arapahoe County,Colorado,0.8110513915278371,0,0.1603515746249188,0.3989942126356586,3,8005,0.022120881707023993,0.06360595727076036,0.09402753379544888,0.02389753679441481,0.3433936128465326,147.40383127961294,1.186434211812638,1.45
08007,Archuleta County,Colorado,0.8467207206489518,0,0.2313609230053418,0.3525844015801422,3,8007,0.03101358037796405,0.07486280784204213,0.11681478674078152,0.023682829175336175,0.34705909301937504,119.49266427911886,16.198275758346735,1.45
08009,Baca County,Colorado,0.809350336870667,0,0.2891720983015208,0.2690005478161807,3,8009,0.035749537134935755,0.0884804977885858,0.1216917622417399,0.0256466483944182,0.35469575784121077,69.22478238319579,30.736965954726674,1.45
08011,Bent County,Colorado,0.7586988307602178,0,0.22296464796687174,0.3002759249712095,3,8011,0.0370993229857657,0.0803648190262298,0.1055183891977828,0.0239226538396319,0.3310548512501641,88.03400084205194,27.415634145499794,1.45
08013,Boulder County,Colorado,0.730537407021581,0,0.10611844993895433,0.3977004514552395,3,8013,0.017517629244497422,0.04983272725732341,0.09227355906189039,0.023140561279524793,0.3254403255733499,146.62575475777066,1.3545615450887472,1.45
08014,Broomfield County,Colorado,0.48847794138136813,0,0.09879399617119201,0.38968394521017613,0,8014,0.018079849974989213,0.0525383549514068,0.09114562719578768,0.02188516433159388,0.32353621866976895,141.80457493657266,4.218224676881961,1.0
08015,Chaffee County,Colorado,0.8108429561603945,0,0.19328166589763662,0.36592037283367,3,8015,0.02707658386712998,0.07426966120279815,0.11456313502046118,0.02324080144113096,0.3236403991280926,127.51300550235166,12.138414733374136,1.45
08017,Cheyenne County,Colorado,0.6123391902681717,0,0.21754546856903825,0.2047574212710802,3,8017,0.028154251530107,0.0756911849583575,0.1106949817633397,0.0240353886368218,0.3448947561968679,30.58854162174925,33.212183062984295,1.45
08019,Clear Creek County,Colorado,0.7495776943005422,0,0.18182642787260606,0.3351237061277679,3,8019,0.0250927060440619,0.068011833672896,0.10665288036802276,0.0234889906857653,0.33596509671343155,108.99168667046172,19.887127453751592,1.45
08021,Conejos County,Colorado,0.8283832131857466,0,0.24664819155126413,0.3246505761630438,3,8021,0.04124642372357995,0.0767849958601926,0.11324631564344005,0.0238852243005793,0.3398138136480324,102.69307711323648,23.15939066062341,1.45
08023,Costilla County,Colorado,0.902917777427616,0,0.3514043326667747,0.2712975828005468,3,8023,0.05541108677814875,0.09256854311961095,0.12710295696134638,0.0251522362034544,0.36282327905061723,70.60623439940686,30.968536535408187,1.45
08025,Crowley County,Colorado,0.6912487349292288,0,0.1698386388555288,0.30688462661290483,3,8025,0.0314492516425589,0.0722478815072425,0.1000933741891738,0.0230900043237144,0.3147707358266055,92.00851767335614,25.528215285411576,1.45
08027,Custer County,Colorado,0.8204204194828593,0,0.26463471800815946,0.3011724678420884,3,8027,0.0320909289134022,0.0821559308410056,0.1247801848022401,0.0236245020915257,0.3572016769464461,88.57318764809752,26.17169638828451,1.45
08029,Delta County,Colorado,0.9417290720152807,0,0.27248984295533485,0.3769784825724449,3,8029,0.034002775742900296,0.08321622293372524,0.1174461131759882,0.02560107512339847,0.35587759764018373,134.16342576067865,8.658081874145317,1.45
08031,Denver County,Colorado,0.7456395386371902,0,0.1151721667677127,0.3990619978096599,3,8031,0.022995959472551647,0.055023596666193414,0.0882831255372793,0.024142498493432817,0.3128031658166953,147.444597731117,1.1046979785745823,1.45
08033,Dolores County,Colorado,0.6700089938669819,0,0.22193667649690188,0.24013849168722354,3,8033,0.0286264486130874,0.0777792317108922,0.1129834288309859,0.0239488485517972,0.3424284416602878,51.86695113433952,31.85089076476853,1.45
08035,Douglas County,Colorado,0.521632111828096,0,0.1236590657851771,0.39797304604291894,0,8035,0.01635195371472604,0.052983705544658505,0.10282755873520509,0.021621594405565926,0.3373619355967765,146.78969494384577,1.3717462045548994,1.0
08037,Eagle County,Colorado,0.4728961901479434,0,0.08651509725302461,0.38638109289491873,0,8037,0.0181465372407849,0.05035853738178802,0.08745049286033428,0.02236830590754146,0.3155900177797678,139.81821773208324,5.428336669653852,1.0
08039,Elbert County,Colorado,0.8114699043841125,0,0.18447916776419265,0.37515524905243663,3,8039,0.023540654481192427,0.0680839509626413,0.10648738725857658,0.02374443990997127,0.34077601286089537,133.06692107555995,9.073418688905498,1.45
08041,El Paso County,Colorado,0.6772140785317543,0,0.1898209738498544,0.39906083356906236,1,8041,0.022491543324157395,0.06530301801813906,0.10247805303929018,0.024375906165111715,0.3546317111315892,147.44389754912945,1.1375115657544934,1.15
08043,Fremont County,Colorado,0.839004749258032,0,0.19306313386375007,0.38556083114178924,3,8043,0.03032200274179568,0.07408052103316588,0.10651567055942628,0.023130015546560388,0.3292637235775871,139.32490689424492,5.690422251222007,1.45
08045,Garfield County,Colorado,0.7231600771927157,0,0.11125785239668058,0.3874732353224337,3,8045,0.021307408849515982,0.05665090711282286,0.0938722633562014,0.023254543527717227,0.3082894463090206,140.47503940382484,5.014476082779065,1.45
08047,Gilpin County,Colorado,0.6689305961734107,0,0.15393702664904232,0.30739441898779263,3,8047,0.0217478273617565,0.0624328919758332,0.1038253178781434,0.0226113209522374,0.3335977885524273,92.31511017583476,25.95960380041271,1.45
08049,Grand County,Colorado,0.7433183996733674,0,0.15556604235419536,0.35706733673088564,3,8049,0.023679304742583798,0.0631795439379199,0.10241203406359563,0.023288509352288465,0.32662597091922874,122.18873109772989,14.421759939918239,1.45
08051,Gunnison County,Colorado,0.7021861941800454,0,0.12320331464986148,0.3610630261639629,3,8051,0.02038518515391255,0.05621763535729505,0.09209197188885775,0.023546864677991948,0.3245076563689703,124.59176512248214,13.844891932824188,1.45
08053,Hinsdale County,Colorado,0.3844016763174697,0,0.20821465157674732,0.12604767565583505,1,8053,0.0260159509520608,0.071606064767911,0.1154173290179272,0.0232757150520534,0.3445195209866347,-16.748019430084312,29.043177169197914,1.15
08055,Huerfano County,Colorado,0.8723151978472281,0,0.27961656610907276,0.32198012206142934,3,8055,0.039607526383969596,0.08354876024606155,0.12434296414563464,0.02338294312740765,0.3554630881657571,101.08704837271536,22.237606514421696,1.45
08057,Jackson County,Colorado,0.44088802726504994,0,0.2118911760806328,0.17148971719332373,1,8057,0.0291945587768611,0.0740109949301453,0.1140064795830903,0.024012051319806,0.3338070767765119,10.581124588171214,33.18920304102376,1.15
08059,Jefferson County,Colorado,0.7674892846472633,0,0.13060786121178705,0.3986950937173601,3,8059,0.021043325944688013,0.05630795975510523,0.09894814783062558,0.02218186943358641,0.33032339347611345,147.2239391858561,1.221768228157908,1.45
08061,Kiowa County,Colorado,0.5156650391648678,0,0.26248957401937834,0.18591480786311546,1,8061,0.03319004379666,0.0836001950235431,0.1175738636359384,0.0249644129970236,0.3512182403892899,19.25646942420602,34.22923522420463,1.15
08063,Kit Carson County,Colorado,0.76409945843759,0,0.20610760366663147,0.32085754008343065,3,8063,0.028419194679396503,0.07441136154529013,0.10961164050887036,0.023763091897667135,0.33768017279482504,100.41192015419738,22.37304842614716,1.45
08065,Lake County,Colorado,0.6696933148690976,0,0.14184561974686166,0.3200118387835505,3,8065,0.0263763418978643,0.059470621188243,0.09644443016086221,0.0240568017764106,0.3144215440523813,99.90330980486296,24.301487229357218,1.45
08067,La Plata County,Colorado,0.7638603515650407,0,0.13980685352072506,0.38699338893792373,3,8067,0.02170348317379294,0.060186946134811785,0.0912070244430868,0.0233740762662292,0.3358881950853157,140.18645661781392,5.285919830776289,1.45
08069,Larimer County,Colorado,0.7436022255729219,0,0.11498935405097416,0.39783976703379964,3,8069,0.020319132481353943,0.05425993259162863,0.09080881670787984,0.02373649299692042,0.31935242742896913,146.70954006718102,1.296329069756604,1.45
08071,Las Animas County,Colorado,0.8504327508489035,0,0.23034735296566283,0.3561579924473741,3,8071,0.03650486379960375,0.07852215536308689,0.11003331087878004,0.02373938790731987,0.33743961177399356,121.64184543754754,14.314622343146564,1.45
08073,Lincoln County,Colorado,0.718239397868582,0,0.1918458972229555,0.30349161854848045,3,8073,0.02859833999052805,0.07417848936993095,0.10791752569104296,0.02312982477415515,0.32980049526368704,89.9679402056546,26.26086067321507,1.45
08075,Logan County,Colorado,0.6288838908997548,0,0.1797403973666618,0.36711515993747285,1,8075,0.027443447242691085,0.07004663257544173,0.10266901564804981,0.0238529886734104,0.32850014808111533,128.23155836059075,11.434232233491464,1.15
08077,Mesa County,Colorado,0.8279573021830464,0,0.17565525771637275,0.39534977827193507,3,8077,0.02545064722080071,0.06475170396960801,0.10051557541939693,0.024817940967619214,0.33284677268272844,145.21204437432806,2.2362390761201527,1.45
08079,Mineral County,Colorado,0.4613921970380665,0,0.2516978865785487,0.14951271954150921,1,8079,0.0294793299742116,0.0791490965233568,0.1219254221608816,0.0235512372754748,0.3591746008561941,-2.635987002640804,33.46897556201075,1.15
08081,Moffat County,Colorado,0.7934931365029975,0,0.1958822632696044,0.3513543825945318,3,8081,0.026895471605005376,0.06923105320041598,0.10419277050709234,0.025225642217600677,0.33549022546354645,118.75292273438208,16.914603335883744,1.45
08083,Montezuma County,Colorado,0.879666875942852,0,0.23223136545562403,0.3744354455394463,3,8083,0.03176590650092913,0.07553604817274502,0.10836752683859613,0.026713562896974574,0.33538981101201715,132.6340264870734,9.61069274098274,1.45
08085,Montrose County,Colorado,0.8794765926463075,0,0.22244606168001915,0.38408951945536535,3,8085,0.03010698058847581,0.07566837114944833,0.11038289344235303,0.024741704787030038,0.3405635886453191,138.44005032500718,6.076632852946946,1.45
08087,Morgan County,Colorado,0.8288236804818485,0,0.19535948954463653,0.3762430487187073,3,8087,0.029217903998627462,0.06865495731406751,0.10485967685124441,0.025024567645532077,0.33063827705683385,133.72113098199637,8.630349043192574,1.45
08089,Otero County,Colorado,0.9271842851828416,0,0.2764668781626644,0.3629705598944677,3,8089,0.04012288595487256,0.08255673140497924,0.1180572224814182,0.025311295716390788,0.3475185676308359,125.7389685111688,12.897504979827987,1.45
08091,Ouray County,Colorado,0.4917273982239787,0,0.19928851495767294,0.29243888326630574,0,8091,0.025330217534544,0.069770681635893,0.1145802475896771,0.0225249957577723,0.3463632476648235,83.32075218103623,28.49606013139185,1.0
08093,Park County,Colorado,0.7927792810413429,0,0.18595562132055873,0.36078871043209154,3,8093,0.02539937863182744,0.06882084085948144,0.10905841290295552,0.02352317638446122,0.3344135286664936,124.42678982891836,13.207956277531496,1.45
08095,Phillips County,Colorado,0.5932547038142713,0,0.22840022173653085,0.28747343375413986,1,8095,0.030662282619553453,0.0782019402478201,0.11363583289108281,0.0236173813204569,0.3452753985930763,80.33449803747169,29.77993458745941,1.15
08097,Pitkin County,Colorado,0.46340061124673204,0,0.1040131731156943,0.35938743813103774,0,8097,0.01835590938463845,0.0540799271393083,0.097383028850415,0.021597635235682727,0.31858210309868956,123.58405540879554,14.32600815931979,1.0
08099,Prowers County,Colorado,0.8185221224278169,0,0.2183378136383109,0.34616020182914903,3,8099,0.03247061755120738,0.07211832592963874,0.1076888046391595,0.02530835718029044,0.33561532472200684,115.62910810389522,18.139089317344474,1.45
08101,Pueblo County,Colorado,0.9275435839181428,0,0.24416891934455187,0.39551631094382256,3,8101,0.0357370581247323,0.07251786960389785,0.10654236642994398,0.026353241411173633,0.3485928393831425,145.31219822349004,2.195950613567516,1.45
08103,Rio Blanco County,Colorado,0.48485936775800087,0,0.1688851934438582,0.3159741743141427,0,8103,0.0243422735786943,0.06408984241535895,0.09959429494711375,0.024976577017943848,0.329511579525292,97.47503171593058,23.710666636725133,1.0
08105,Rio Grande County,Colorado,0.8295030258659403,0,0.22826681622966882,0.3438042360916693,3,8105,0.035871305945188066,0.07326308884932216,0.11020209564719563,0.024237849064887303,0.3404879078958096,114.21221474340346,17.997511736509068,1.45
08107,Routt County,Colorado,0.7242288248776306,0,0.1290851775840454,0.37038297750397575,3,8107,0.020358529743876086,0.05758475168072556,0.09639844102283154,0.02354495175667324,0.3221092861447085,130.19684543570307,10.390407584908475,1.45
08109,Saguache County,Colorado,0.8050746519072224,0,0.23933804851600762,0.3158858493510423,3,8109,0.0360493894589185,0.077264079989973,0.1114948117913507,0.02488830828543105,0.3390096862767245,97.421912499555,24.109392940674816,1.45
08111,San Juan County,Colorado,0.3475361111189454,0,0.17183418274215315,0.13037113127432112,1,8111,0.0247252158153006,0.065668998475171,0.107108123113985,0.0232456995385297,0.3307733887271362,-14.147864655861303,29.56888902923675,1.15
08113,San Miguel County,Colorado,0.6387574962298574,0,0.11567827575951511,0.32484413543349,3,8113,0.019116101778774,0.056049484487628774,0.09426032124463357,0.022705331831919598,0.32277843507065995,102.80948493733764,22.434275387665625,1.45
08115,Sedgwick County,Colorado,0.7616631380863121,0,0.29137056050089044,0.2339143623172559,3,8115,0.036178292682428,0.085881529295366,0.1242585596630119,0.0253814973258354,0.3578490330295247,48.123718608138624,31.29889680889401,1.45
08117,Summit County,Colorado,0.6572770078004929,0,0.07753853601671637,0.37575595212155466,3,8117,0.016675692794897598,0.04904725040446882,0.08792437910924739,0.02179248512690696,0.31512609350389226,133.42818787019968,8.715107234657475,1.45
08119,Teller County,Colorado,0.561201191444576,0,0.18993615292197424,0.37126503852260173,0,8119,0.025953756319181582,0.06872693243612527,0.10952999443000148,0.023769629007162167,0.33485628144999235,130.72732276012152,10.29565759286202,1.0
08121,Washington County,Colorado,0.7689577850417878,0,0.23652251338705546,0.2937932004348672,3,8121,0.03013865656067205,0.0783735116371128,0.1176993015009387,0.02445045113557115,0.3422890113292597,84.13524747424346,28.26835147910947,1.45
08123,Weld County,Colorado,0.7982189202073002,0,0.15253969084495897,0.3979561161945584,3,8123,0.024121951916431485,0.060925745395188725,0.09819030326041188,0.024068643518218927,0.326342091730928,146.77951322118548,1.3619135378725014,1.45
08125,Yuma County,Colorado,0.606519766400859,0,0.18907231922775994,0.3383361732947262,1,8125,0.028125162915263152,0.0706987313431105,0.1049480110951344,0.023925469409824998,0.3317427914862881,110.92368564958532,19.79920829259576,1.15
10001,Kent County,Delaware,1.0046863589501616,1,0.29676956894524475,0.39611757515831497,3,10001,0.035933528790916214,0.08458913146542413,0.10815008745449953,0.02676728764675658,0.38083150938017085,145.67380249466544,1.8889324725190768,1.45
10003,New Castle County,Delaware,0.9561429429991789,0,0.2605411520359163,0.39886777417041397,3,10003,0.032453907189946875,0.08008324459817139,0.10502821564795131,0.025539794962289704,0.3714014936605462,147.3277903512302,1.1641649370224494,1.45
10005,Sussex County,Delaware,1.0398624565977852,1,0.32002456016298625,0.3971219616285897,3,10005,0.034707882077156915,0.09200748669401254,0.13194762728648055,0.022266478514480912,0.3945902256837702,146.27784715391522,1.6021745327840744,1.45
12001,Alachua County,Florida,0.8317121707524999,0,0.17764407534547053,0.395950525173495,3,12001,0.02673693981412768,0.06698187642462267,0.09040730424248047,0.023345533369541434,0.35555942694923215,145.57333753008797,1.9317291405446877,1.45
12003,Baker County,Florida,0.8741518572721109,0,0.2399513294363418,0.3629120204064933,3,12003,0.031029171114781776,0.08265306677178827,0.10699781767304747,0.021853796833270975,0.3739297292900971,125.70376247632797,13.16219929927525,1.45
12005,Bay County,Florida,0.7446740959557671,0,0.2537426633310576,0.39380002880439213,1,12005,0.034260770112901545,0.08219418955358097,0.10864686907954017,0.022576064009794717,0.37346017257979935,144.2800148052834,2.729818533989504,1.15
12007,Bradford County,Florida,0.9502522804306781,0,0.29263545881681174,0.36271094148020766,3,12007,0.0396803781669817,0.09455462482235218,0.11637944425041682,0.023084685499298326,0.3676472389988932,125.58283228152229,13.471660479551003,1.45
12009,Brevard County,Florida,0.9860735669688968,0,0.28186976377326817,0.3981809720673503,3,12009,0.03633253668109429,0.0857434936494542,0.116900672796941,0.02184035482179215,0.3859227349369165,146.91474302871538,1.2708743422659108,1.45
12011,Broward County,Florida,0.919239847091478,0,0.2343508288373094,0.3996076863981927,3,12011,0.033799625598389664,0.07740795996482608,0.10818732075369829,0.020459741256255614,0.3777126391437939,147.77277845364966,1.102629737888006,1.45
12013,Calhoun County,Florida,0.7042541895795927,0,0.2797258906827948,0.33266905677772063,1,12013,0.035414424964311034,0.08727904487253084,0.12174811446271759,0.023169416020793133,0.3659025420088755,107.51544433336478,20.999427748130504,1.15
12015,Charlotte County,Florida,0.8446224560172356,0,0.33995682169279806,0.39449748788740685,1,12015,0.03923620685791921,0.10298513746358225,0.1384557839568632,0.020327651689037385,0.3932058653396053,144.69947130595193,2.4036899547506083,1.15
12017,Citrus County,Florida,1.1100877428665517,1,0.37253317176069256,0.3930445819403776,3,12017,0.0424372230240072,0.10810738697971094,0.1428913528867094,0.021919378749842018,0.3936713722692684,143.82568406999368,2.8180299390258643,1.45
12019,Clay County,Florida,0.8970168959419573,0,0.22366333238691777,0.39496900964201836,3,12019,0.03190664712299213,0.08091570573356577,0.10283473362879929,0.021541975756420893,0.3658441371249957,144.9830476045407,2.2870480924094725,1.45
12021,Collier County,Florida,0.9693997303895264,0,0.27140452307226304,0.39714701512741035,3,12021,0.036609155480809966,0.08368615887252909,0.12586765326875995,0.01929420027744178,0.38239553974982005,146.29291449363552,1.607656986686027,1.45
12023,Columbia County,Florida,0.9958173942579501,0,0.3016297399784644,0.3851408767511565,3,12023,0.03726493586303548,0.09187697222217416,0.11653404288322805,0.023323176259023,0.3850300122262932,139.07234354906086,5.856160988396621,1.45
12027,DeSoto County,Florida,0.9824861722187684,0,0.30650979799824096,0.3710668724974614,3,12027,0.04485843845441787,0.09221910862733469,0.12082419477086762,0.022600225231612668,0.3701108743300809,130.60814440331026,10.41334722204165,1.45
12029,Dixie County,Florida,0.9831565271513923,0,0.3336025219797206,0.3444364622626189,3,12029,0.043207805906329264,0.09908168580844477,0.12742294236427174,0.023695936179559365,0.37427151941740044,114.59243973975926,17.725098101884306,1.45
12031,Duval County,Florida,0.954514467673759,0,0.25939332367863327,0.398892516096373,3,12031,0.03586362170965378,0.08437531452269979,0.10469800216433019,0.023379419342176518,0.3724738505379735,147.342670308973,1.201041706012412,1.45
12033,Escambia County,Florida,0.968203287390006,0,0.27125001847112246,0.3964763866254334,3,12033,0.03439081627029424,0.08642993355948529,0.10699201950054602,0.02247021027395348,0.38898963169496587,145.88959408167395,1.7573578220145414,1.45
12035,Flagler County,Florida,0.7133283813502067,0,0.32200180231430947,0.39132657903589724,0,12035,0.03935990686886213,0.09566671003595166,0.126556515291211,0.02112557956594235,0.3971159369785625,142.7924657723168,3.4904080872219567,1.0
12037,Franklin County,Florida,0.9093223388437893,0,0.2988046335837843,0.32831422079124284,3,12037,0.038107035695549775,0.09489312786178765,0.1214316908317829,0.0217737765447918,0.3795961553558732,104.89641719850005,20.90634560265341,1.45
12039,Gadsden County,Florida,1.0578552811997946,1,0.3537783009424581,0.37577706540222783,3,12039,0.0476689994433069,0.10152850949049724,0.11006722468862222,0.025102833059599712,0.3979078030644638,133.44088553669292,8.947197985206541,1.45
12041,Gilchrist County,Florida,0.7301242187268505,0,0.28519794636911966,0.3496926786107504,1,12041,0.035699623781869104,0.08803408549580037,0.11816724889234949,0.02280704932775314,0.37830261909613755,117.75356297958308,16.34423820833839,1.15
12043,Glades County,Florida,0.9444162657463159,0,0.3235560844680352,0.32776547811563095,3,12043,0.04545533922696487,0.09828547928805736,0.12295799987129209,0.021575361311742768,0.3823499011014619,104.56639972781956,22.16283047051209,1.45
12045,Gulf County,Florida,0.905049838263579,0,0.2833453090142587,0.34082699323648546,3,12045,0.036049787415238566,0.09554150036204867,0.1164222476599091,0.020584771807595634,0.3839605186017973,112.4216812195186,18.37099156352466,1.45
12047,Hamilton County,Florida,0.951050665821469,0,0.32324941750876834,0.3326475934025896,3,12047,0.042719057406666434,0.0988539061360716,0.1167373276291065,0.023813663036040968,0.3805602326612911,107.50253611775148,20.013678248697435,1.45
12049,Hardee County,Florida,0.8988978996163524,0,0.25952736072250243,0.3604022252198095,3,12049,0.04042065551970053,0.08220971849495697,0.1142426268937495,0.021577367224637448,0.3635149508415835,124.1943550687268,13.48198441024542,1.45
12051,Hendry County,Florida,0.8835549257620089,0,0.23458749234142653,0.3747607323220279,3,12051,0.04305239240120812,0.08105583755070421,0.1022315881364357,0.0228369047903878,0.3414226503672173,132.82965610730236,9.21113498418224,1.45
12053,Hernando County,Florida,0.8084143430871822,0,0.3082015514881545,0.39476744250069973,1,12053,0.04033753066029883,0.09626073072420112,0.12455406469300118,0.020987701087985346,0.38329273558009214,144.86182379398852,2.3339083782850127,1.15
12055,Highlands County,Florida,1.093345104217834,1,0.3649762374274853,0.3890548689296416,3,12055,0.048779553818271724,0.10520102909859763,0.1320269783397172,0.02162078623382748,0.3938020095990939,141.42624430512393,4.261761555158909,1.45
12057,Hillsborough County,Florida,0.9049072334852168,0,0.22480159592551446,0.3992723582022213,3,12057,0.0325553098931522,0.0764891155184683,0.10257961100283845,0.021779705351021802,0.3706376568264181,147.57110986106397,1.112789254254713,1.45
12059,Holmes County,Florida,0.762147071756463,0,0.3118427636432948,0.3508938204927601,1,12059,0.03994336191888088,0.09494182028667747,0.1224500974323845,0.023403102766636926,0.37505273549764706,118.47593764342209,15.72160018756849,1.15
12061,Indian River County,Florida,1.02022080238768,1,0.3103900191311062,0.3932105342397077,3,12061,0.03767067468330896,0.09287442808618597,0.12938805692826896,0.02069341781401911,0.3917737944564253,143.9254888792651,3.05282076057048,1.45
12063,Jackson County,Florida,0.8100432177174687,0,0.3256626715678561,0.3787227351429863,1,12063,0.04375745799080887,0.099246379341266,0.11446825745582666,0.02355308640129892,0.3855743136734809,135.2124307809574,7.801923837879124,1.15
12065,Jefferson County,Florida,0.9326791431198311,0,0.30332409260433063,0.3399029026507254,3,12065,0.04037933151725734,0.09330193769018494,0.11903426967764909,0.023019010575568568,0.37557914071833554,111.86592703573452,18.477483010621917,1.45
12067,Lafayette County,Florida,0.7558873509068155,0,0.21992177769210994,0.3013798436229353,3,12067,0.0330253382890979,0.0847692806976595,0.100089181895576,0.02219026073479835,0.35280489329234177,88.69790481283994,25.589649409463707,1.45
12069,Lake County,Florida,1.029834542276699,1,0.3129424014868283,0.3972883173246883,3,12069,0.04208968329210607,0.09558156715147675,0.12369342143337633,0.02094386739462899,0.38680198008586164,146.37789456866844,1.5573006139890122,1.45
12071,Lee County,Florida,0.9687317123829419,0,0.26935987620423957,0.3987309599219273,3,12071,0.03614568451975189,0.08674314267975529,0.11731804613032358,0.020116946597567166,0.38394782288238266,147.24550935825246,1.1719474923173605,1.45
12073,Leon County,Florida,0.8453554241763435,0,0.18694356518430394,0.39606017562696744,3,12073,0.026154000086107125,0.06474546768001123,0.08692348956293887,0.023733562021317038,0.3727364097373397,145.63928203727176,1.88821309804842,1.45
12075,Levy County,Florida,1.0297929745598189,1,0.3333994845816211,0.3768025668389437,3,12075,0.04486373906811888,0.09662642313906301,0.11929855966114365,0.023373394031966054,0.38884610394835956,134.05762887626793,8.667726119305568,1.45
12077,Liberty County,Florida,0.8004492837589627,0,0.2555401854201009,0.2964938033791838,3,12077,0.034424630124662056,0.08740605662750364,0.11272351178234591,0.02291045227769375,0.35834756431215764,85.75940792796042,26.8698995830516,1.45
12079,Madison County,Florida,0.9922658093847253,0,0.3352896288794314,0.3490316189721033,3,12079,0.04602454987686058,0.09695574697522241,0.119823945919055,0.024077755888972062,0.38139709175432124,117.35599734524996,16.278362739863237,1.45
12081,Manatee County,Florida,0.9812580744200665,0,0.27940580046140756,0.3973239060351901,3,12081,0.036409450668916626,0.08658931426789565,0.11851944666285623,0.02060729270329768,0.3886751330757543,146.39929785430044,1.507667858561881,1.45
12083,Marion County,Florida,1.0470443075024416,1,0.32492346827211543,0.39717605414336155,3,12083,0.03974983966518715,0.09850143209236263,0.12197238726377245,0.02317232112316285,0.3867390286702319,146.31037874969064,1.524795540932866,1.45
12085,Martin County,Florida,0.7752390422049322,0,0.28116562471946044,0.39295528154569814,1,12085,0.03560455480162323,0.08735228120692973,0.1246680158753177,0.020099784486440484,0.3856030963163692,143.77197822262173,2.999349815659041,1.15
12086,Miami-Dade County,Florida,0.9095343702766522,0,0.22757581094640966,0.39968927200300564,3,12086,0.04050666049775293,0.07468892641519294,0.10037747696166407,0.019583127966990164,0.37712336536245267,147.8218445754239,1.0889314990073624,1.45
12087,Monroe County,Florida,0.8852686020714199,0,0.22411617610705636,0.3864138942870263,3,12087,0.03254421251591835,0.07843225395050892,0.11503915123098592,0.019333009109606086,0.3661191192628909,139.83794470601703,5.266007947090853,1.45
12089,Nassau County,Florida,0.7458798079086525,0,0.26025018216966556,0.3883409551422062,1,12089,0.03193138839586221,0.08387098643534652,0.12049765812687342,0.020460462801980765,0.38108515177981683,140.99689183649983,4.681368332060121,1.15
12091,Okaloosa County,Florida,0.6988387199426677,0,0.21300468712468512,0.3946811563037215,1,12091,0.028708444099050916,0.07928136027733608,0.10530780471451633,0.020473516408614698,0.368855165133774,144.80993070502905,2.290143279219104,1.15
12093,Okeechobee County,Florida,0.9492313181670788,0,0.28026950563275305,0.3743727827583358,3,12093,0.039348402640771614,0.0907500805946353,0.11806307240176811,0.022194811237318965,0.3649801986155926,132.59634067649773,9.373126893417195,1.45
12095,Orange County,Florida,0.8590292369355377,0,0.19311325168016827,0.39932070482709914,3,12095,0.031128474104040696,0.07218967630038624,0.09563354683010808,0.021401442610299314,0.36032342574034015,147.60018584069385,1.1075816415946282,1.45
12097,Osceola County,Florida,0.9212464568143088,0,0.23802103928820523,0.39732134472166303,3,12097,0.03628767494951189,0.08026920451647485,0.10629950523552291,0.021332774043759783,0.36770046532244993,146.39775746342252,1.4835528447411512,1.45
12099,Palm Beach County,Florida,0.960286091019929,0,0.2630100331534498,0.3992562365154668,3,12099,0.036057604840671574,0.08547276656808374,0.11450808644309102,0.019963027575289376,0.384820319370346,147.56141417213317,1.1216538976180068,1.45
12101,Pasco County,Florida,0.9757955479464323,0,0.2748421454062736,0.3981203014533349,3,12101,0.03770214190024209,0.08430671248515484,0.12062295425624887,0.021289358677376576,0.37557054523357997,146.878255320593,1.3007052776683308,1.45
12103,Pinellas County,Florida,0.9706876250847021,0,0.27043338892234636,0.39900635251537925,3,12103,0.03423106695126174,0.08916203017648586,0.12204583885313222,0.020810412262807644,0.37348738380996527,147.41113228348567,1.1966629664443804,1.45
12105,Polk County,Florida,1.0103325557180838,1,0.2980726700718761,0.39870840283714726,3,12105,0.03926951762105885,0.09134790032729831,0.12234741430779975,0.02238932409929658,0.37513844333854734,147.23194337843003,1.1848645457338332,1.45
12107,Putnam County,Florida,1.0559537014422677,1,0.34268614503007405,0.3855577869990761,3,12107,0.044573306978072026,0.09731156426256808,0.12893124261831226,0.023527775723851868,0.38221116678090206,139.32307612670445,5.344649009993086,1.45
12109,St. Johns County,Florida,0.9164457236605759,0,0.23579244752750472,0.39623908603151314,3,12109,0.029735178734537925,0.08047219405313669,0.11139979236461109,0.02019394685002088,0.38155473139914453,145.74687993663463,1.876492388739049,1.45
12111,St. Lucie County,Florida,0.8105169172008231,0,0.3078036975962251,0.39699362170883856,1,12111,0.03939091056395519,0.09416908127215849,0.1181287758832317,0.02189838842721704,0.3914053821992523,146.20066267822924,1.644386477606605,1.15
12113,Santa Rosa County,Florida,0.901759666494206,0,0.22768317356798393,0.3942200447038823,3,12113,0.02950468528220016,0.08197313215659155,0.11116696058725663,0.02105473736628636,0.3650499907265634,144.53261514230067,2.489902671772326,1.45
12115,Sarasota County,Florida,0.9592602066577866,0,0.26399568326205247,0.39756307995021406,3,12115,0.03448898732255399,0.08848918809635958,0.11538934688087596,0.018827737828288307,0.3924481381339387,146.54313862702864,1.4762365162863678,1.45
12117,Seminole County,Florida,0.8793039820050627,0,0.20874369808229995,0.3976728412315364,3,12117,0.029478704611887733,0.07154438987068784,0.10458788712090532,0.020640200750727727,0.37374856370351534,146.60914978681362,1.4654414940326823,1.45
12119,Sumter County,Florida,1.0526322001283943,1,0.3337237949350354,0.3922294465328229,3,12119,0.04245994397314792,0.10277118736987498,0.1264779522217867,0.020703021758829054,0.3949507388582624,143.33545625025403,3.3178028958251997,1.45
12121,Suwannee County,Florida,0.9852414028601352,0,0.30269578253673707,0.3767810470219769,3,12121,0.0389978327393711,0.09523536543867822,0.12660178409249062,0.0223912625832845,0.36830888615724616,134.0446867161617,8.673932360680316,1.45
12123,Taylor County,Florida,0.9571777965867128,0,0.3062381010647585,0.3538845172709055,3,12123,0.03889350642176875,0.1013954876254505,0.11403159053907128,0.022730662492959852,0.38033551679727495,120.27456244546669,15.717863250982608,1.45
12125,Union County,Florida,0.8852849059229144,0,0.2707075416339456,0.3398337727956505,3,12125,0.038738121969299696,0.09210453209188253,0.11707953099086531,0.021865817093243,0.3582666376734468,111.8243518841484,19.170378291558627,1.45
12127,Volusia County,Florida,0.9893540739086685,0,0.2842604601031404,0.39805269431663104,3,12127,0.03783116108948823,0.08845241359966831,0.11874663871783146,0.021757560650012754,0.37857510095004887,146.83759594189593,1.3524790674889113,1.45
12129,Wakulla County,Florida,0.872974959134178,0,0.23079377341807303,0.37125792253653245,3,12129,0.03086600219833695,0.08084721971370012,0.1078768363229988,0.021559532593919774,0.3680638306049626,130.7230431590838,9.884461136262606,1.45
12131,Walton County,Florida,0.9352860156143107,0,0.25859461104555254,0.38643022730914445,3,12131,0.03543129169877447,0.08802337841366659,0.11477515131085433,0.02167722937984699,0.3644094910524254,139.8477674934319,5.400758778401584,1.45
12133,Washington County,Florida,0.7553735686966839,0,0.2948655696860179,0.36198101178935943,1,12133,0.04037113321883017,0.09300731671666806,0.11872708809814002,0.0233328782562769,0.36508874752200293,125.14384774276789,13.221630460607841,1.15
13001,Appling County,Georgia,0.9004160294610863,0,0.34519952470737775,0.34742819026268856,2,13001,0.04367713759365676,0.09722214574988682,0.12409621958962502,0.02521124620378742,0.3819939398529371,116.39168472548243,17.20787170571721,1.3
13003,Atkinson County,Georgia,0.9250579649533421,0,0.33384429307769325,0.30412671723495655,3,13003,0.045264226121098504,0.09309531482815066,0.11727074505487206,0.026371082974571334,0.3739980607748919,90.3498927518269,25.501419343548797,1.45
13005,Bacon County,Georgia,0.937902888751149,0,0.32517498603821676,0.3216545924108516,3,13005,0.0416853162238024,0.0938905038628766,0.120208000111579,0.025266851403579735,0.37600675431549113,100.89127269006885,22.556782378965245,1.45
13007,Baker County,Georgia,0.8489750665265382,0,0.374459009347431,0.21104103653294015,3,13007,0.0476890790469902,0.104339363025494,0.12220187846861896,0.02534331436430235,0.39498594266010867,34.367549356360136,32.980883516931605,1.45
13009,Baldwin County,Georgia,1.0213677407068813,1,0.3280762074026895,0.3763153379124012,3,13009,0.04181192370907166,0.09595138818890804,0.10551068481871262,0.026285460337608646,0.3910316776573722,133.76460618070183,8.333812472850457,1.45
13011,Banks County,Georgia,0.9218425844433854,0,0.28552233249612774,0.3502311740165519,3,13011,0.03587358011782565,0.08675086940736335,0.11937720856901268,0.0239428615392569,0.36961098998168224,118.07741767449544,16.2734213444817,1.45
13013,Barrow County,Georgia,0.6197857463704642,0,0.23275285819248034,0.38703288817798387,0,13013,0.030789542885334507,0.07682515288302166,0.10847851844030655,0.02313931256965937,0.363364035093758,140.21021172175935,4.883434612679433,1.0
13015,Bartow County,Georgia,0.6353412562269072,0,0.24557999911754747,0.3897612571093597,0,13015,0.0329486608763654,0.0835204457711606,0.11432851304796114,0.023138310860355907,0.3527835038465813,141.85107082354486,4.113328776332133,1.0
13017,Ben Hill County,Georgia,1.000475688126348,1,0.3440028897198679,0.345980343470717,3,13017,0.04372202010887036,0.09685521704789063,0.11870828880450449,0.025693498889343316,0.3859243471776257,115.52094009880194,16.9071005389886,1.45
13019,Berrien County,Georgia,0.9690351868525814,0,0.3206877455821666,0.3476123832816826,3,13019,0.040985054121392445,0.0938800088276212,0.1206977662355053,0.025150580975375248,0.37303675259043034,116.50245962407699,16.4101227287278,1.45
13021,Bibb County,Georgia,1.139810913681539,1,0.3931415904413624,0.39293490175280266,3,13021,0.05066801002943296,0.10297641390632456,0.11136433302112844,0.02787089798514599,0.40754433910177845,143.75972168052417,2.9044166896344894,1.45
13023,Bleckley County,Georgia,0.6410114610240681,0,0.3100768978417643,0.33093456318230385,0,13023,0.03782614410020387,0.09342902378735563,0.11251076660329819,0.025013490047022066,0.3838730151476632,106.47230842520402,20.160759727133144,1.0
13025,Brantley County,Georgia,0.9594854503873453,0,0.3131594154488984,0.34855468826651226,3,13025,0.03835630857844766,0.0908596450244882,0.12305318113992146,0.0257443823675498,0.3676327343008405,117.06916806780497,16.623817854925456,1.45
13027,Brooks County,Georgia,1.0286191823475088,1,0.3662707343792907,0.3431218051707154,3,13027,0.0469277194501168,0.10275673773800303,0.12068377149947074,0.02597380119578066,0.3880090810347515,113.80179627869003,17.570764955579403,1.45
13029,Bryan County,Georgia,0.6047944026827897,0,0.22776948943808342,0.37702491324470633,0,13029,0.029663410619993964,0.07760200936416951,0.1038623261382225,0.023110989997531816,0.36705713344772195,134.19134947374624,8.7251072785911,1.0
13031,Bulloch County,Georgia,0.8252393612308565,0,0.24781164741614634,0.38698786122297407,2,13031,0.03148748980908095,0.07780535549064563,0.09699580650759249,0.02567665410365105,0.3750421665979149,140.18313221352133,5.047170601690805,1.3
13033,Burke County,Georgia,0.9618316744234329,0,0.38005245081790257,0.35981806796935345,2,13033,0.04732916008075235,0.10354678431541905,0.11530357275561223,0.027517165405170234,0.3973118686998327,123.84303903874928,13.222342390948802,1.3
13035,Butts County,Georgia,0.7818537759353233,0,0.31859924764889075,0.36127360099052086,1,13035,0.04111676203795997,0.09436581783740623,0.11870478728949016,0.024372904455412698,0.378789187284467,124.71840621445146,13.413893247260674,1.15
13037,Calhoun County,Georgia,0.9452120606325609,0,0.38052657227837383,0.2713438143647716,3,13037,0.0519611532341028,0.10927798254901586,0.1154206285931575,0.02637619755445345,0.386587175788096,70.63403836758569,30.24679352908211,1.45
13039,Camden County,Georgia,0.7981134505351749,0,0.2334000102814596,0.3805334132071364,2,13039,0.029844502346462177,0.07394753039330154,0.10190676169895703,0.02321570764105855,0.38031651692129104,136.30138453196855,7.122709720839602,1.3
13043,Candler County,Georgia,0.9761761291300141,0,0.35412582430440975,0.31909909233697925,3,13043,0.047131342344730404,0.10074410916045635,0.11912598855782806,0.026024634933962534,0.37956187758182985,99.35437806133824,23.7176557112808,1.45
13045,Carroll County,Georgia,0.6650723532423164,0,0.2740691921059671,0.39100316113634936,0,13045,0.03443917984341192,0.08230411117514538,0.10776377114727985,0.025123487758368965,0.37664523999900856,142.59796011069216,3.5635178602275035,1.0
13047,Catoosa County,Georgia,0.9037053389887807,0,0.23914421168898664,0.38410084968258623,3,13047,0.02960642567780213,0.08144184320719024,0.11612059297599045,0.022479302799157008,0.3592748968403887,138.44686439851714,5.854174772552336,1.45
13049,Charlton County,Georgia,0.8764842893675607,0,0.34213264214926153,0.3320860419796314,2,13049,0.0422355072686255,0.09912002202299235,0.12296522072219625,0.02548711952694855,0.37907496211246194,107.16481538178893,20.09010452322247,1.3
13051,Chatham County,Georgia,1.0145648223361465,1,0.3033214082898278,0.3963784691833767,3,13051,0.03714378097345492,0.0864738645239595,0.10369949584114492,0.025396033813510802,0.3994924983512961,145.8307058850761,1.7993186723848456,1.45
13053,Chattahoochee County,Georgia,0.4300149875729556,0,0.12688767380984795,0.30312731376310764,0,13053,0.021893717174329762,0.05944898893458932,0.07452469183044809,0.02271644833370326,0.3538183843124299,89.74884490075333,26.263222760808908,1.0
13055,Chattooga County,Georgia,0.9904619324234545,0,0.323280971187744,0.35979622358705227,3,13055,0.040247665859812605,0.09505671410960741,0.12532475738179183,0.024550510390320836,0.37316489605301784,123.82990168290657,13.624456484546997,1.45
13057,Cherokee County,Georgia,0.5946021886880811,0,0.1985880693032564,0.3960141193848247,0,13057,0.02591063659563619,0.0722361641619654,0.10892382443931765,0.021191988086914835,0.35953353874159627,145.61158350895147,1.985086950392845,1.0
13059,Clarke County,Georgia,0.8469697795754612,0,0.19304199793903284,0.3910750914233542,3,13059,0.027904882129293363,0.06852686903889618,0.08606762146817548,0.02524301479897419,0.35929787816674,142.64121946054348,3.560566457629879,1.45
13061,Clay County,Georgia,0.7374483306964394,0,0.5242499678715292,0.21319836282491017,0,13061,0.0681509801531852,0.1289707734818719,0.1361600164272724,0.0297895242676844,0.4134995451075769,35.66497964190264,32.013635066400674,1.0
13063,Clayton County,Georgia,0.8939781258386553,0,0.2915115860668042,0.396163895347546,2,13063,0.03897162074764965,0.08718862312367366,0.09500034809814448,0.02701080566710046,0.38273953334678623,145.70165976250854,1.7793373497691336,1.3
13065,Clinch County,Georgia,1.0457711134943188,1,0.4323021518656284,0.28891930571666047,3,13065,0.05703151605607425,0.11114799206871,0.12545357845300645,0.02942051751527055,0.3880762119771065,81.20405498867258,27.59664315682495,1.45
13067,Cobb County,Georgia,0.8478938074233551,0,0.18626549231972667,0.3984888576274148,3,13067,0.026206492612673483,0.07019969052876043,0.09628138553184915,0.020745485404906408,0.3718398134462361,147.0999074387519,1.2493415788317135,1.45
13069,Coffee County,Georgia,0.9954650320355155,0,0.31046031715399913,0.37606729114635634,3,13069,0.03987720865512679,0.09119093629103261,0.11479042650116565,0.025423386206214066,0.37594498143525346,133.61542921674635,8.693085881155731,1.45
13071,Colquitt County,Georgia,1.0331903105954539,1,0.3362987239479058,0.37624631784206247,3,13071,0.04422682797685398,0.0936775398173847,0.11827908956069993,0.02606444337615545,0.3790234878341528,133.7230970543814,8.906031651714828,1.45
13073,Columbia County,Georgia,0.6060451638088835,0,0.2130460211867903,0.3929991426220932,0,13073,0.028159775263311038,0.07592491769092298,0.10413406354285357,0.02127672481192853,0.37093862341161504,143.7983565637578,2.868918577948498,1.0
13075,Cook County,Georgia,0.6988602629664689,0,0.353923432326489,0.3449368306399798,0,13075,0.04458461442916935,0.09890819503421674,0.1236783225256656,0.025336555008173327,0.3863303474776256,114.89336458786046,17.067294609474978,1.0
13077,Coweta County,Georgia,0.620062516770261,0,0.22740455570154028,0.39265796106872075,0,13077,0.029763659766629494,0.07421792454028216,0.1086791177065153,0.022029815836623622,0.37209932336863716,143.59316772335777,3.1186245314574292,1.0
13079,Crawford County,Georgia,0.6661018937234471,0,0.3389222234882704,0.32717967023517663,0,13079,0.043239314608805396,0.0976617188681683,0.12023232252008009,0.025120446690211667,0.3824311037562281,104.21409099805533,21.98308715223316,1.0
13081,Crisp County,Georgia,1.077698424857275,1,0.39280144352306817,0.35043884948194903,3,13081,0.048963260161167865,0.10556073193087698,0.12117953000320604,0.027608649132195684,0.3941079506941014,118.20231507150639,16.0683122508553,1.45
13083,Dade County,Georgia,0.8882751850501095,0,0.26981140318710173,0.34279217270952556,3,13083,0.03264446695849162,0.08404644927102888,0.11673251202909805,0.02389346428881265,0.3691561536126344,113.60355313863398,18.215414212653013,1.45
13085,Dawson County,Georgia,0.6066081228214274,0,0.24013079377865854,0.36647732904276886,0,13085,0.02906161480303523,0.07982267248489497,0.11717226704671146,0.0217485508104712,0.3679478280413432,127.8479626463384,11.167804899562691,1.0
13087,Decatur County,Georgia,1.0467464353733424,1,0.35722807884110175,0.3646660145198241,3,13087,0.04454794124281328,0.10187447814553122,0.12013409917945186,0.025709745333363884,0.38827796757664146,126.758626124803,12.065585453734585,1.45
13089,DeKalb County,Georgia,0.9233280484667123,0,0.23827574240687804,0.39850222205292357,3,13089,0.03346726324470646,0.07946446879894295,0.09546255784275831,0.023238839881176837,0.3784980877880096,147.1079448925522,1.234375945452739,1.45
13091,Dodge County,Georgia,0.999782809331268,1,0.3383664873320292,0.35113889841367296,3,13091,0.04287667334504805,0.1007837153751642,0.1204668521059727,0.02501210651595875,0.37854880971910543,118.62332912429994,16.139663715102607,1.45
13093,Dooly County,Georgia,0.9727972123767471,0,0.35015629306644225,0.32073833615890057,3,13093,0.047644993532968395,0.10416887249235957,0.11505285570991733,0.025331593780928797,0.38064089054958417,100.3402301263993,22.64116772214637,1.45
13095,Dougherty County,Georgia,1.1125729275975302,1,0.38081629843540715,0.38647537576978613,3,13095,0.048985469172104515,0.10574875495775028,0.1098535160703298,0.028912148757722734,0.38879900926136324,139.8749200759597,5.234781492610968,1.45
13097,Douglas County,Georgia,0.6593505328602163,0,0.26707047899946357,0.3922800538607527,0,13097,0.03335252378464855,0.08398331826487583,0.10873475638321502,0.023953270762465305,0.37667170681224194,143.3658918316359,3.2853684564394623,1.0
13099,Early County,Georgia,1.0687800511682573,1,0.4191824341962752,0.31790725626459193,3,13099,0.05163650799380802,0.11188742569493469,0.12614518995640106,0.02731120170147182,0.4009555659815805,98.63759997289004,24.063410333341043,1.45
13101,Echols County,Georgia,0.5495709688947441,0,0.24088349448826707,0.2370043045506409,1,13101,0.033981860207852904,0.0781736162313524,0.10727147026558509,0.0235350723136832,0.3612115446326428,49.982030282683525,32.78769996656317,1.15
13103,Effingham County,Georgia,0.6234936570286074,0,0.23920912727982854,0.3842845297487788,0,13103,0.02988028706886533,0.07737554617327054,0.10726366063738109,0.02322439784932512,0.37291268684681195,138.5573308039078,6.012319307353668,1.0
13105,Elbert County,Georgia,1.0365906744650981,1,0.3642917570985658,0.3505983632221916,3,13105,0.044811638436696055,0.10226122508867562,0.1246985572298595,0.02547836377923528,0.3892291050395778,118.29824768880276,15.837305745347546,1.45
13107,Emanuel County,Georgia,1.0419435124539231,1,0.3611267382349945,0.3574549944918491,3,13107,0.04479822980541202,0.10105032423008284,0.12211151960246916,0.026290794370884482,0.38555336944474855,122.42187103644558,14.30563254744629,1.45
13109,Evans County,Georgia,0.6611244503544704,0,0.3429629437387692,0.3181615066157012,0,13109,0.0448149414136335,0.09768515524630456,0.11754313436283884,0.026028463704751936,0.3802167304769289,98.79050781389064,23.622743946452918,1.0
13111,Fannin County,Georgia,0.9755061458071108,0,0.31322001364556906,0.3595428455317487,3,13111,0.03710117793550098,0.09389662634840035,0.1294101458889569,0.02223266592410874,0.3829473550985009,123.67751844636682,13.901525433257302,1.45
13113,Fayette County,Georgia,0.6452961961552185,0,0.25511472705205734,0.39018146910316115,0,13113,0.031235379482133598,0.08308240393344535,0.11369774855716042,0.0210025498406473,0.3849800537103196,142.10378909297657,4.002136395425632,1.0
13115,Floyd County,Georgia,1.0022891296269945,1,0.30203447069068406,0.3891994118106914,3,13115,0.039835456417768554,0.08786707452461297,0.11459297820221429,0.02444072552519097,0.37972593688147394,141.51317334878863,4.1184528673606025,1.45
13117,Forsyth County,Georgia,0.8438685341586393,0,0.18635239476153678,0.39562590465821446,3,13117,0.024497793478674763,0.06567043359804435,0.11236541213566495,0.01998667625700437,0.3633549081473608,145.37810860741592,1.95067532823759,1.45
13119,Franklin County,Georgia,0.9810869886418981,0,0.3177236228442852,0.3588880934604722,3,13119,0.03892305615567,0.09310187507374829,0.12541362251907287,0.02412249916027636,0.3764363770654019,123.28374622472477,13.975136113425574,1.45
13121,Fulton County,Georgia,0.92098521682274,0,0.23624845025004115,0.3989137682484003,3,13121,0.03210682954722466,0.07724996090621807,0.09560536546461412,0.024171259674334047,0.3756037862477354,147.35545149361613,1.1691184268513617,1.45
13123,Gilmer County,Georgia,0.9768056567600116,0,0.3058044701249839,0.3678546035026103,3,13123,0.03785012274311052,0.09020172661592611,0.12781531351278294,0.02272572390995972,0.3774273910718369,128.67626460620127,11.470365482014977,1.45
13125,Glascock County,Georgia,0.513176359913592,0,0.29767383685614857,0.21550252305744344,0,13125,0.0376446497244252,0.0912840591290591,0.1208594478966023,0.0237456137634218,0.3707780477783637,37.05071682943834,32.55149022324548,1.0
13127,Glynn County,Georgia,1.0166746910422857,1,0.3141600206790858,0.3869949386604216,3,13127,0.03981682687456751,0.0895365633647975,0.11909948839781259,0.023900440896674115,0.3873105665410959,140.18738863116323,5.277738185493675,1.45
13129,Gordon County,Georgia,0.9608809378668043,0,0.2812196328381312,0.381456876035527,3,13129,0.03569108200622083,0.08353828778050247,0.11817503611079921,0.024118476182127768,0.37075769648709983,136.85676117832307,6.96286482398744,1.45
13131,Grady County,Georgia,1.0172782771246671,1,0.3399682904726518,0.36160293513056696,3,13131,0.043566817961309595,0.09694405249285455,0.12082336876716004,0.025174833263864233,0.3824802017168469,124.91646994220065,13.434991881022976,1.45
13133,Greene County,Georgia,1.0786997830278642,1,0.39261067392315707,0.35132021092364585,3,13133,0.04921565633035932,0.10898232917954973,0.13132457523897764,0.02453663879045553,0.39566189951636543,118.7323716657375,16.016626489089372,1.45
13135,Gwinnett County,Georgia,0.8754728322965923,0,0.204978164726061,0.39879620237503716,3,13135,0.029484495901453793,0.07319731311193972,0.10154285061534633,0.02153898757210308,0.36520592626622445,147.28474660061252,1.1400674840692908,1.45
13137,Habersham County,Georgia,0.9635075861965761,0,0.28646990869615024,0.37801808178424706,3,13137,0.03540003768051235,0.08763723123744885,0.11976780151477114,0.02342348266533894,0.373790667837341,134.7886475953352,7.834506552902464,1.45
13139,Hall County,Georgia,0.8215448910100758,0,0.2373387576130137,0.3946188508562753,2,13139,0.03226582372573404,0.07686885882193956,0.11203604958280693,0.022483371413643222,0.3640345973681555,144.77245979728,2.4173476356673644,1.3
13141,Hancock County,Georgia,1.0677861859462796,1,0.4324899493747751,0.30391431679507286,3,13141,0.0569009907158837,0.1175988975631582,0.1237730969781464,0.02682463084507985,0.4013800850962783,90.2221537239416,26.172886118214134,1.45
13143,Haralson County,Georgia,0.6629262505087105,0,0.2956030563823285,0.367323194126382,0,13143,0.03487994819538004,0.08844545042265725,0.12591309219415112,0.0236638585872119,0.37217363684300236,128.35667149629194,11.18753538225237,1.0
13145,Harris County,Georgia,0.6568932369161935,0,0.28520801218144864,0.3716852247347448,0,13145,0.03470472667614846,0.08482055151078674,0.1203075416503817,0.0224468294786631,0.3848651356606473,130.98002552429352,10.236961810931335,1.0
13147,Hart County,Georgia,1.0038957089863343,1,0.32983323961792993,0.3625086286485075,3,13147,0.04159286452191574,0.09721688214475069,0.1241539543020257,0.02411734113236658,0.3788348954368883,125.46116000784782,12.637723237661566,1.45
13149,Heard County,Georgia,0.8819190925491666,0,0.28417710097735166,0.3240429628496598,3,13149,0.0360201525509747,0.0880951677386072,0.1195300794798383,0.023926158034612635,0.3657145609919066,102.3276544520389,22.8152348628974,1.45
13151,Henry County,Georgia,0.6505335074595047,0,0.2549530182628357,0.39558048919666894,0,13151,0.030729191933028574,0.08156549192552641,0.10445679800901382,0.02389535061537119,0.38078916073960273,145.35079544878045,2.0484590033049117,1.0
13153,Houston County,Georgia,0.8685062974956111,0,0.2750580094971705,0.39302375780714566,2,13153,0.03520167404833891,0.08462791307872661,0.10733878481572037,0.024175034474696527,0.3802798270297143,143.813160298682,2.890054504706031,1.3
13155,Irwin County,Georgia,0.937463551750755,0,0.3365050527417982,0.3100215346725156,3,13155,0.0426535446293647,0.09865714532133396,0.1225971838624256,0.024555280751452552,0.380379596185321,93.89507490609851,25.0850303605356,1.45
13157,Jackson County,Georgia,0.6300452354081462,0,0.24315509331467808,0.38689014209346806,0,13157,0.03109309906037431,0.08168489701368813,0.11140090624752859,0.022589320016362328,0.3661561545147446,140.12436328340175,4.944383012007057,1.0
13159,Jasper County,Georgia,0.6523338288273841,0,0.31233006745907027,0.34000376136831384,0,13159,0.03842291134606973,0.09234136202078497,0.11984329531439834,0.024651331403372667,0.3777144388504527,111.92658413487028,19.03424525304476,1.0
13161,Jeff Davis County,Georgia,0.9744664509165362,0,0.3330917743925134,0.33895405382578736,3,13161,0.04315385583900833,0.0962122378026149,0.12111970471728171,0.025595120475378135,0.3735567571641588,111.29528308332996,19.391645044338624,1.45
13163,Jefferson County,Georgia,1.0875795173522622,1,0.4098482996442471,0.3402065399090372,3,13163,0.05113007351875537,0.11116970523257935,0.12359813744605593,0.027530145964392825,0.3955904044012983,112.04853648902822,18.512457019887435,1.45
13165,Jenkins County,Georgia,1.0449525210400008,1,0.41677246213431124,0.30388444892775834,3,13165,0.05378947345763535,0.11051794699807604,0.12331634452854395,0.02791962096300315,0.39499947618136233,90.2041909912003,26.629624042203893,1.45
13167,Johnson County,Georgia,0.9524939163170183,0,0.34489253807744624,0.311999818003256,3,13167,0.0457755793520453,0.09841300500224474,0.12043766389153962,0.024968250828904533,0.38239061376233746,95.08482757181264,24.12182122370076,1.45
13169,Jones County,Georgia,0.667674342037399,0,0.3029900858671722,0.3646842561702268,0,13169,0.03738751991900943,0.0903849282057038,0.11775704472178256,0.0236505240411151,0.3839965907389314,126.76959677387862,12.277179020258869,1.0
13171,Lamar County,Georgia,0.6694017961695388,0,0.3190503704078887,0.35035142576165007,0,13171,0.03795441754593927,0.09304503517028093,0.1157857678694693,0.025316140366761,0.38630063230347544,118.14973786850616,16.37738790511278,1.0
13173,Lanier County,Georgia,0.821790165482457,0,0.3160913833131495,0.316054897827202,2,13173,0.03889247928064045,0.0925233921644703,0.11558046162995389,0.0256882387633442,0.3791324082123773,97.5235793700283,23.149822431354664,1.3
13175,Laurens County,Georgia,1.070799426886526,1,0.3594928012428323,0.3789895621271857,3,13175,0.04493147375491955,0.10323116297128247,0.12102406557671327,0.025618569817976562,0.3870603261860675,135.37290229219275,7.764872474848243,1.45
13177,Lee County,Georgia,0.9178195842142886,0,0.26424175002980416,0.36873727356625685,3,13177,0.03231361227038668,0.08221297832429483,0.11031991500367086,0.023763644030973242,0.3777429360157288,129.20710821431908,11.108524711245853,1.45
13179,Liberty County,Georgia,0.91079007834738,0,0.24451962339834798,0.38361146511708655,3,13179,0.03098329283868854,0.08014716874264134,0.09375205065739685,0.02572801201962552,0.37396598710572754,138.1525452874398,6.21625782073568,1.45
13181,Lincoln County,Georgia,0.6647693428013168,0,0.3658716527310588,0.29889769007025796,0,13181,0.04511213374260465,0.1030106783155352,0.12712288552059564,0.0245982780520579,0.3919656628184227,87.20512126655976,27.215728779930632,1.0
13183,Long County,Georgia,0.6078396529545982,0,0.2610347238148453,0.3468049291397528,0,13183,0.0335235119193428,0.0828459972784578,0.10289712473350421,0.024763180419648603,0.37447937395643993,116.01685136823464,17.13256499925753,1.0
13185,Lowndes County,Georgia,0.9670133211202127,0,0.2764100724836261,0.39049566621996884,3,13185,0.035816265113541745,0.0832252065154844,0.10455002672945148,0.02531194782382203,0.37804901889977094,142.2927493149392,3.775661497085953,1.45
13187,Lumpkin County,Georgia,0.9018876544912228,0,0.251538849009298,0.3704526368467177,3,13187,0.0313723004147941,0.07924963113945505,0.11187088250663497,0.0236053884598278,0.3696006984528463,130.23873902467048,10.647043061650832,1.45
13189,McDuffie County,Georgia,1.0419304923261514,1,0.363013035145716,0.3555597181826644,3,13189,0.04508671861428273,0.09844531561048227,0.12132338698530766,0.0258545869558906,0.39527334812002374,121.2820393419262,14.695345565056066,1.45
13191,McIntosh County,Georgia,0.9953158946413582,0,0.3642028817934883,0.32222187313158623,3,13191,0.044454465208438765,0.10328499735116432,0.12622674174196036,0.0248975489567605,0.3905001990114803,101.23243906356788,21.982126349671123,1.45
13193,Macon County,Georgia,1.0663620109343042,1,0.4097976677103535,0.3256244087960632,3,13193,0.053822126184935724,0.11287816750595556,0.11936955649522446,0.02746390148385175,0.3936071859509731,103.27874649289032,22.97684041828808,1.45
13195,Madison County,Georgia,0.9710607814356105,0,0.30333216161431464,0.366364929030934,3,13195,0.03637033103005074,0.09172282925539622,0.12126352515530031,0.02384123798617025,0.37790844560357134,127.78036453658898,11.93896675092535,1.45
13197,Marion County,Georgia,0.9220267852634833,0,0.341691601413159,0.29418894014786395,3,13197,0.04461521744363225,0.09806323054554025,0.11945366964968934,0.025459419597085052,0.38010975194761304,84.37324795230975,27.801072733552186,1.45
13199,Meriwether County,Georgia,0.7396302980311209,0,0.3852311992829778,0.3543990987481431,0,13199,0.049086526453540225,0.10462779778366357,0.121896786090077,0.026590513085312326,0.3937012691958528,120.58403514574032,15.472763818150646,1.0
13201,Miller County,Georgia,0.9274232868467239,0,0.36173430781311,0.27786795897773403,3,13201,0.045100464167774065,0.10258485713079857,0.12374215954981296,0.025163879815516266,0.38920018024584685,74.55770204313784,28.6135333230002,1.45
13205,Mitchell County,Georgia,1.0745338602632732,1,0.3858282011465682,0.35522963351775827,3,13205,0.05070839092865962,0.1074182738387519,0.11730481292203358,0.0271483227444852,0.38923376676469074,121.08352424356742,14.337455962144997,1.45
13207,Monroe County,Georgia,0.7684788256549555,0,0.3030830146386336,0.3651594424526322,1,13207,0.03745352043240772,0.08988481202963633,0.12004432867591376,0.02337719961014966,0.38316987257555646,127.05537694369431,11.974763019844747,1.15
13209,Montgomery County,Georgia,0.9028333034018525,0,0.31470967120358373,0.3079339863149353,3,13209,0.038845372178891835,0.09317706845971736,0.11615138061872335,0.024307473278946903,0.3863890472272293,92.63960953132394,24.8130288071227,1.45
13211,Morgan County,Georgia,0.6478531182278374,0,0.29481508227710096,0.35303803595073646,0,13211,0.03563061873638842,0.09304222612896233,0.11809167592179383,0.0226761101222702,0.3824514353963701,119.76548298677692,15.920187791026716,1.0
13213,Murray County,Georgia,0.9515028344219846,0,0.2826734748443989,0.3735353764811078,3,13213,0.0348689656622118,0.08518246982479269,0.11866200089102348,0.024702715043802774,0.3666728274392199,132.09271900859193,9.986142916473629,1.45
13215,Muscogee County,Georgia,1.0642404215708126,1,0.3393656860742578,0.39459322535388885,3,13215,0.04290921222168528,0.09779910191024374,0.10498623364342634,0.026814084628668973,0.394517360479166,144.75704845083595,2.33341338079713,1.45
13217,Newton County,Georgia,0.6763120493500727,0,0.286006335147289,0.39030571420278376,0,13217,0.03576323598994841,0.0875299194142522,0.10843593963892463,0.025371516898997803,0.37552915125727443,142.17851091678256,4.056011714167747,1.0
13219,Oconee County,Georgia,0.58792845329703,0,0.2123852809368825,0.37554317236014756,0,13219,0.026610945533036764,0.07540491752335499,0.10779205979237888,0.02058771636552328,0.3742579692800984,133.300220715844,9.26564252460228,1.0
13221,Oglethorpe County,Georgia,0.6642970111018025,0,0.3257398619185365,0.33855714918326596,0,13221,0.04006626331171127,0.094499194862496,0.12288607102430665,0.02413072432042155,0.38406436353395823,111.05658200895076,19.14079457381736,1.0
13223,Paulding County,Georgia,0.6009215807282153,0,0.20708768796930335,0.39383389275891195,0,13223,0.027225410656922862,0.07529563408551973,0.10230480732350991,0.022590070138336894,0.3606575952478176,144.30038081127225,2.6152091835427287,1.0
13225,Peach County,Georgia,1.001329165087167,1,0.3271214932857788,0.3634503447053709,3,13225,0.04058859650005273,0.09291427323559179,0.1101636681890135,0.026746778759150134,0.38668410703223227,126.02751426640576,12.846694281260056,1.45
13227,Pickens County,Georgia,0.9298943330918422,0,0.27241841000972905,0.3688880266053345,3,13227,0.03372999576748717,0.08292005737108002,0.12023124117139036,0.022403450308749552,0.37681356220129697,129.29777208805248,10.90243739932347,1.45
13229,Pierce County,Georgia,0.9756090240643135,0,0.321513780174052,0.35132002952547453,3,13229,0.03987540702154682,0.0936344239052989,0.1232623015412251,0.024252981514862274,0.37977096808017696,118.73226257167876,16.237376500012072,1.45
13231,Pike County,Georgia,0.6125561555282109,0,0.2615378759312572,0.35101827959695364,0,13231,0.03184103722927738,0.0835609605045685,0.11699118149154045,0.022461659865611824,0.37343898051014635,118.55078817099096,15.77837664482071,1.0
13233,Polk County,Georgia,0.9656204088858255,0,0.2893941261575383,0.3765509834188931,3,13233,0.03810446476153806,0.08849280203561875,0.1145770305040177,0.024254732509448988,0.3709147260990748,133.90632494522652,8.465362417302865,1.45
13235,Pulaski County,Georgia,0.9705016197518406,0,0.35333344967902736,0.31597801221879374,3,13235,0.0436220257781792,0.09735877854825976,0.11923995907563396,0.02670434348965753,0.38689242336683294,97.47733985714493,23.57858414680859,1.45
13237,Putnam County,Georgia,1.0024667809263124,1,0.33537544881461695,0.35598095182421924,3,13237,0.04147891680827552,0.09627229604648128,0.1258480827696076,0.023763051831079476,0.3864726318027322,121.53537203706686,14.864007135089714,1.45
13239,Quitman County,Georgia,0.9249498811584373,0,0.44546674931361724,0.1924297204508223,3,13239,0.0560881550768771,0.1170476751583178,0.1344313534558334,0.0269278940020515,0.4005696255228989,23.174580898773037,31.43306930459021,1.45
13241,Rabun County,Georgia,0.9800922410988369,0,0.3312206938245218,0.34470498969191743,3,13241,0.0416313814497281,0.09613588338880023,0.13008984539942622,0.023308056814441137,0.3786746186740653,114.75393390991216,17.59934600907873,1.45
13243,Randolph County,Georgia,1.0738852616394055,1,0.46002296567761186,0.2805875595909436,3,13243,0.05991464422838085,0.11884878306710844,0.12673355041113815,0.02912136635124565,0.39959755264577596,76.19328782044552,29.05729823648192,1.45
13245,Richmond County,Georgia,1.0949190754956153,1,0.360532680844787,0.3945839229452925,3,13245,0.047138243624325234,0.09924619309245332,0.10666118267595205,0.027884018009435834,0.394016091039525,144.75145392084465,2.308174513223662,1.45
13247,Rockdale County,Georgia,1.0075301077463097,1,0.3069985920789788,0.38784975809089,3,13247,0.036877346371331304,0.09319443304235736,0.11222745522299249,0.024479548572115612,0.38772475422470354,140.7014826844773,4.983446772013565,1.45
13249,Schley County,Georgia,0.5701358186133709,0,0.31376738600414095,0.2563684326092299,0,13249,0.03906794498646155,0.09164613932849675,0.11758388757286795,0.02463730552265075,0.38236175862520855,61.62774483678294,30.566089679932603,1.0
13251,Screven County,Georgia,0.6916154630386746,0,0.3577762940302002,0.3338391690084743,0,13251,0.04485158074679098,0.10183706572620727,0.119846310372936,0.02562020844211558,0.38931406287319237,108.21915755992413,19.941689787660145,1.0
13253,Seminole County,Georgia,0.9960084588168852,0,0.37543603488259786,0.31146635050835747,3,13253,0.04764043602576516,0.1039493291501084,0.12600526954927657,0.025158067059933998,0.3921769203210453,94.76399669573698,24.363718656268304,1.45
13255,Spalding County,Georgia,1.0253097836945342,1,0.32268537416289955,0.3844248214885033,3,13255,0.04079899706318347,0.09443023306817394,0.11327724981750206,0.02554455850235605,0.38343736354247254,138.64170318309195,5.806072793729141,1.45
13257,Stephens County,Georgia,0.9929220351349393,0,0.32125420230775836,0.36351961502668245,3,13257,0.03865519479424758,0.09277637601561368,0.12378968856031046,0.02413772277010928,0.3837698531065828,126.06917389531468,12.31430349649562,1.45
13259,Stewart County,Georgia,0.9168726861880357,0,0.37633457837046586,0.2559914121040416,3,13259,0.053506610630322,0.10675850935184536,0.11649257515137075,0.025728848620860903,0.38532521626202715,61.40100221397124,31.29421219866517,1.45
13261,Sumter County,Georgia,1.0456305135422934,1,0.3553355108092677,0.36578898128886567,3,13261,0.04463392110908927,0.09807089709932724,0.11926757156942575,0.026211483818030575,0.38922498744704026,127.43398575919647,12.000709932574072,1.45
13263,Talbot County,Georgia,1.0304351506929197,1,0.43721924272762636,0.273425688784732,3,13263,0.056499730880038075,0.1166194475701937,0.1254559993852852,0.027198094568004032,0.4033894896142222,71.8860913987877,29.600907771631014,1.45
13265,Taliaferro County,Georgia,0.6816771782799792,0,0.4353317006294264,0.1574310630922947,1,13265,0.0566740340283623,0.1181719724846595,0.1261133313951301,0.0266147857815915,0.4020490148397557,2.126157125653149,30.3118321950533,1.15
13267,Tattnall County,Georgia,0.9621000238769898,0,0.3055918092790303,0.3579254485671695,3,13267,0.0404242839484528,0.09451596162101597,0.11194011293586904,0.0242475258151396,0.3778798617393507,122.7048052256545,14.379396098270176,1.45
13269,Taylor County,Georgia,1.0021051003288786,1,0.39205735060493313,0.29904961513912104,3,13269,0.04995180401928104,0.1072623573512005,0.12397005510041909,0.0265628270256613,0.39196716052085856,87.29649000674979,26.52552907586848,1.45
13271,Telfair County,Georgia,1.0259089609442875,1,0.3778984426591052,0.32962497868178275,3,13271,0.050256856048852966,0.1063968206652897,0.1268639797296499,0.025474540037213566,0.3810991567460753,105.684715654107,20.645713814189484,1.45
13273,Terrell County,Georgia,0.94505988007781,0,0.4204417672291581,0.3065273712922343,2,13273,0.0523850238484009,0.11078211660082322,0.1246341476370442,0.0277075118942619,0.4014821898790741,91.79366196310292,25.696232512123636,1.3
13275,Thomas County,Georgia,1.046581225108972,1,0.34517755218886015,0.3766026030587068,3,13275,0.04481457401824347,0.0961618646960095,0.11605791384107,0.025367409169376173,0.3921846636100153,133.93736933766374,8.479066444538681,1.45
13277,Tift County,Georgia,0.6980639979018122,0,0.3232730205098619,0.3747909773919502,0,13277,0.04078868282248121,0.09203328188094173,0.11400875473503018,0.025434505132859293,0.3873294137499411,132.84784569218417,9.0149529675904,1.0
13279,Toombs County,Georgia,1.0132964124389654,1,0.3359373920280152,0.36288771999885744,3,13279,0.04198352406455706,0.09432384284879652,0.12057524382331947,0.025681164766532667,0.38243075317323144,125.68914805062188,13.004372203274002,1.45
13281,Towns County,Georgia,0.9862524739269383,0,0.3483762153185168,0.3317979046310958,3,13281,0.0401644620456724,0.10122517451635904,0.13601178094723743,0.0220257701061931,0.39350100214667133,106.99152767664324,20.52449447586411,1.45
13283,Treutlen County,Georgia,0.6469974054218331,0,0.36417856468118487,0.2828188407406483,0,13283,0.04730762387062,0.10183529710030839,0.12166217986755855,0.0262037740642153,0.3829376871771731,77.53519504605269,28.41434917144185,1.0
13285,Troup County,Georgia,1.021017853236953,1,0.3197337132984673,0.3844165303132244,3,13285,0.03975519171852891,0.0950792620184418,0.11439517391624315,0.02536779993256542,0.381441090602299,138.63671681549906,6.073474125511758,1.45
13287,Turner County,Georgia,0.9808864512386547,0,0.36804758674540605,0.3084258279019421,3,13287,0.0475815747880044,0.10168115869623305,0.12279964899969706,0.026018077016665503,0.38626782268950605,92.93540631136932,25.23491073885351,1.45
13289,Twiggs County,Georgia,0.987924058026135,0,0.38533145719260753,0.2959954793771408,3,13289,0.049037968418551195,0.10720695332206034,0.12375483194272424,0.026237384662274703,0.38987911842333106,85.45971258068275,26.859614172158626,1.45
13291,Union County,Georgia,1.0303891677045383,1,0.34863877689202727,0.3619744422145509,3,13291,0.04086743531041255,0.10127967968493813,0.1350032713302237,0.022280829475639682,0.39164045378343987,125.13989675707256,13.173887473252377,1.45
13293,Upson County,Georgia,1.035999018696746,1,0.3510271995253946,0.3634548823344303,3,13293,0.04213612660344626,0.1015283386245511,0.1252890912950824,0.02511360939274583,0.38445807170427,126.0302432265024,12.760955571852055,1.45
13295,Walker County,Georgia,0.9869165011936002,0,0.2960093902770584,0.3846226795116315,3,13295,0.03760570583740179,0.08926497082101388,0.11943773226204417,0.02400992834097428,0.3723014729142884,138.76069630545808,5.771789692208133,1.45
13297,Walton County,Georgia,0.6492886860449215,0,0.25983483233946203,0.3894538537054595,0,13297,0.03225723949665662,0.08302561509536621,0.11484911029748117,0.023383977785518154,0.36775442166708167,141.66619638541118,4.100337634360523,1.0
13299,Ware County,Georgia,1.0847995923672942,1,0.37596294280698056,0.3721747071014982,3,13299,0.048474546793998326,0.10468887448462151,0.12052500241229064,0.02625363359545369,0.3898884671408605,131.27440345369098,9.623892903472894,1.45
13301,Warren County,Georgia,0.71830203986598,0,0.4503325299202996,0.26796950994568036,0,13301,0.05766221469214455,0.11776208263957645,0.1269047026800331,0.02815797388466515,0.40334796002392653,68.60470939576334,30.32452168541745,1.0
13303,Washington County,Georgia,0.827318015245636,0,0.3690781367740445,0.35032883300476947,1,13303,0.04739358869442696,0.10453350098652064,0.11546356005624156,0.02592364026104944,0.3958062211008249,118.1361504352468,16.057954159784448,1.15
13305,Wayne County,Georgia,0.9855221669203235,0,0.31219745127465603,0.3674730086703947,3,13305,0.03951663879466933,0.09262010154282935,0.11860909204644475,0.024537039372594882,0.3773096345184277,128.4467709528926,11.6885951631972,1.45
13307,Webster County,Georgia,0.8106301695093061,0,0.3622036789030049,0.19685161041375798,3,13307,0.0460049262746243,0.10295654185371556,0.12144625659830205,0.02539115397702775,0.3888296431470991,25.83393473810821,31.11481235911353,1.45
13309,Wheeler County,Georgia,0.9024645338199793,0,0.3267156625844487,0.2956736710845025,3,13309,0.044242265492076494,0.10037585649475844,0.11479327252877405,0.0245757657001102,0.37558101898949936,85.26617494728819,26.97654598039065,1.45
13311,White County,Georgia,0.6536554170494429,0,0.2893928283281228,0.36426258872132006,0,13311,0.034409293283364534,0.08806921136065902,0.1283612275813092,0.02196573206452308,0.3762880606720633,126.5160031841303,11.928003563997946,1.0
13313,Whitfield County,Georgia,0.9314471828479861,0,0.2531183643520308,0.3892590031293389,3,13313,0.03773739607408153,0.07771762821173613,0.11074926527408518,0.02358170933606693,0.36006910273964565,141.54901196154574,4.209651983997747,1.45
13315,Wilcox County,Georgia,0.9389869538911235,0,0.3388432271428349,0.30873398243725036,3,13315,0.0443212178799992,0.10201267065481318,0.12001826271992545,0.024462064271317824,0.37861643751024654,93.12073248489456,24.54510769021089,1.45
13317,Wilkes County,Georgia,0.7099399597965017,0,0.39849108258499494,0.3114488772115068,0,13317,0.051005495564790976,0.1094034290267276,0.1273725243985222,0.025450175461028873,0.39624237163617976,94.75348813956413,25.010641586579187,1.0
13319,Wilkinson County,Georgia,1.006606401531309,1,0.3862698305749189,0.30794148082598377,3,13319,0.04874993722637674,0.10538342138292837,0.12678967728132426,0.0256205176671955,0.3942110311199872,92.64411677978508,24.76534330731119,1.45
13321,Worth County,Georgia,1.0031865573671237,1,0.33890056594369744,0.35295223224052585,3,13321,0.04265417974993964,0.0977283398284521,0.12035392207028688,0.025308228041871578,0.38211139841972525,119.71388006854728,15.823124510827109,1.45
15001,Hawaii County,Hawaii,0.8897267273860866,0,0.21724885102450872,0.39635578855210274,3,15001,0.030453356974809102,0.07083058387002683,0.09793983163369652,0.022986403312832106,0.3741371080041091,145.817065603576,1.8852973239069561,1.45
15003,Honolulu County,Hawaii,0.9014415163247849,0,0.22243460470012605,0.39924919966179456,3,15003,0.029576260639158983,0.07005241654202535,0.10112380340761047,0.020544809569014458,0.3965089988813564,147.55718216184184,1.0730132813286608,1.45
15005,Kalawao County,Hawaii,0.2920961201574225,0,0.2920961201574225,0.0,0,15005,0.0412693246652106,0.0837700343873219,0.1013540101321824,0.025586205529156,0.3837235380217295,-92.553924372159,3.3178211914941,1.0
15007,Kauai County,Hawaii,0.7005002882965851,0,0.21954962816375506,0.3895810573115363,1,15007,0.029375990651833172,0.06969344743649812,0.0958808167650081,0.022360209665171944,0.3888692105147745,141.7426974745457,4.288832387834254,1.15
15009,Maui County,Hawaii,0.8127796717693521,0,0.1651549851398553,0.39538271952866344,3,15009,0.027762730459515533,0.06193849393116106,0.08888676913316344,0.021882344901568998,0.3606736837835799,145.23185546376888,2.140425392960879,1.45
16001,Ada County,Idaho,0.8545620820577308,0,0.19063429391188966,0.3987188661279246,3,16001,0.022886633380454897,0.06639698341428514,0.09917850103077738,0.023485240608717074,0.3648520184209191,147.23823607063497,1.2504118537788516,1.45
16003,Adams County,Idaho,0.6449104205289222,0,0.2670622615037758,0.29372940852137397,1,16003,0.0346662889942522,0.0862731021739586,0.1201647210587753,0.022906549775266898,0.3601381653900143,84.09688259599258,27.62589804430649,1.15
16005,Bannock County,Idaho,0.8343921942317416,0,0.18374075177614116,0.39170214079747373,3,16005,0.0269358044519044,0.07150109350009969,0.09695645481344138,0.023882057694628048,0.3405786839989851,143.01833109708235,3.486608851466325,1.45
16007,Bear Lake County,Idaho,0.8079452000427948,0,0.23865597689960072,0.3185476093368094,3,16007,0.033623004472215196,0.0816396397843743,0.1087038364211453,0.02296045747409805,0.3566871141651049,99.02271254136316,22.82090856845159,1.45
16009,Benewah County,Idaho,0.9003153712000082,0,0.28126761010741036,0.3396395424443195,3,16009,0.03851018063880325,0.08552399511599505,0.11671049413406506,0.02445464682188395,0.3607788671526939,111.70754046756925,19.607557169656992,1.45
16011,Bingham County,Idaho,0.8640653843176558,0,0.21017324398992168,0.3857339176084616,3,16011,0.03345897088757295,0.07645475108445063,0.10429218659132838,0.023735898328680838,0.33532503486269366,139.42900223889174,5.613671569928514,1.45
16013,Blaine County,Idaho,0.5549092769400343,0,0.1830698521487007,0.3718394247913337,0,16013,0.0275973087114628,0.07004069817555028,0.10682460346695995,0.0219071241962365,0.3399609386336856,131.0727624571328,9.935095720515791,1.0
16015,Boise County,Idaho,0.8394013909946726,0,0.249523281786139,0.32937422924466964,3,16015,0.0326369387575293,0.0828930939200662,0.1209896399038031,0.0225834957598929,0.3524660355164144,105.5339132859144,22.97585380620548,1.45
16017,Bonner County,Idaho,0.7389809466718359,0,0.25703092063860256,0.38556120690212436,1,16017,0.033361718885747134,0.0800151649324696,0.11837925418191529,0.023664586861154736,0.3588789241741446,139.32513287899312,5.655692910575293,1.15
16019,Bonneville County,Idaho,0.6551690499796387,0,0.1756052800516692,0.3941069373219297,1,16019,0.02632891044864208,0.06670190507218703,0.1013417289249096,0.022742238671187673,0.3422412635932628,144.4645916154888,2.633093190853639,1.15
16021,Boundary County,Idaho,0.697528477171447,0,0.25430035159052394,0.3522461502976908,1,16021,0.03489175131407455,0.0851239850190364,0.11369973996131649,0.0234660185124135,0.35352238168378713,119.2892377230112,15.58035103226837,1.15
16023,Butte County,Idaho,0.7425655900287998,0,0.2680479241386611,0.24406627588120086,3,16023,0.0375892318893708,0.087289922133204,0.1152235291683477,0.0237768771453267,0.3537336118055039,54.22914649964412,32.766904492857826,1.45
16025,Camas County,Idaho,0.4815410279961376,0,0.2521065606266715,0.1666247680656221,1,16025,0.035152296239225,0.0845920464768196,0.1144350206313187,0.0235066685444238,0.3498727948767315,7.655312039834019,33.02715235236983,1.15
16027,Canyon County,Idaho,0.9304897834875807,0,0.24470500559569835,0.3970120864647021,3,16027,0.03337083537153785,0.07725671254872644,0.10920273372132233,0.025726431264185695,0.34847710082908073,146.21176750440304,1.6500646348096304,1.45
16029,Caribou County,Idaho,0.8042152906997119,0,0.2331384788126799,0.3214927561526386,3,16029,0.030822266366017502,0.07981640478592525,0.112438426209579,0.0232578898188274,0.35216806388125876,100.79394329512016,23.75145401118336,1.45
16031,Cassia County,Idaho,0.8448934311638706,0,0.20945484491906108,0.3732302800215393,3,16031,0.032128069960879066,0.07476223002196719,0.10582544210918256,0.023484773070017433,0.33979335456139775,131.90923198202142,9.712723503150428,1.45
16033,Clark County,Idaho,0.41367197917876364,0,0.22896586394102023,0.13074890056225252,1,16033,0.0372941042669338,0.0783600546233822,0.1080021094664286,0.0240451511656273,0.3351491106717602,-13.920671710160688,29.604036762832283,1.15
16035,Clearwater County,Idaho,0.8863421360080692,0,0.2764112922579724,0.3348591463682823,3,16035,0.0382938248456563,0.09062012012703645,0.11675186325686951,0.022996608517365548,0.35956903576460014,108.83257868314888,20.036603354577185,1.45
16037,Custer County,Idaho,0.8463864817342709,0,0.2942627647818428,0.2894520502073095,3,16037,0.0365310775233398,0.0896853596280177,0.1276062006598655,0.0239567688128787,0.3600289817326345,81.52445104521568,29.18327778083872,1.45
16039,Elmore County,Idaho,0.7833319286004435,0,0.16396684772511835,0.37626206855104966,3,16039,0.028777405935161662,0.06711690562875977,0.09284941659599558,0.024213510221187298,0.3253767823089875,133.73256963483198,8.526224137558895,1.45
16041,Franklin County,Idaho,0.6193885316762854,0,0.18210457630279547,0.3564941468939744,1,16041,0.0276243040860249,0.0698532284546472,0.10487062140612169,0.0222289887690033,0.3397570822756366,121.84401094272047,15.584387859377271,1.15
16043,Fremont County,Idaho,0.8453204425477338,0,0.22951810544566117,0.3534615101045,3,16043,0.03244861391210623,0.079854198063957,0.11344898778861677,0.0225736021032483,0.347911876078907,120.02016314076306,15.754326614229077,1.45
16045,Gem County,Idaho,0.6264002651781184,0,0.25906849464796494,0.36733177053015353,0,16045,0.03495449240767617,0.0863738038823655,0.11424160098783911,0.0234023815270004,0.35625327934445433,128.36182940218484,11.465515588910982,1.0
16047,Gooding County,Idaho,0.846690476129546,0,0.224947593680961,0.35897687261527755,3,16047,0.0331113952271747,0.07848145823743369,0.10822099717510475,0.02335198122366085,0.34572788642384067,123.3371385949926,14.641054185916412,1.45
16049,Idaho County,Idaho,0.9076655144810145,0,0.263577505988426,0.3623987108950323,3,16049,0.038668008489254724,0.08850302181791532,0.11948353394750462,0.02355711863781526,0.339541097431507,125.39505474467629,13.295597142521135,1.45
16051,Jefferson County,Idaho,0.7895875887720534,0,0.16623504781990986,0.3783081168504718,3,16051,0.025614756276256825,0.06768981027564025,0.09564117823581225,0.0232204676060129,0.33778518507180283,134.96307660043746,8.421743994722176,1.45
16053,Jerome County,Idaho,0.8220211390450379,0,0.19339924641997525,0.37351188395591306,3,16053,0.032190942177374816,0.07145393214606212,0.0990820541626968,0.02418488445992236,0.3326144981803846,132.07859044872365,9.241916692357794,1.45
16055,Kootenai County,Idaho,0.8853894360096008,0,0.21486600908674203,0.39574739505781026,3,16055,0.029592217621774518,0.07533506827170482,0.10383387492357861,0.023068022094489105,0.35715870000314487,145.45117373642535,2.080114473934937,1.45
16057,Latah County,Idaho,0.7764981731119593,0,0.15284517999459338,0.38267080146193033,3,16057,0.023422125701480903,0.061456363592943715,0.0908774457574005,0.023865353659278846,0.34057273230982027,137.58682395022186,6.5934384849055405,1.45
16059,Lemhi County,Idaho,0.8711485652122797,0,0.27324198034489994,0.32755013359460333,3,16059,0.0388116796396423,0.0868189068819239,0.11332609163053224,0.0238622056889804,0.35934587112947386,104.4368901100826,22.389416581540573,1.45
16061,Lewis County,Idaho,0.6864352058646022,0,0.32252935975205194,0.2743708192606456,1,16061,0.04284892484652725,0.09425006991522336,0.1249328520554376,0.024677077440855448,0.36690457483849886,72.45449911152167,30.878772634971806,1.15
16063,Lincoln County,Idaho,0.7417244893566104,0,0.21154614805621327,0.29998798253455256,3,16063,0.0337146889750349,0.076580299788753,0.104234157769682,0.0242138544694865,0.3324501419808308,87.86083035819786,26.43327831118789,1.45
16065,Madison County,Idaho,0.6936619731857346,0,0.09180963853497592,0.3865779291793239,3,16065,0.017302835099629533,0.0473995657217217,0.06818052921486237,0.027009930011304265,0.3226141096258288,139.93659637403064,5.351825745244087,1.45
16067,Minidoka County,Idaho,0.8790650426788033,0,0.23667238870133855,0.3695793648702499,3,16067,0.035714047337362255,0.0796689902322716,0.11172636582832812,0.02359678564296928,0.34285312745651664,129.71354748827554,11.198741057801971,1.45
16069,Nez Perce County,Idaho,0.8820371297748254,0,0.2248926351158643,0.38340883369436013,3,16069,0.03198376935458847,0.07885928149241335,0.10753787526717891,0.023248776139315874,0.34969543565036587,138.03068141101724,6.50961125068683,1.45
16071,Oneida County,Idaho,0.7721372215353624,0,0.23902623184854555,0.293482196796532,3,16071,0.0327988807343924,0.0827136375509896,0.1187558557280745,0.0226701904082983,0.3439541977873919,83.94820783133366,28.616073459900274,1.45
16073,Owyhee County,Idaho,0.6634474412277547,0,0.22880343097264522,0.3481073874862719,1,16073,0.03526984843173497,0.08013607105338354,0.10727957112080037,0.02422623548878537,0.3370081876334124,116.80015842323203,17.321420451040535,1.15
16075,Payette County,Idaho,0.900110455762669,0,0.2462419589735934,0.3745238725868679,3,16075,0.03353410966920993,0.08355050481334417,0.10971569038146008,0.023989003481094076,0.3527930734440856,132.68720709763426,9.681240188210008,1.45
16077,Power County,Idaho,0.797956146918845,0,0.2239227203988767,0.3263918636830854,3,16077,0.03511945193112265,0.07996226606987336,0.1100380440308325,0.0242932733620565,0.3275828638429714,103.7402989325544,23.08157351085006,1.45
16079,Shoshone County,Idaho,0.9482250373761455,0,0.3008551640489059,0.3530931375898152,3,16079,0.040735359380232004,0.0922670073580409,0.12325741098735055,0.02508854632517203,0.351285692534949,119.79862147657789,16.01980494329312,1.45
16081,Teton County,Idaho,0.6671169455026941,0,0.11056278518622993,0.34951786688459363,3,16081,0.0209917218815505,0.0577754615394378,0.0873436942953928,0.0217303568831296,0.3284391287325872,117.64843005248348,16.603405279806992,1.45
16083,Twin Falls County,Idaho,0.8728267010085465,0,0.20977519293176194,0.39217425603964945,3,16083,0.029811631034114223,0.07505609455177184,0.10130470318426313,0.023787261049334388,0.35009661979540735,143.30226432301342,3.4032904642958863,1.45
16085,Valley County,Idaho,0.8279604492600521,0,0.22233098548857644,0.34867622089766637,3,16085,0.031514231430377536,0.0757172241048345,0.10946655403445717,0.022825809649536233,0.3529367218877801,117.14225859515257,17.10712667473076,1.45
16087,Washington County,Idaho,0.9499023160703225,0,0.3105415070483426,0.34456353851739707,3,16087,0.040692671437252304,0.09298620748837766,0.12098194145922722,0.024341939443691465,0.3699126488726241,114.66886423898137,18.17757093930313,1.45
17001,Adams County,Illinois,0.9606346207640537,0,0.27455038428741213,0.38795625072228007,3,17001,0.031063476832689018,0.08462235511921713,0.11077383492670587,0.02408199442201475,0.38510112125640805,140.76552805659688,4.889500328364759,1.45
17003,Alexander County,Illinois,0.9794187971693488,0,0.38637857329513037,0.28908266613200667,3,17003,0.045918578895529576,0.10295199546898945,0.11855823405025125,0.027448228223123726,0.4038025059568706,81.30230102179138,28.80442686638988,1.45
17005,Bond County,Illinois,0.9010844578027071,0,0.2642705786132396,0.3571669784920757,3,17005,0.030897620967358274,0.08123146340326878,0.11298268823542065,0.023738814611795674,0.37867740041574516,122.2486563112472,15.018088138773347,1.45
17007,Boone County,Illinois,0.631232812931965,0,0.2466588931738719,0.3845739197580931,0,17007,0.029898124497429072,0.07575008383343325,0.10944165522697664,0.023413879544269014,0.37839335285588593,138.7313718675222,6.034377917055031,1.0
17009,Brown County,Illinois,0.7854773269039746,0,0.23598919075977454,0.3057193105533115,3,17009,0.0294900231501742,0.08081801925178744,0.10484557958942076,0.022369070687553352,0.37559797934869316,91.30768889582114,26.05474290010837,1.45
17011,Bureau County,Illinois,0.9575347576335174,0,0.2838682728264158,0.37650052554152724,3,17011,0.03230026963668858,0.08350828126769373,0.11971769550709505,0.02311243353416281,0.3870729372541906,133.87597924440124,9.154177700980354,1.45
17013,Calhoun County,Illinois,0.8295769847535286,0,0.2913936211071693,0.2807284373435401,3,17013,0.03304471695532195,0.08723985637183025,0.1215056801264969,0.0230246215912282,0.3856583166240938,76.27801263164267,29.731639499878167,1.45
17015,Carroll County,Illinois,0.9351013199764189,0,0.2909477075352479,0.3539497545174548,3,17015,0.03317179479476252,0.0869327601488681,0.12083738492415888,0.02264064512700562,0.38928944697453544,120.31379655656688,15.921328112324424,1.45
17017,Cass County,Illinois,0.9047507855527918,0,0.2779359480849176,0.3460301109170077,3,17017,0.03291322485604086,0.08227801605905777,0.11425127678651593,0.02384418538008834,0.38406984613215583,115.55087056981692,17.608416787441485,1.45
17019,Champaign County,Illinois,0.855661137430483,0,0.19393813449656172,0.39617299476584034,3,17019,0.02409300297649882,0.06403780701427389,0.08799954580248265,0.023861104067528963,0.38360482946890206,145.707132212791,1.941434800941801,1.45
17021,Christian County,Illinois,0.9561348111147444,0,0.28237827958363787,0.3770250384265307,3,17021,0.03188231204027684,0.08485363192535109,0.11753558337778255,0.02359671882961766,0.3842411917277898,134.1914247589225,8.691934281152657,1.45
17023,Clark County,Illinois,0.9103376227725092,0,0.2740218263791329,0.35379722380880446,3,17023,0.03166364342537072,0.0842864861230326,0.11638370512866264,0.0232650609641766,0.38099637620996674,120.2220635806073,16.016128113427392,1.45
17025,Clay County,Illinois,0.9375975174337207,0,0.2991932322581478,0.3474257452823492,3,17025,0.03404863001600697,0.08790545187258306,0.11993294760578993,0.02417767587389005,0.3842898457514005,116.39021429815226,17.135201040053573,1.45
17027,Clinton County,Illinois,0.9047667378857216,0,0.24482664969011772,0.3791504109207247,3,17027,0.028116627789325173,0.0774358977413951,0.1105084133984327,0.02301120936028035,0.37964186563979563,135.46963781936233,7.729888222285888,1.45
17029,Coles County,Illinois,0.9307680329931876,0,0.25863600752674676,0.38327298074441707,3,17029,0.028962925764597493,0.07597951016897797,0.10498507443896786,0.025556214010539032,0.3838424532421202,137.94897854933495,6.260077296794198,1.45
17031,Cook County,Illinois,0.9135427535841686,0,0.23002948523046107,0.4,3,17031,0.03181077382690155,0.07413421181431773,0.0961942096846161,0.02358349178505169,0.37782385746817837,148.0087184458102,1.0627977184826694,1.45
17033,Crawford County,Illinois,0.9229353134461044,0,0.27607833044325164,0.3604287822781997,3,17033,0.031321601015129964,0.08239653743250672,0.11549112959959865,0.023803066894934652,0.38413580309242285,124.21032665910631,13.66750196486236,1.45
17035,Cumberland County,Illinois,0.6187547393739607,0,0.2841642623513867,0.3345904770225741,0,17035,0.03181590670837744,0.08432959467337534,0.11915572171530944,0.0237509631763315,0.3833800068592782,108.67099916352952,20.557403018381528,1.0
17037,DeKalb County,Illinois,0.8647092103803268,0,0.20422202038684564,0.3921291591857935,3,17037,0.024035199962240884,0.06593674398388613,0.09594520819608986,0.024161854362670657,0.3772059213554343,143.27514277714752,3.1984019686133554,1.45
17039,De Witt County,Illinois,0.9288967773891935,0,0.28659874986282585,0.3540197173021352,3,17039,0.031371252416711924,0.08378116619091658,0.1185854275754394,0.02365106274374026,0.3895240325420085,120.35587263752092,15.840182721485135,1.45
17041,Douglas County,Illinois,0.6413519504131101,0,0.27948507679732537,0.36186687361578473,0,17041,0.0326418190627593,0.08374483082441878,0.11666521100502009,0.02409676566522548,0.37851535543608483,125.07520429106404,13.56612049374907,1.0
17043,DuPage County,Illinois,0.8382774774770801,0,0.1790242568576154,0.39909814140243993,3,17043,0.024811153581687603,0.062358572547463104,0.10736086446604425,0.020356679228916194,0.36468993609161904,147.46633472661728,1.1213062231634203,1.45
17045,Edgar County,Illinois,0.9258864487965379,0,0.28277481429921125,0.35576756418115973,3,17045,0.03153755082557402,0.08476409960746886,0.12032230241119297,0.02318474215120714,0.3843971933278999,121.40703929866912,15.443768378831068,1.45
17047,Edwards County,Illinois,0.861959273098183,0,0.2884469174415511,0.30600775366064403,3,17047,0.03200687632836603,0.08455715652396696,0.11895228922926157,0.023562684382199398,0.388907611482325,91.48116048632748,25.45373178910561,1.45
17049,Effingham County,Illinois,0.9199885699283067,0,0.25669656742214514,0.3777783083904802,3,17049,0.0287485493068493,0.07924251096185783,0.11307949819406134,0.023133377401415262,0.38317531472800376,134.64444629213023,8.07620848204537,1.45
17051,Fayette County,Illinois,0.9579165176395232,0,0.2955306893411235,0.36510139178958223,3,17051,0.0340800353361577,0.08673799715301954,0.11781786007840124,0.0248453939543651,0.38026874653472104,127.02046489139272,12.28524196717458,1.45
17053,Ford County,Illinois,0.9340128651270555,0,0.29406308854951146,0.35008371498638885,3,17053,0.03336700279884846,0.0867226072644339,0.11957063093075915,0.023733909628588158,0.38614312783757065,117.98873483948694,16.338746623775414,1.45
17055,Franklin County,Illinois,1.016736966793929,1,0.32164833199333154,0.3795495761404126,3,17055,0.03644804338311312,0.09096675705927408,0.11962687304766459,0.025332264026942514,0.3896691490549931,135.70969841978518,7.785785145574683,1.45
17057,Fulton County,Illinois,0.7733578150536058,0,0.29528001404804155,0.3772050425203113,1,17057,0.03356502419157478,0.08779226140586814,0.11844728150353512,0.023898635291100024,0.3858894033684667,134.2996804102173,8.798967049636255,1.15
17059,Gallatin County,Illinois,0.7146138860225609,0,0.33556600479025667,0.28583737435979634,1,17059,0.0383437660988796,0.09335971771342685,0.12462096899173356,0.02541184542531775,0.3879909651265473,79.35056110819558,29.36427591559258,1.15
17061,Greene County,Illinois,0.922722335328929,0,0.2930982708407553,0.3432619604205751,3,17061,0.033309553879794424,0.08677291176312997,0.11952129131261652,0.02391435439415094,0.38388364464051056,113.8860865719677,18.13918321404941,1.45
17063,Grundy County,Illinois,0.5955852764022309,0,0.2105346040471217,0.3850506723551092,0,17063,0.025401086150068513,0.07004266101557004,0.10386370774570844,0.0226027450894127,0.37400410606435075,139.0180940292935,5.891283748940907,1.0
17065,Hamilton County,Illinois,0.9055081744322908,0,0.3020487777303226,0.32243961842987795,3,17065,0.0330960066892092,0.08774766249900304,0.12232688424373644,0.0238096151395969,0.38893103362549564,101.36339252461347,23.59681426789488,1.45
17067,Hancock County,Illinois,0.9491966766473624,0,0.29558433846350446,0.3590340592243316,3,17067,0.03382184476536277,0.08761657459461829,0.11934101158790292,0.023493417535784773,0.38752925152332485,123.37153099951219,14.494743565180796,1.45
17069,Hardin County,Illinois,0.8450190177573772,0,0.3167020702141755,0.26606966617022254,3,17069,0.03693189485262,0.0909621647632285,0.12358651270672255,0.024441567160338247,0.3837757994294453,67.46213079684983,30.86852211531365,1.45
17071,Henderson County,Illinois,0.8809709470583532,0,0.3008661488453926,0.3067000215396786,3,17071,0.032930482748407035,0.0885910046189227,0.12390173279230517,0.02302691186310547,0.39029476781096983,91.89749496262388,25.49366481759857,1.45
17073,Henry County,Illinois,0.9591180258366515,0,0.2770796467170481,0.38438106075650474,3,17073,0.031190506740782095,0.08365799750134736,0.11684215788632359,0.02349557229846717,0.38387546214462287,138.61538518973887,6.109383557936257,1.45
17075,Iroquois County,Illinois,0.9953707153777058,0,0.3149433906719705,0.37151917165748183,3,17075,0.03440672267269614,0.08983444896704353,0.12557697016973451,0.023899408276312477,0.3906830634858142,130.88016010650742,10.216610808124257,1.45
17077,Jackson County,Illinois,0.9127307115963346,0,0.24427622783664335,0.3851932284366908,3,17077,0.027881023256302533,0.0745507932339494,0.09578833925139213,0.026201820655724403,0.3827236278079523,139.1038281986311,5.919961464022073,1.45
17079,Jasper County,Illinois,0.6157773497267403,0,0.2862315790116942,0.3295457707150461,0,17079,0.0320470506573363,0.08472458278115517,0.11912343923480183,0.0235788251192458,0.3858029865680497,105.637079459581,21.949907260852477,1.0
17081,Jefferson County,Illinois,0.9864419894651574,0,0.30074269506893825,0.37956212525185995,3,17081,0.034535017297844674,0.08659301707096655,0.1168517622499421,0.02511931968301653,0.38438736265175333,135.71724553832215,7.854804024737986,1.45
17083,Jersey County,Illinois,0.9076160498230454,0,0.26034325445575146,0.3655988488704867,3,17083,0.029040460764104017,0.07840842440957614,0.11426131658140536,0.023516773453435367,0.38284129030638814,127.31963886656996,12.077133686991564,1.45
17085,Jo Daviess County,Illinois,0.6661036316313633,0,0.2996554034190259,0.36644822821233747,0,17085,0.033443333128387154,0.08736138038316282,0.1250819282866891,0.02269914136505123,0.3902179590862377,127.83046121464648,11.540487330332812,1.0
17087,Johnson County,Illinois,0.9717042846788378,0,0.3225249703840236,0.3476159156013819,3,17087,0.03910741690473125,0.09386923184055887,0.1137135321769468,0.0253258621166853,0.3891726671928328,116.50458398448237,17.028082413913253,1.45
17089,Kane County,Illinois,0.8998297831275739,0,0.22220036998771817,0.39837189423819486,3,17089,0.02854617257489695,0.06942737439586902,0.10522532750925061,0.022440973878271913,0.3788638286975121,147.02956488369264,1.2675683900200991,1.45
17091,Kankakee County,Illinois,0.7841871550814592,0,0.2891933397270452,0.3927085342568324,1,17091,0.033954673056610846,0.08588016880947942,0.1078834809716157,0.02518610334012549,0.3880347383900104,143.62358277282746,3.135514207511474,1.15
17093,Kendall County,Illinois,0.570373001947146,0,0.17669440039829204,0.393678601548854,0,17093,0.02275266440447902,0.06260762028116398,0.0978714410419429,0.02186596401272911,0.37021947414724105,144.20698765152738,2.6999160124968995,1.0
17095,Knox County,Illinois,1.00465982060575,1,0.3091827245298992,0.3836861172671698,3,17095,0.0357729429514928,0.08697080934021528,0.12047652292871268,0.02498795209021665,0.38517478608872985,138.19744158372998,6.312869950229448,1.45
17097,Lake County,Illinois,0.8894825821085115,0,0.2145903842319238,0.39884587929118764,3,17097,0.027431924341788934,0.06931960888051988,0.10201574893863408,0.02217879524664723,0.3806018978495107,147.31462262620303,1.193764660248144,1.45
17099,LaSalle County,Illinois,0.9557509707207658,0,0.2665710727768929,0.39256752772018694,3,17099,0.03173648205571452,0.08115244594821447,0.11368795050262476,0.02350360654371871,0.37990271405913933,143.53878051005233,3.0743061194421477,1.45
17101,Lawrence County,Illinois,0.9278775901219393,0,0.2869014811955586,0.35301409819888224,3,17101,0.03366194955620934,0.08569501361739777,0.11458632052042388,0.024162240602156403,0.38384458070465916,119.751086664654,15.39877508491118,1.45
17103,Lee County,Illinois,0.7401111766668117,0,0.2667055743963009,0.3768693618357093,1,17103,0.03205096295694672,0.08172908098875033,0.11147530464425585,0.02323988372479473,0.3838972753270783,134.0977998286403,8.5884252378453,1.15
17105,Livingston County,Illinois,0.9669701741117422,0,0.2886550169099349,0.3782209652360943,3,17105,0.032319306158636645,0.08483519845870102,0.1169922708828199,0.02425970911703748,0.3857391192195669,134.9106630437362,8.351497763889766,1.45
17107,Logan County,Illinois,0.7160382445576153,0,0.2505233579833806,0.3721185938058502,1,17107,0.02923868364569414,0.07781158403246664,0.10971162988114498,0.023407800856800588,0.38069512182090937,131.24065654694522,10.26203046426654,1.15
17109,McDonough County,Illinois,0.8991185701604147,0,0.24886377231488846,0.37121800020953555,3,17109,0.027779412386149022,0.07582491510398126,0.10281128037018815,0.02576498473337542,0.3783086936872162,130.69903360785926,10.387753091731973,1.45
17111,McHenry County,Illinois,0.5910613772117761,0,0.19362738685399172,0.39743399035778443,0,17111,0.0246474615204339,0.06626944854091672,0.10064678536621288,0.02207315210276606,0.3723947352315172,146.46550329324074,1.543776299155709,1.0
17113,McLean County,Illinois,0.8732511055991611,0,0.20691097454343002,0.3953311672490949,3,17113,0.024435969542668037,0.0675167310347943,0.09717913406608361,0.023881193026399853,0.37696940487542013,145.2008515822281,2.08400782657477,1.45
17115,Macon County,Illinois,1.0193200749343743,1,0.3107851445004497,0.3921942175232566,3,17115,0.03536301838549777,0.08754422848082531,0.11176262282050502,0.02599102746561135,0.3930623524099947,143.3142692911412,3.1611744899234058,1.45
17117,Macoupin County,Illinois,0.9601612582282054,0,0.27922423467163304,0.38295594341678446,3,17117,0.032094269627268524,0.08214617119120043,0.11697542449564582,0.023555057699277775,0.3855565773559493,137.75831020581683,6.34931026053225,1.45
17119,Madison County,Illinois,0.871201850989937,0,0.27314839565197147,0.3970068743402877,2,17119,0.030637399876133006,0.0801859110457888,0.1117007850027336,0.024736029089216603,0.3847862118286593,146.2086328983435,1.70551346206557,1.3
17121,Marion County,Illinois,1.0103823178065863,1,0.317554123579008,0.3792612680117412,3,17121,0.03572318556637567,0.08797206528467447,0.12113944696967341,0.025143645810630142,0.3905447550511532,135.53630800633744,7.670553108519919,1.45
17123,Marshall County,Illinois,0.7237892929150952,0,0.2871853595178828,0.3421966343213304,1,17123,0.03219882811341174,0.08597981706638161,0.1208683021511663,0.022937228748744317,0.38673511083228923,113.24539241722454,18.691550915164363,1.15
17125,Mason County,Illinois,0.759555037505649,0,0.3136372917824358,0.3468453495268242,1,17125,0.034846361735000685,0.09068493663611528,0.12260074969578512,0.024187456352978434,0.3894354456284299,116.04116045607869,17.333046357611625,1.15
17127,Massac County,Illinois,0.9780839904199422,0,0.32350445242902526,0.35103623061921074,3,17127,0.03697265016988083,0.08891469764236365,0.12065605872556817,0.0253983595348091,0.39130741749218334,118.56158403437958,16.366010013348713,1.45
17129,Menard County,Illinois,0.6165890973900316,0,0.27261858896342983,0.34397050842660176,0,17129,0.029995910321392236,0.08243195692116094,0.11698537177041196,0.023046796995521732,0.3869977117513844,114.31221202420062,18.178134461999317,1.0
17131,Mercer County,Illinois,0.9191650715967374,0,0.2790945817572681,0.35481236417151635,3,17131,0.03206595864066782,0.08438448853596175,0.1174385105467528,0.023269665892523574,0.3836141364159996,120.8325757018202,15.800657719988369,1.45
17133,Monroe County,Illinois,0.6105967113879096,0,0.23251500565832545,0.3780817057295842,0,17133,0.02538573310008453,0.07367153904368312,0.1128769465368294,0.02173594607029665,0.3846398934705204,134.82691145642724,8.069924184746448,1.0
17135,Montgomery County,Illinois,0.9682293253081232,0,0.2940766207917179,0.37366774148974635,3,17135,0.033299429465430824,0.08736639647082797,0.11930240530764982,0.02387943932762191,0.38468347742895864,132.17232419932873,10.19011898045228,1.45
17137,Morgan County,Illinois,0.9668492543785108,0,0.2902089118563609,0.37658367737019827,3,17137,0.03158707328270871,0.08327237283501246,0.11776428593627797,0.02439342297717666,0.3892650114605551,133.92598730355186,8.896953796517343,1.45
17139,Moultrie County,Illinois,0.632414941679236,0,0.2818346382610586,0.35058030341817736,0,17139,0.030231577799187198,0.0827906914666659,0.11900585531623763,0.023717907202575675,0.38749215166363205,118.28738640334664,16.85720945318661,1.0
17141,Ogle County,Illinois,0.7488119123536993,0,0.26682789349859953,0.38431289985244343,1,17141,0.029879087547262893,0.08215846338636712,0.11630317687438411,0.023255327433494354,0.3809788382361979,138.57439277169428,6.328712027539996,1.15
17143,Peoria County,Illinois,1.002436474246795,1,0.29590291075953296,0.39543258872101533,3,17143,0.03429241780428126,0.08316061781398029,0.11174600027519974,0.026109319215859204,0.3853609033218743,145.2618471255373,2.070447154022255,1.45
17145,Perry County,Illinois,0.9354136178358056,0,0.28060580543648284,0.36450703445027965,3,17145,0.03242412958989225,0.08343940489874309,0.11679388952949596,0.02394624776983105,0.38163459609571976,126.66301446059053,12.57319405293182,1.45
17147,Piatt County,Illinois,0.6136742796650103,0,0.25613556001942417,0.3575387196455862,0,17147,0.0279167181255521,0.0781247171471184,0.1179040523489804,0.02218236619404225,0.385911132802361,122.47222389707892,14.337430601603543,1.0
17149,Pike County,Illinois,0.9529892947519926,0,0.3044952203833168,0.3527387759973678,3,17149,0.03465166781725552,0.08801575991887901,0.12120080415898067,0.024238539036039296,0.3858874326747202,119.58550607359707,16.303359635018786,1.45
17151,Pope County,Illinois,0.8542774007975922,0,0.3200820638831459,0.26907476425312454,3,17151,0.036802422831690246,0.0910894083656349,0.1235426674855686,0.024455994651797597,0.3874745658616763,69.26941663872515,31.030938304318003,1.45
17153,Pulaski County,Illinois,1.0023478431924475,1,0.4005189454460121,0.2907554291694689,3,17153,0.0476005789272497,0.1048604147869322,0.1229562609936056,0.0275972283580848,0.40400407735403665,82.30831176454171,27.803779655226997,1.45
17155,Putnam County,Illinois,0.6527686947138864,0,0.27039300942803224,0.29723194249708634,1,17155,0.03045586767564805,0.08218302299903045,0.11846950276050594,0.0227017040402621,0.3841676155435831,86.20332967038533,27.22941043387509,1.15
17157,Randolph County,Illinois,0.9636020561001065,0,0.2901087980778905,0.37444434406011406,3,17157,0.0330658034934761,0.08740276018374395,0.11785529792435684,0.023849237143032043,0.3834480982212318,132.63937811619593,9.424806113776006,1.45
17159,Richland County,Illinois,0.9485008957458921,0,0.30075348968700283,0.35338505910326756,3,17159,0.0340702733569693,0.08660679915610325,0.11870866705792293,0.024625852563981997,0.3863431974622014,119.97418500350668,15.566224628720308,1.45
17161,Rock Island County,Illinois,0.9883453671324592,0,0.2872652326426785,0.39435226193143136,3,17161,0.034631025969736134,0.07921163335716432,0.11018298763448085,0.024520344442186995,0.39565992948688133,144.61213145651385,2.597603369555477,1.45
17163,St. Clair County,Illinois,1.044674550501453,1,0.32350541311479614,0.3969597941275853,3,17163,0.03729423742658811,0.0924280564045967,0.10313587908316207,0.02631252839165755,0.40582105782629446,146.1803185473632,1.6262775577406383,1.45
17165,Saline County,Illinois,1.0076656560710389,1,0.32728466255309574,0.36765716922003455,3,17165,0.036925861267104926,0.09121947748611352,0.12178032399479692,0.025750024492786735,0.3876209268050166,128.55752632420302,11.421421118062147,1.45
17167,Sangamon County,Illinois,0.9868851238688884,0,0.2845799760247694,0.39603045422963634,3,17167,0.03256342743802415,0.08455040752664217,0.11094596980538131,0.02491411863030712,0.38571118977922225,145.62140739254622,1.9601684375714332,1.45
17169,Schuyler County,Illinois,0.8759561704217613,0,0.29246469076413706,0.31164301297500874,3,17169,0.03417386770197,0.08748384764609367,0.11808780069011728,0.02321218387896,0.38763398217804,94.87024267039789,24.464222971322712,1.45
17171,Scott County,Illinois,0.8374457288476489,0,0.29035223743747135,0.28719654107814857,3,17171,0.0321661510048846,0.085643590203002,0.11983349346445604,0.023718092442455152,0.386391061922099,80.16797295268815,28.470915004955167,1.45
17173,Shelby County,Illinois,0.7595589929927388,0,0.2955290144886128,0.3649570663746384,1,17173,0.032747958938771984,0.08661618494323726,0.12178902158575228,0.023400512176835402,0.38842569618691714,126.93366663328096,12.322200111796796,1.15
17175,Stark County,Illinois,0.7025295079096722,0,0.3137924095682719,0.29710281470100836,1,17175,0.03535629129879815,0.09044779233216785,0.12361388847971436,0.0239071419088253,0.3892582333926955,86.12567136067089,26.804596542881832,1.15
17177,Stephenson County,Illinois,0.6919826228329293,0,0.30991732929762283,0.38206529353530655,0,17177,0.03484621488545925,0.08709612108851451,0.11998596912730235,0.024517262604251744,0.3923617448933685,137.22266748253222,6.595229057534464,1.0
17179,Tazewell County,Illinois,0.7319119162168248,0,0.2426320249792963,0.3938131195570731,1,17179,0.02781698226053065,0.0754896675947564,0.10968150104445828,0.02290104458639715,0.3830336693586759,144.2878876704369,2.680125050213779,1.15
17181,Union County,Illinois,0.9583170814073332,0,0.3034063072451649,0.3575020247598925,3,17181,0.03481367828864356,0.08688457209667286,0.1193150173944497,0.024483968279900917,0.38709479242096445,122.45015535037795,14.84043414639933,1.45
17183,Vermilion County,Illinois,1.0312636071755268,1,0.3223124058730564,0.38890387493765183,3,17183,0.036799007506738625,0.091004835351086,0.11850091925864446,0.02542995848588338,0.3904937731164473,141.3354355207172,4.360147567748878,1.45
17185,Wabash County,Illinois,0.9067565504047959,0,0.28714588683345565,0.33820345827330006,3,17185,0.0321877045421841,0.08334751303788115,0.11783824869047932,0.023916006196518326,0.38793127284208306,110.84386995884556,19.8888408820926,1.45
17187,Warren County,Illinois,0.9016520304610487,0,0.2672415704400091,0.3545874160848521,3,17187,0.0309157224608069,0.08084530388091522,0.11427852736255822,0.023408904534033322,0.38285754278354195,120.69729043625821,15.862995749256244,1.45
17189,Washington County,Illinois,0.8855438653416228,0,0.26167611377967437,0.3490437933524792,3,17189,0.02906478137736985,0.08055213450934505,0.1153795085229517,0.022829411146740475,0.384500925155573,117.36331909804473,16.968938875439516,1.45
17191,Wayne County,Illinois,0.9475603362125746,0,0.2981790847934915,0.3553108022496634,3,17191,0.0339663176616508,0.0874330036226167,0.12097161471948166,0.024014005507488702,0.3837204382828571,121.13233965522059,15.363126751121507,1.45
17193,White County,Illinois,0.9657258173627653,0,0.316456450849868,0.34956135422790124,3,17193,0.03611784381110622,0.0898825813888005,0.12156515372410787,0.024534016104550558,0.3895473930173135,117.6745836280715,16.340708508858288,1.45
17195,Whiteside County,Illinois,0.9742437153829248,0,0.2861094446112879,0.3857827728941774,3,17195,0.03275444840336625,0.08305359344790605,0.12029050249213785,0.02310464036838702,0.3882042430339684,139.45838413051027,5.408046696846171,1.45
17197,Will County,Illinois,0.9259378231091517,0,0.23967505318318486,0.3989027558576095,3,17197,0.026378678919028002,0.07406606240744225,0.10585498688820957,0.022880778597805376,0.39161020457301954,147.34882856903516,1.1421486277702242,1.45
17199,Williamson County,Illinois,0.9602057189685882,0,0.27438775057866766,0.38782309008932414,3,17199,0.0310425812864166,0.08276279930603904,0.11294245657861274,0.02397755064501086,0.38512811696124244,140.6854443721389,4.727843727659232,1.45
17201,Winnebago County,Illinois,1.006956523390336,1,0.29721210069236637,0.3972406740595894,3,17201,0.03594627820264607,0.08720780040526135,0.11108822944110018,0.0250155585411708,0.38609412908867546,146.3492415942568,1.567161959996836,1.45
17203,Woodford County,Illinois,0.8991469582111068,0,0.24061714504039197,0.3794842054500265,3,17203,0.026909344016059263,0.07566185231344542,0.11097600428276774,0.022260210630458844,0.3856614859988021,135.67038405467986,7.925704796737389,1.45
18001,Adams County,Indiana,0.9463150044889941,0,0.2738622374754133,0.3787688001032034,3,18001,0.03491834869640007,0.08588783878113353,0.11458426863156297,0.024668871893431588,0.36272872048349253,135.2401345523852,7.902938013548431,1.45
18003,Allen County,Indiana,0.9532138980797731,0,0.25935754469057104,0.3980313505368587,3,18003,0.0325488561122034,0.07965766189754112,0.10070578501866131,0.02607574429026244,0.3732353649272298,146.8247596517215,1.304423323565882,1.45
18005,Bartholomew County,Indiana,0.6467223316023746,0,0.2561843928025135,0.3905379387998611,0,18005,0.031238183775373993,0.08482420097396998,0.11676532259006646,0.022795845556304394,0.36512193108080426,142.31817232378322,3.788197553796317,1.0
18007,Benton County,Indiana,0.6241332267871107,0,0.2971536227557459,0.3269796040313647,0,18007,0.03751282810647587,0.08894440110356155,0.11721343483972163,0.024888246607263232,0.37103999021740236,104.09376986123644,22.220841257025157,1.0
18009,Blackford County,Indiana,0.9654771539741597,0,0.32158665084388194,0.3442596622417455,3,18009,0.0388439650389978,0.09365552214436246,0.12354284844113872,0.0246834807797641,0.3786098852538726,114.48611103908031,18.27867084392017,1.45
18011,Boone County,Indiana,0.6147894912061715,0,0.22540445848121535,0.3893850327249562,0,18011,0.0272243505576321,0.0752033307201407,0.11309065247567573,0.02213689081120971,0.36693490056668987,141.6248069930332,4.199628837180613,1.0
18013,Brown County,Indiana,0.6670205373934213,0,0.3146747612507037,0.35234577614271756,0,18013,0.03643786150945237,0.0928109114426446,0.1265359328732565,0.023783657171899574,0.3804442873155348,119.34915336444269,16.896261481248647,1.0
18015,Carroll County,Indiana,0.6478364645518226,0,0.2829373335056987,0.364899131046124,0,18015,0.03431365645721496,0.08743163863371571,0.11869901254780851,0.023635041525735756,0.3730177885728731,126.8988239439311,12.393454441928576,1.0
18017,Cass County,Indiana,0.9688242813640232,0,0.2885282610789125,0.37962641572386213,3,18017,0.037555741879124756,0.08557115817658889,0.11540394706688792,0.024769878841321945,0.37043864452953496,135.7559102529543,7.754461548861366,1.45
18019,Clark County,Indiana,0.977525455500725,0,0.28068659809948443,0.39346888845273975,3,18019,0.03383525873070431,0.08364609840663702,0.11504130767853177,0.024938976434913347,0.3732035554940577,144.08086480994046,2.8579451825907767,1.45
18021,Clay County,Indiana,0.9333322993572606,0,0.2715855655329644,0.37209188229962903,3,18021,0.03338626892207766,0.08309100091628113,0.11910846008836574,0.023422268160432684,0.37052687555136665,131.22459207061968,10.135265840267524,1.45
18023,Clinton County,Indiana,0.9571511203891289,0,0.2837096273323629,0.3763945936256571,3,18023,0.034741162443531676,0.08683109904758686,0.11403304482149931,0.024223833441561336,0.3765330244498033,133.8122710903,8.92308497642967,1.45
18025,Crawford County,Indiana,0.7705889704665497,0,0.33140921823880914,0.33866814738427764,1,18025,0.04095070837839167,0.09352861796499076,0.12236300761352308,0.026349892353522832,0.3733931692899966,111.12333706040928,19.28082734335266,1.15
18027,Daviess County,Indiana,0.7748727610521031,0,0.2968846922402354,0.3769177086746369,1,18027,0.03672425018662616,0.0895454979790284,0.11772737384793774,0.025133275534971255,0.36910870156265624,134.12687593700107,8.600971497794976,1.15
18029,Dearborn County,Indiana,0.635478025037658,0,0.2509812455170115,0.38449677952064654,0,18029,0.03114957686110106,0.08231863001978722,0.10785534456240141,0.023337026340876543,0.3733252929936098,138.68497921905282,5.8724539633602,1.0
18031,Decatur County,Indiana,0.9314849605190627,0,0.2706863592532026,0.3717170617944268,3,18031,0.0332934325774941,0.08466817029229565,0.11504950834911758,0.024001439997089133,0.3694142332162375,130.99917254233517,10.29764805732817,1.45
18033,DeKalb County,Indiana,0.6466320355803172,0,0.2641834118687034,0.38244862371161387,0,18033,0.03132516199892297,0.08485203092025519,0.11567801427429414,0.024022583903870656,0.3658134870709384,137.45320478324314,6.797825893275475,1.0
18035,Delaware County,Indiana,1.0329722886451393,1,0.31956386491817856,0.3928308169060555,3,18035,0.03729909278453055,0.09109174748987775,0.1124393203009653,0.02716834034511986,0.3825090149436137,143.69712436599718,2.9998656405756288,1.45
18037,Dubois County,Indiana,0.6443819716905046,0,0.2626746792614442,0.3817072924290603,0,18037,0.03151643699109381,0.08285032583992541,0.1157536340851273,0.02293262983204256,0.3748557851134068,137.00736325190633,7.082955800435619,1.0
18039,Elkhart County,Indiana,0.9467956595733238,0,0.25688503296506987,0.3960774908786018,3,18039,0.03353176883409798,0.07967045402696489,0.10934827764375292,0.024487433686290003,0.3667154380725749,145.64969554400727,1.8838663192751104,1.45
18041,Fayette County,Indiana,1.0131976926342747,1,0.3301460626712986,0.3686109667316495,3,18041,0.03990926243279827,0.09611200252784932,0.1224298178825333,0.0255366073011674,0.37681077270235713,129.13114644947126,10.970831275692795,1.45
18043,Floyd County,Indiana,0.6390784269248594,0,0.24889240928120002,0.39018601764365934,0,18043,0.03127153451190511,0.08035728811792357,0.10645908036927437,0.02444328754586869,0.36748827455034183,142.10652461528457,4.105556497902453,1.0
18045,Fountain County,Indiana,0.7584151602980845,0,0.30339975320370166,0.3560916905337632,1,18045,0.03566877681660848,0.08992843238397874,0.12419122797115882,0.024236884593644762,0.374749763024723,121.60197102864224,15.402733111336442,1.15
18047,Franklin County,Indiana,0.734511827687385,0,0.2710027024858848,0.36770323463358046,1,18047,0.033461212609143705,0.08511813827796899,0.11421913925039574,0.02410869404982774,0.36916575219743275,128.58523036826583,11.631289276571216,1.15
18049,Fulton County,Indiana,0.7531589387367518,0,0.2916143393041888,0.36330647698863894,1,18049,0.03568522788084202,0.08739731656643311,0.11721381651799029,0.024074791152278185,0.3780105523759068,125.94099127102271,12.508975046300248,1.15
18051,Gibson County,Indiana,0.9499579058444987,0,0.27787132565328104,0.3772720576877526,3,18051,0.03386024869910056,0.08773432756035139,0.11458260837274549,0.02413035726543744,0.37093668272390534,134.3399837746887,8.205062226974366,1.45
18053,Grant County,Indiana,1.046068896219843,1,0.33349063833073744,0.38793618664846463,3,18053,0.03992314702716153,0.09549281114916996,0.1191225492088576,0.026240182152133293,0.38110774562004196,140.75346139004003,4.708263727433753,1.45
18055,Greene County,Indiana,0.9725003450261599,0,0.2954541035057007,0.3752357896157889,3,18055,0.036213782767729547,0.08887264262413606,0.11725998574949847,0.024673787257592766,0.37403202650046224,133.11535870249512,9.297736097989867,1.45
18057,Hamilton County,Indiana,0.8269642253874512,0,0.17263030346358804,0.3976898519760335,3,18057,0.024433593753296394,0.06213420972029827,0.09794124422024227,0.02117604823504773,0.36762912149477406,146.61938016094496,1.505015367202057,1.45
18059,Hancock County,Indiana,0.6442358799280505,0,0.25405754030654504,0.39017833962150555,0,18059,0.02964462550901243,0.08091963270040814,0.1136469330646011,0.02326373073729867,0.3738209332289746,142.10190700203228,3.953965818307136,1.0
18061,Harrison County,Indiana,0.6595626551744065,0,0.27944977990093534,0.3801128752734712,0,18061,0.0325295945925987,0.0852562782548035,0.1174694476088079,0.024192859455541865,0.3745231706135441,136.04847024014927,7.613568511749382,1.0
18063,Hendricks County,Indiana,0.7166775448158176,0,0.2276243577952596,0.3955735072619731,1,18063,0.027798194112795396,0.07623274347108462,0.11522856066025933,0.022035977686886928,0.36381256338633844,145.3465964671244,2.0686798892918232,1.15
18065,Henry County,Indiana,1.031812154622859,1,0.32720495547933426,0.3843896339157409,3,18065,0.0378992702603328,0.0938136339712357,0.12286584677955033,0.02559618350727271,0.38080435962425235,138.62054114434676,5.993057567773467,1.45
18067,Howard County,Indiana,0.8214786188882548,0,0.3241026690229372,0.39022656479293655,1,18067,0.03709917716746264,0.09242462993895777,0.12070748800964635,0.02507408667060767,0.3888252017488593,142.13090993875673,3.972872132597848,1.15
18069,Huntington County,Indiana,0.7527615756566539,0,0.2756768936680222,0.37889838951167687,1,18069,0.03342732492959709,0.08262401068840113,0.11699293970058464,0.023776342222398945,0.3761182793554066,135.31807047884416,7.961472173564477,1.15
18071,Jackson County,Indiana,0.6544637871990773,0,0.27176444696832885,0.38269934023074836,0,18071,0.034928732299930855,0.0847033884193855,0.11371460113473772,0.02441739494680046,0.36548464769856553,137.60398735434595,6.614899658511075,1.0
18073,Jasper County,Indiana,0.62696235803969,0,0.24986282009873076,0.37709953794095924,0,18073,0.0309482073753382,0.08101020864760014,0.11540621657587208,0.023430981762863276,0.3620180712282406,134.23622925912147,8.468299628265013,1.0
18075,Jay County,Indiana,0.7561583370888139,0,0.2934251218299118,0.3641038669429699,1,18075,0.0362980423190113,0.08761667791143175,0.11900898786974026,0.024576105537492243,0.37152059491110423,126.42054685794858,13.08173371134479,1.15
18077,Jefferson County,Indiana,0.7540841324785631,0,0.27893050857587565,0.37679482401417924,1,18077,0.03364969598684534,0.08421062390141656,0.11521988701561384,0.02433014205358837,0.3752818215567903,134.0529722902974,8.673022937892393,1.15
18079,Jennings County,Indiana,0.9415352987108285,0,0.27641770837981156,0.3729169803862772,3,18079,0.03380348234489765,0.08495688335102305,0.11573812937380253,0.02467543184978185,0.36768474140346696,131.72081151139002,9.655893027982282,1.45
18081,Johnson County,Indiana,0.9261763829364912,0,0.24360647776784272,0.39513585529180645,3,18081,0.029776742263822778,0.0776778713859639,0.11438848326440293,0.022682844558364647,0.3703731885736735,145.08338968067994,2.2242970316164854,1.45
18083,Knox County,Indiana,0.9863005611976194,0,0.3017964370827147,0.37841084650185053,3,18083,0.03468986624006897,0.08519800679958216,0.11894655735206192,0.025338221357147,0.3822624284342699,135.02485889151603,8.07309849007751,1.45
18085,Kosciusko County,Indiana,0.9507127716074625,0,0.26551537433534395,0.3901486060835958,3,18085,0.033203655977880386,0.08253649117541567,0.11552867128671747,0.02333264768397232,0.3715849595323686,142.0840250558825,4.153136744516852,1.45
18087,LaGrange County,Indiana,0.7512028615284565,0,0.2721104255280722,0.38110945406189,1,18087,0.0329443307155033,0.08155710982780554,0.11753505096403882,0.025665094067923735,0.3598678709026201,136.64781930794516,7.3435584221935235,1.15
18089,Lake County,Indiana,1.0576402900883244,1,0.33096693873350236,0.3984401578791351,3,18089,0.04692683954233863,0.09118187400736152,0.10456782767362785,0.026661989862220365,0.3874068592034591,147.07061908837505,1.235041835152504,1.45
18091,LaPorte County,Indiana,1.0288902995356732,1,0.31671894913323695,0.392860567787917,3,18091,0.037930290153995676,0.09288148947302699,0.12087319882757726,0.025162016922763302,0.3773123220113646,143.7150167429141,2.9841554931108742,1.45
18093,Lawrence County,Indiana,0.7996815039257664,0,0.3130079250750105,0.3823672957300039,1,18093,0.03674983737921405,0.08883319696148809,0.12271573378503357,0.025101645078722958,0.379771359693422,137.40429359776527,6.56992764097079,1.15
18095,Madison County,Indiana,1.0270938178740088,1,0.31459907255759034,0.3937414914934501,3,18095,0.0397148937345062,0.08980312816267541,0.1143211645174176,0.02647242732771837,0.37558985005396506,144.2448100797242,2.7944299882277357,1.45
18097,Marion County,Indiana,1.0012762959582855,1,0.2911460248022038,0.3993893517207517,3,18097,0.03678457229840145,0.08606871928765206,0.10510893320275799,0.027542000047749822,0.3694461775947486,147.64147053608963,1.0730422367411765,1.45
18099,Marshall County,Indiana,0.6638122507383073,0,0.28097457499430517,0.38283767574400207,0,18099,0.03486318276373211,0.08647988638150667,0.11394784564887789,0.0247448479967761,0.37001095265389355,137.68718324600567,6.586966359421723,1.0
18101,Martin County,Indiana,0.9011487525314633,0,0.28788939564803784,0.33359250264952317,3,18101,0.035576850109032235,0.08855798678659363,0.12036914438386409,0.0239244209632221,0.3687726131179082,108.07081078191516,20.676286634687425,1.45
18103,Miami County,Indiana,0.7726051820207375,0,0.29340510230672684,0.37842549075478416,1,18103,0.0377890146533063,0.0887290652501457,0.11884268353688872,0.024882870813515062,0.36417090749735237,135.03366604198555,8.561433399823462,1.15
18105,Monroe County,Indiana,0.8369432460317295,0,0.1830797493406549,0.3941224893019173,3,18105,0.0242093599840431,0.06488661012982502,0.09438346879812297,0.02455956270663271,0.3551571903793428,144.473944679006,2.60165502420506,1.45
18107,Montgomery County,Indiana,0.9689459550696811,0,0.28858543748316784,0.3796531522200606,3,18107,0.0341324525991683,0.08617773466496437,0.11831332824271405,0.024257851868768422,0.37722888709074637,135.77198975841725,8.07061152488338,1.45
18109,Morgan County,Indiana,0.6585730182868379,0,0.26980034275920955,0.3887726755276284,0,18109,0.03551472783279099,0.08455163934445108,0.11197355640400719,0.02430771981061532,0.3657476989934353,141.25653132868874,4.544080745192543,1.0
18111,Newton County,Indiana,0.7495525151113887,0,0.3002043618227569,0.35158043392627686,1,18111,0.03810390761287845,0.08971613882236368,0.12163542368764224,0.024190247190399024,0.3701019895733473,118.88887149882484,16.035876296028587,1.15
18113,Noble County,Indiana,0.7261937616234679,0,0.24795911736605522,0.3835137188282648,1,18113,0.03193968747226827,0.08033935434299372,0.11131202832478265,0.02397577435216122,0.36084796267621955,138.0937600235283,6.4540057624008735,1.15
18115,Ohio County,Indiana,0.6743673556166447,0,0.27995186737594435,0.30645452881244234,1,18115,0.0336255916587159,0.08701186697077215,0.1212304124269322,0.0234100940083106,0.36985822738927776,91.74985401448252,26.358498143913398,1.15
18117,Orange County,Indiana,0.9793396161507891,0,0.3128474505660839,0.36255918126204656,3,18117,0.038780754779802765,0.09168322709606286,0.12348096299167441,0.02525562472559127,0.368091720026072,125.49156268363362,13.10385655186482,1.45
18119,Owen County,Indiana,0.7936830949207332,0,0.32437796876449543,0.36578124421005526,1,18119,0.0392979685810837,0.09216890257658696,0.12461470276775805,0.02537792835629216,0.3757453926756448,127.42933262888069,12.044480732350644,1.15
18121,Parke County,Indiana,0.9754105290443411,0,0.3163532184129226,0.3563436981693817,3,18121,0.036542086447214656,0.09007397183662247,0.12251624113941854,0.0256954988061456,0.3778193346257095,121.75353008572895,15.17993362681482,1.45
18123,Perry County,Indiana,0.9201089686760396,0,0.2713771540257163,0.3631807554060351,3,18123,0.03346379916536938,0.0854098339810812,0.11540116482404775,0.02358065607796366,0.37128567016050407,125.86538148059664,12.688284183703963,1.45
18125,Pike County,Indiana,0.9598954837921685,0,0.31619478975173854,0.34580209562217085,3,18125,0.036995004953064826,0.09000020469342407,0.12507007611311619,0.0246139371544643,0.3808731326518328,115.41374066499478,17.622852583191253,1.45
18127,Porter County,Indiana,0.9182419101010678,0,0.23793412941979564,0.395336153408527,3,18127,0.028789062815283255,0.07902771475623296,0.10475201844463869,0.02367106316225542,0.3722896984209997,145.20385029145436,2.2715914301534053,1.45
18129,Posey County,Indiana,0.6321640971544502,0,0.2614412537145394,0.3707228434399108,0,18129,0.03190183209049238,0.08455834735026488,0.11547510249540195,0.02289472849714354,0.3707980889584926,130.4012430550839,10.46464649965526,1.0
18131,Pulaski County,Indiana,0.7431576933465319,0,0.2996241917063319,0.34659988946456544,1,18131,0.0363764214905443,0.0903779542291898,0.12048919708922615,0.0243686211075441,0.37312873955270476,115.8935391528706,17.32941684024342,1.15
18133,Putnam County,Indiana,0.7364240506313761,0,0.26063736809119864,0.37973137158825887,1,18133,0.03196502431187274,0.08084888085641298,0.11597203507275797,0.023671159394644356,0.36860499514706746,135.81903140325062,7.753380194312779,1.15
18135,Randolph County,Indiana,0.9753378229835322,0,0.3038507215830946,0.36879605288830697,3,18135,0.03766982501883554,0.09098895165292496,0.1216191917958521,0.0247233361539487,0.3691472689808222,129.24245848695764,11.69304217852422,1.45
18137,Ripley County,Indiana,0.6511131119457627,0,0.2774469643628787,0.37366614758288397,0,18137,0.03398239958214447,0.08366830670632674,0.11501787767873714,0.02395656466053458,0.3768442950298689,132.17136561321067,9.50146346837268,1.0
18139,Rush County,Indiana,0.6505816253538137,0,0.2935292607209418,0.3570523646328718,0,18139,0.03581302663938956,0.08637005290690959,0.11927411126353687,0.024628199643025116,0.3738423127227628,122.17972677906305,14.38476963648084,1.0
18141,St. Joseph County,Indiana,0.7752505102089157,0,0.2769958251020631,0.3971350533404723,1,18141,0.03563767519104252,0.08482739981409637,0.10511814115762434,0.024379525106832584,0.3829247928965781,146.28572059593893,1.616732960342892,1.15
18143,Scott County,Indiana,0.6590793595058146,0,0.28937610651278894,0.36970325299302564,0,18143,0.03624618281022158,0.08749375609828909,0.12004690704502013,0.025492612562291482,0.3589160431178853,129.7880546238473,11.149242046558998,1.0
18145,Shelby County,Indiana,0.663677832766463,0,0.28109514008937997,0.382582692677083,0,18145,0.03333964118043903,0.08333092197844286,0.12019996478708689,0.02443958465120633,0.37102164818766636,137.53383474487595,6.677178836846959,1.0
18147,Spencer County,Indiana,0.7403939063469981,0,0.27998584553598066,0.36383494259184385,1,18147,0.03487043436439776,0.08606940295934615,0.11949985717887833,0.02395550734128788,0.3668425605627856,126.2588139763861,13.184627390204632,1.15
18149,Starke County,Indiana,0.9603750492372946,0,0.2944941387479539,0.36783348141569755,3,18149,0.03763393162203314,0.08851812563478023,0.11802326803903974,0.024825306942423013,0.3677435474995955,128.66356164357737,11.872707017948713,1.45
18151,Steuben County,Indiana,0.7302265272921614,0,0.2570173709845779,0.37796221796512774,1,18151,0.03193570171931687,0.08241978500546271,0.11409920494207482,0.023314699327792312,0.36811788806090967,134.75505072542208,8.370237824855177,1.15
18153,Sullivan County,Indiana,0.7367625548252366,0,0.27585343968716064,0.36480965146521904,1,18153,0.034660447063814256,0.08575486405586194,0.11756056502577497,0.02378363164677138,0.36773954067690406,126.84501033277928,12.189905870287998,1.15
18155,Switzerland County,Indiana,0.6465855181405493,0,0.3107703579404867,0.3358151602000626,0,18155,0.03846437784734827,0.09109293143532203,0.11999492786925724,0.025383986860840365,0.37199525463958266,109.40753171800787,20.426072912602123,1.0
18157,Tippecanoe County,Indiana,0.8657333476356499,0,0.20149272024443857,0.3955647608835959,3,18157,0.02527788643876687,0.06695662516974309,0.09622779651400946,0.024169240232125067,0.3692675723524454,145.34133633738062,2.0660143092012464,1.45
18159,Tipton County,Indiana,0.6402195690589043,0,0.28803161386183773,0.35218795519706664,0,18159,0.033777674907964926,0.0867986281409852,0.12207253576797765,0.02334209997603765,0.37764270275604317,119.25423880499817,15.915810629937743,1.0
18161,Union County,Indiana,0.8620765542345794,0,0.28104121399398385,0.3134943406505537,3,18161,0.034086319293421805,0.08522359918426381,0.11869088116036215,0.024115459301603602,0.37117589468040313,95.98364336627576,24.128189838293757,1.45
18163,Vanderburgh County,Indiana,1.0337066867818108,1,0.3175176121441678,0.39538355115363283,3,18163,0.03779839638440141,0.08900880362270497,0.11855137583192604,0.024957909133675592,0.38940429895523027,145.23235560852004,2.1404682337301386,1.45
18165,Vermillion County,Indiana,0.9465910622905549,0,0.2978924264682596,0.3549289958010886,3,18165,0.03609379427676164,0.08836107910421659,0.12058670069197296,0.02423057740852416,0.3758430205257173,120.9027187344354,15.721310783393442,1.45
18167,Vigo County,Indiana,0.997202058030738,1,0.29531780238813665,0.3924077548744413,3,18167,0.03633017078704092,0.07940026529408581,0.11366545112100983,0.026564857512093202,0.3789006821324034,143.44269206499453,3.2616199825724603,1.45
18169,Wabash County,Indiana,0.977569780640583,0,0.29889497676975,0.3752910788444452,3,18169,0.036618047563095085,0.08776843481393508,0.12114182109548208,0.024018368951691012,0.3772637323895933,133.1486100099074,9.05949424552994,1.45
18171,Warren County,Indiana,0.7006612137161814,0,0.2835079977164812,0.32576262290628527,1,18171,0.03421061031081555,0.0864285644342767,0.12128442528215125,0.023248415709023397,0.37424947381316825,103.3618693719647,22.216183473643817,1.15
18173,Warrick County,Indiana,0.6373154343329405,0,0.24918595879045505,0.38812947554248545,0,18173,0.03047037623762951,0.07975214885549384,0.11447477499763256,0.022672199021995052,0.3715332725790863,140.86970660797255,4.731384512179966,1.0
18175,Washington County,Indiana,0.76546562517991,0,0.29189960764548756,0.37372267511965174,1,18175,0.035035626924888846,0.08647579860512504,0.11817405634588135,0.0250342848405701,0.37246682867372005,132.20536164730277,9.769010338070409,1.15
18177,Wayne County,Indiana,1.012427614314316,1,0.309971797316376,0.3882541435900489,3,18177,0.036574479400318764,0.08873418191431083,0.1173683256565613,0.025711447181202548,0.380840147814613,140.94468279546462,4.528354845868533,1.45
18179,Wells County,Indiana,0.6517581659464597,0,0.278713346335402,0.3730448196110577,0,18179,0.033067098732240445,0.08511739457497881,0.1167106118731909,0.023800131262853914,0.3768082201451524,131.79769486581253,10.003089197065494,1.0
18181,White County,Indiana,0.7617781901316939,0,0.2927767023796912,0.3696391151261296,1,18181,0.03602844555057606,0.08569127098312296,0.12065310061492723,0.023771848309077713,0.3778619999419721,129.74948168693427,11.298016643549737,1.15
18183,Whitley County,Indiana,0.636507350767153,0,0.2590043941140879,0.37750295665306516,0,18183,0.03084809201421393,0.08218246952380827,0.11679831579312006,0.023111342852378588,0.37054706502842805,134.47884793798752,8.499656075351817,1.0
19001,Adair County,Iowa,0.6888217959809685,0,0.27626751097297303,0.3227079637930865,1,19001,0.03314702669771827,0.08731370447710779,0.12260175788118947,0.021786110157210065,0.37681208654824644,101.52477719901698,23.538784550742623,1.15
19003,Adams County,Iowa,0.8221730757867348,0,0.29662579310724296,0.27039012122843625,3,19003,0.034665355214781396,0.0907794284226373,0.12466680635036825,0.02260161529247915,0.38034701066620513,70.06048101430024,30.889821526240777,1.45
19005,Allamakee County,Iowa,0.8861717763181248,0,0.2566467940283323,0.35450615515658135,3,19005,0.03391217430406108,0.0850716604862438,0.11233989208150488,0.02226982481790786,0.36969253069078734,120.64841957710156,15.578036032186178,1.45
19007,Appanoose County,Iowa,0.9555085705680971,0,0.31088704693149716,0.34808438104650086,3,19007,0.03605346258266748,0.09265867477535908,0.12407738063496809,0.023372880908055498,0.38451881516427255,116.78632219834914,18.247665857371267,1.45
19009,Audubon County,Iowa,0.8648557958308707,0,0.29062043130540494,0.3058318416814024,3,19009,0.0354395678236424,0.09126028255476193,0.12335255943437784,0.022265209798459203,0.3759489127926312,91.37536585975327,25.30121767611661,1.45
19011,Benton County,Iowa,0.8725696468683919,0,0.2284575734426567,0.37331459681140666,3,19011,0.028805137434608774,0.0766813052498997,0.11151262212305242,0.022310231201958415,0.36533578425840485,131.95994065653247,9.722085554292264,1.45
19013,Black Hawk County,Iowa,0.9401982029341517,0,0.25400976374635176,0.3944027900013391,3,19013,0.03128277167175151,0.07933699202576998,0.10202460203461974,0.024239599077893925,0.38293333041709915,144.6425193715976,2.53467778223409,1.45
19015,Boone County,Iowa,0.6200656349536868,0,0.2465485929513297,0.37351704200235714,0,19015,0.030025395983714384,0.07905912993456563,0.11541650478826632,0.02219434774148404,0.3729703411106613,132.08169253193455,10.011394762090426,1.0
19017,Bremer County,Iowa,0.8774810436701479,0,0.2318438283413985,0.3733155121207725,3,19017,0.026828126100879274,0.07546334446797598,0.11000563903990647,0.02161990313470114,0.38315087408897464,131.96049112963257,9.60128598731401,1.45
19019,Buchanan County,Iowa,0.7088980647102195,0,0.24800366050523606,0.36842943924278104,1,19019,0.029229582298002852,0.08020082777721532,0.11341434080824207,0.022139242501188518,0.3783178066448269,129.0219746183055,11.372480613926646,1.15
19021,Buena Vista County,Iowa,0.8944375140372098,0,0.2503968465798253,0.3664566113768712,3,19021,0.03185516830107758,0.08045043395525253,0.1113333205272187,0.02190019538397305,0.3792178012099654,127.835502905185,12.148253265690812,1.45
19023,Butler County,Iowa,0.8895031230924209,0,0.25787557123816446,0.35557485848074655,3,19023,0.03208180627118038,0.0862681296309666,0.11819650089380888,0.021643278260617384,0.36925668894094577,121.2911448172254,15.005753937157426,1.45
19025,Calhoun County,Iowa,0.7437115634261203,0,0.30829726340871594,0.33840844391834524,1,19025,0.035792551108014076,0.09304945693978842,0.12340591897161297,0.022478801184101175,0.38964176158580155,110.96714968012506,19.34586849839877,1.15
19027,Carroll County,Iowa,0.6170603356002641,0,0.2504755593596204,0.3665847762406437,0,19027,0.029922054140649263,0.08268527600245328,0.11687212815702347,0.021566109356355317,0.37454137025624934,127.91258210104878,12.30189084189736,1.0
19029,Cass County,Iowa,0.936420594144225,0,0.2938092354350333,0.3519980708713288,3,19029,0.03500915713360512,0.09113162211602621,0.12708945300415445,0.022894274760823282,0.3699656774625389,119.14004111692516,15.824226353770278,1.45
19031,Cedar County,Iowa,0.6952032084254978,0,0.24008852020227425,0.364436008863376,1,19031,0.027909096232646743,0.0816468177414475,0.11241789399186597,0.02144300769262034,0.37775874827895883,126.6202992033574,12.663599621281914,1.15
19033,Cerro Gordo County,Iowa,0.741082589422921,0,0.2616308289150116,0.38278881406144155,1,19033,0.03165549782658972,0.08089176272231964,0.11535710858028093,0.02240027708036589,0.38096427102314506,137.65779750728245,6.849320949072613,1.15
19035,Cherokee County,Iowa,0.731545954495213,0,0.2899454148293648,0.34618150212299437,1,19035,0.03351357392199253,0.09135124505878388,0.12100548530657082,0.021758120428292126,0.38728418847861007,115.6419182413458,17.623243267713104,1.15
19037,Chickasaw County,Iowa,0.8690129710644787,0,0.2516036414634475,0.3477156489258481,3,19037,0.031236099056228227,0.08635146268103668,0.11749810747149275,0.02157107346024995,0.3661177514987277,116.56456426475889,17.187755412611008,1.45
19039,Clarke County,Iowa,0.8762400232203507,0,0.26696430486186573,0.3373391594280312,3,19039,0.0331558443998942,0.08278843396228353,0.1143103398576572,0.023063577463387268,0.3768274048726413,110.32407492283956,19.297987895431447,1.45
19041,Clay County,Iowa,0.6264228750801271,0,0.26659563588116175,0.3598272391989653,0,19041,0.03168002783882775,0.08224827993493602,0.11887567145493635,0.022496318366886377,0.37796704559328387,123.8485546768326,14.413352678385252,1.0
19043,Clayton County,Iowa,0.945575652687602,0,0.2910005368508214,0.3611206029337317,3,19043,0.03530107147378615,0.09073443855620539,0.12379816368033016,0.022429563494187416,0.3755241188981437,124.62639217223344,13.953293297236405,1.45
19045,Clinton County,Iowa,0.6699675048700429,0,0.2855011662264763,0.3844663386435665,0,19045,0.032483815977058975,0.08342022756500661,0.11857088287251363,0.024185624376194773,0.38215345219577007,138.66667187445267,6.365145495617458,1.0
19047,Crawford County,Iowa,0.9238397826378987,0,0.27724138442127055,0.3598895001565906,3,19047,0.03483701958955484,0.08536202558615559,0.12199414536741753,0.02245929833104216,0.3724885768746169,123.8859988281094,14.25444200385944,1.45
19049,Dallas County,Iowa,0.8257335996171535,0,0.176178438360405,0.39329300965142505,3,19049,0.02374158784067504,0.06489441062805683,0.10316187848621591,0.020992732358493776,0.3622308685454195,143.97509013679064,2.850314128337252,1.45
19051,Davis County,Iowa,0.692233534633427,0,0.26830463974979735,0.3336375642792696,1,19051,0.0323528227021214,0.0846200304630456,0.11753544494429174,0.023458757041767052,0.36944524748720015,108.09791114376888,21.666928279025612,1.15
19053,Decatur County,Iowa,0.891582713752322,0,0.2906056183983722,0.324279011775643,3,19053,0.03396079771387403,0.08676932544517729,0.11972058980886396,0.023967350237162434,0.3789309994734185,102.46961583571104,23.226966458034354,1.45
19055,Delaware County,Iowa,0.8842570772372177,0,0.24787990426872533,0.36195256279142485,3,19055,0.030373447748473024,0.08058707735488255,0.1164744633539609,0.0220969753012899,0.37037102476721406,125.12673832744622,13.310075624462936,1.45
19057,Des Moines County,Iowa,0.9499669964910654,0,0.2739002190751842,0.3812494336772748,3,19057,0.03235179752622686,0.08747750564376851,0.11492874448693596,0.023291493811442125,0.3765520078150417,136.7320039734892,7.553300051590465,1.45
19059,Dickinson County,Iowa,0.6375482980006902,0,0.27450627189271964,0.3630420261079706,0,19059,0.03167847977647616,0.08876387752689244,0.11820055100952638,0.021421771204662262,0.38599773717086955,125.78194876414992,12.95900175867033,1.0
19061,Dubuque County,Iowa,0.8830168330006044,0,0.2164368326343455,0.3925402935729678,3,19061,0.02733750832185414,0.06957609214196236,0.10451381940963758,0.022211293902333097,0.3782672404736776,143.52240171397753,3.278672034036722,1.45
19063,Emmet County,Iowa,0.6069216965948103,0,0.27175270536464696,0.3351689912301634,0,19063,0.03289464910563787,0.08681928831179994,0.11612967287615013,0.02238835543018985,0.3788901109118274,109.0189214302431,20.21513895851756,1.0
19065,Fayette County,Iowa,0.9170043434057071,0,0.26773549097460436,0.3646812975810557,3,19065,0.03252984653991627,0.08931118154681475,0.11696239563745411,0.0226434668589802,0.36854883126988064,126.76781745880356,12.716615171970798,1.45
19067,Floyd County,Iowa,0.9153079710923323,0,0.2729290582661517,0.35831781834924986,3,19067,0.033530662349112755,0.0855026355287312,0.11854245201802063,0.022372773011892423,0.3768963813344298,122.94077900500236,13.883000065966174,1.45
19069,Franklin County,Iowa,0.8955462725544071,0,0.27797662431309433,0.3396414946899451,3,19069,0.03482559997530146,0.08775367450938229,0.11638344340544338,0.022303009442532398,0.3797332958466785,111.70871456098708,19.52675439085497,1.45
19071,Fremont County,Iowa,0.8746996424168962,0,0.2880040737005603,0.31523705900074744,3,19071,0.034391470272926834,0.0876168600938047,0.12108472062103287,0.022480217648153934,0.3830038894838045,97.0317256963007,24.707236423039085,1.45
19073,Greene County,Iowa,0.895729381160837,0,0.2868018464327649,0.33094255436781234,3,19073,0.03372694137370495,0.0877792285785829,0.12269672311189625,0.02220204865152735,0.382675887642693,106.47711437696692,21.28169192609922,1.45
19075,Grundy County,Iowa,0.601429394050061,0,0.25144531607383896,0.3499840779762221,0,19075,0.02833827562903425,0.08299890142554105,0.1186644462090004,0.020873460213291048,0.38140365952759425,117.92881248326646,15.16614036539418,1.0
19077,Guthrie County,Iowa,0.8924438585596166,0,0.27373363598374634,0.3417448871608169,3,19077,0.032246490919339,0.0870552404092559,0.11970781986554756,0.021875975836604764,0.38051664500059984,112.97370869017796,19.262161649348364,1.45
19079,Hamilton County,Iowa,0.8976335988713213,0,0.26384459137283234,0.3552130630211824,3,19079,0.0307782884919396,0.08234339295382345,0.11776534677786189,0.0220225670777525,0.3824045901699855,121.07355863744468,15.001123359966838,1.45
19081,Hancock County,Iowa,0.6999576557315547,0,0.2661077107765434,0.34255112029437373,1,19081,0.032177930809642055,0.0844135843358471,0.1198809616648373,0.02183316068285,0.37649312337788665,113.45858262351754,19.261118500577684,1.15
19083,Hardin County,Iowa,0.631169738667208,0,0.27127838079644184,0.3598913578707662,0,19083,0.03277643201548583,0.08555779196454959,0.12123137822384152,0.021994591323103,0.37553792142195186,123.88711606968862,14.292870716980584,1.0
19085,Harrison County,Iowa,0.9052596171369395,0,0.2680384584577362,0.3562785188780842,3,19085,0.03172801762242274,0.08502496373620842,0.1207388614615737,0.02237023580970862,0.37332250845635173,121.71433082930014,14.899474257769834,1.45
19087,Henry County,Iowa,0.8838596816738411,0,0.24296993768266886,0.3665884634717043,3,19087,0.031132771187547842,0.08118027359434105,0.11034507195542677,0.0227426274754383,0.3670985429310637,127.91479962617036,12.231428688052961,1.45
19089,Howard County,Iowa,0.6052708338049382,0,0.2678332286838939,0.3374376051210443,0,19089,0.032010024947444,0.08438950312699524,0.1190891409680219,0.021912939182490068,0.37941499429061565,110.38328081305276,19.607588583157728,1.0
19091,Humboldt County,Iowa,0.7138624035419096,0,0.2829089325299667,0.337840983593433,1,19091,0.034112486276033076,0.08628306236348292,0.12084832968338023,0.0223884683467819,0.3812729473123882,110.625875291487,19.99155734934068,1.15
19093,Ida County,Iowa,0.8519188866390972,0,0.2693730738346102,0.3181571928130431,3,19093,0.0315872387756563,0.0838717592744164,0.1216594785927578,0.021843061061378868,0.37935845927257295,98.78791346447058,23.713758924819444,1.45
19095,Iowa County,Iowa,0.6055239773737973,0,0.24509250409350655,0.3604314732802907,0,19095,0.03018962719555095,0.08091903414604056,0.11086491236400715,0.0222677330503519,0.3748315763570393,124.2119450455434,14.301607810162704,1.0
19097,Jackson County,Iowa,0.73166554940182,0,0.27020869468706804,0.3660222178362539,1,19097,0.032734138761240296,0.08396374696855849,0.11699297222536058,0.022649740551049968,0.37851963709444514,127.57425575980011,12.187036443837082,1.15
19099,Jasper County,Iowa,0.7284826508448975,0,0.2520380830142955,0.3814250916334415,1,19099,0.029950306768544727,0.08061491854403594,0.11614796146673348,0.022119239359004558,0.37614382289828907,136.83764582890788,6.8736283617521,1.15
19101,Jefferson County,Iowa,0.8495560354591377,0,0.22700870640811102,0.35889200770163915,3,19101,0.029830707154818174,0.07955440011820525,0.11350245338434273,0.021346702313944473,0.3612463315899447,123.28610027522414,14.540171646056937,1.45
19103,Johnson County,Iowa,0.770579976237623,0,0.13604339383481945,0.39539107253595507,3,19103,0.019904700776986715,0.055901015763872436,0.08158025030304884,0.02316011320461641,0.35926590890481397,145.23687901754275,2.0691189798059075,1.45
19105,Jones County,Iowa,0.7217997252840329,0,0.2600910533002929,0.367560881729301,1,19105,0.03240772168508884,0.08441084745755148,0.1166302784307517,0.022067203938747323,0.37281987362414065,128.4996183911001,11.649066847373712,1.15
19107,Keokuk County,Iowa,0.9088555758618541,0,0.2875117834301327,0.3392851654401115,3,19107,0.0325112469079706,0.08900855213054013,0.1211208708070119,0.022573793376565076,0.38420653724301446,111.4944157958538,19.17871204174225,1.45
19109,Kossuth County,Iowa,0.7380653716350127,0,0.28640941268670994,0.35538656264808377,1,19109,0.0356851419457975,0.08871793246451883,0.12240025875255713,0.022198479881408648,0.3766124741473713,121.17790245938298,15.393329096595725,1.15
19111,Lee County,Iowa,0.9581116208639131,0,0.28197587353075754,0.37879076154780333,3,19111,0.033501406047898585,0.08550143193509793,0.11592008723636658,0.023884911599615564,0.3792700685450544,135.25334231026784,8.285047341186129,1.45
19113,Linn County,Iowa,0.9325760734877014,0,0.2464220957225366,0.3967338170276024,3,19113,0.027798372608480164,0.07566355829478658,0.10631842279365221,0.02353345513213867,0.3873392283957392,146.04441442639262,1.7765485281745828,1.45
19115,Louisa County,Iowa,0.8447110888027746,0,0.24002659495545306,0.34253277663266735,3,19115,0.0316194531747523,0.07782565999399826,0.10896983076858337,0.02268677876614787,0.3703155360018315,113.4475506241699,18.59128300531185,1.45
19117,Lucas County,Iowa,0.9095504599135598,0,0.29354396508983926,0.3337322141608916,3,19117,0.035609626340164055,0.0889285060478398,0.12392479276871737,0.022739002120500524,0.37762246431666036,108.15483420793238,20.80342347492179,1.45
19119,Lyon County,Iowa,0.593883096744029,0,0.24461230379216117,0.3492707929518678,0,19119,0.029459662294359937,0.0797526829979594,0.11068737326027862,0.021740811397525435,0.3820917391505605,117.49983815691358,16.844993884150504,1.0
19121,Madison County,Iowa,0.5875514624348227,0,0.22707007911109897,0.3604813833237237,0,19121,0.027253620280714767,0.0753932447724007,0.1123675530243611,0.0216783803708082,0.37297674039231726,124.24196127542194,14.57335076885095,1.0
19123,Mahaska County,Iowa,0.8976687700468645,0,0.25059140029809923,0.36849051007904876,3,19123,0.03062083211985924,0.08101571412904413,0.11094107607623559,0.022969710958291645,0.37407542121185766,129.05870302273468,11.127876001879642,1.45
19125,Marion County,Iowa,0.6088013392723719,0,0.22922454330970207,0.3795767959626698,0,19125,0.028000565001129324,0.07641035691201783,0.10785750712414385,0.022214544635818623,0.37495631514052613,135.72606860073324,7.365130562289357,1.0
19127,Marshall County,Iowa,0.920588912698101,0,0.2525866933466136,0.38230221196242153,3,19127,0.033278859916667354,0.07982778284586466,0.11679985199712346,0.02198450039263952,0.36983175049955264,137.36515178992985,6.845667683494508,1.45
19129,Mills County,Iowa,0.5988041377798162,0,0.24333627960184653,0.3554678581779697,0,19129,0.0294147883678176,0.07724635144587454,0.11296241067030172,0.02250914463880334,0.3751517732318568,121.2267941281796,15.371620444613376,1.0
19131,Mitchell County,Iowa,0.905650767517769,0,0.28199522372225994,0.34259151249689107,3,19131,0.032918670601128235,0.08683202497005446,0.11982833565558264,0.0223788659546168,0.38404617300351807,113.48287476098456,18.624573757529948,1.45
19133,Monona County,Iowa,0.9354702607258765,0,0.3143005426725746,0.3308513612763057,3,19133,0.03690615045195697,0.09460757308171705,0.12875155089872495,0.022252521940129024,0.38440334447420055,106.42227024921802,21.378593030601397,1.45
19135,Monroe County,Iowa,0.5919906286169738,0,0.268901591553038,0.3230890370639359,0,19135,0.0324187938809985,0.0861456719920757,0.11766216566401903,0.022604140550429468,0.37395417005442194,101.753957181874,23.708601065828454,1.0
19137,Montgomery County,Iowa,0.9229362021225638,0,0.2960829368827131,0.3404247887190551,3,19137,0.03541301302309952,0.09065902225217742,0.1206295486145834,0.0228967757723317,0.3822138684198632,112.17979276535269,18.214572216102454,1.45
19139,Muscatine County,Iowa,0.9277493953803146,0,0.25660848012985443,0.38321868909794876,3,19139,0.030790194902512318,0.0807746200472299,0.11748199299293527,0.02233817066630546,0.37500847949684335,137.91632719444155,6.369639194092271,1.45
19141,O'Brien County,Iowa,0.7278005393840736,0,0.2776817081360334,0.35518832611098716,1,19141,0.032972263428385454,0.08769936082437928,0.11971703499069675,0.021897150534375402,0.3818508091410122,121.05868169621536,15.638480166181155,1.15
19143,Osceola County,Iowa,0.5699526457412263,0,0.2598975568846726,0.31005508885655364,0,19143,0.032773504865262246,0.08451246816107749,0.11554527342922524,0.021941876267701,0.37422639058481577,93.915254614073,24.142516154027412,1.0
19145,Page County,Iowa,0.9333838682083104,0,0.2868768534012416,0.35683615915621386,3,19145,0.03443063970349977,0.08738417457607318,0.12072423968674621,0.02201268783352345,0.38616165362776067,122.04969937692168,14.88498931851767,1.45
19147,Palo Alto County,Iowa,0.6918136975220127,0,0.26554098136164206,0.33603614691836897,1,19147,0.031029720168206598,0.08502750076282123,0.11947360364458443,0.02165602193283675,0.3797432387560934,109.54043459046652,20.11192048720946,1.15
19149,Plymouth County,Iowa,0.6170973818590317,0,0.24412417993419228,0.3729732019248395,0,19149,0.02915253812227255,0.08176401900660782,0.11117589221304687,0.022012093693947334,0.3765120316807487,131.75462351613965,10.34078815907028,1.0
19151,Pocahontas County,Iowa,0.8969022757555523,0,0.2961100113095791,0.3224432823149398,3,19151,0.03558545184750103,0.09229827332774644,0.12319595218838147,0.0220816471030041,0.3815674123851358,101.36559600929712,22.873652837324403,1.45
19153,Polk County,Iowa,0.8843471007442679,0,0.21126362010969177,0.39863093212773437,3,19153,0.02774651322897217,0.06896714860560493,0.1056592535170485,0.021880534589523784,0.3733631873512394,147.1853519819367,1.1862220363453966,1.45
19155,Pottawattamie County,Iowa,0.7325225043759612,0,0.24484573520666386,0.39213035555504155,1,19155,0.03022740103586669,0.07957851851393255,0.10766287772972166,0.023805561443335687,0.3698005420580741,143.2758622815178,3.251529323100713,1.15
19157,Poweshiek County,Iowa,0.7021105065773549,0,0.24708153750810957,0.36344933777654687,1,19157,0.03014267546644348,0.08015173162143727,0.11424908619155393,0.02244856161705588,0.3715365992876464,126.02690869275816,12.703015292746418,1.15
19159,Ringgold County,Iowa,0.5813459765066487,0,0.2886776857735392,0.2926682907331094,0,19159,0.0351516274733601,0.0909505062007827,0.12266916793932306,0.021931666117983,0.37862994611286455,83.45871934727738,27.29272235059973,1.0
19161,Sac County,Iowa,0.9034911988390247,0,0.2867750486755353,0.33632232983413696,3,19161,0.033572595216522776,0.09205707503602184,0.11954711626284723,0.02180382346715955,0.38464265429454503,109.71254688683275,20.802021238136945,1.45
19163,Scott County,Iowa,0.9168665547308109,0,0.2364116292413343,0.3959101326419836,3,19163,0.030277499666712247,0.07180027809537493,0.10515462408766411,0.023932926852921282,0.3751365054939393,145.54904519476176,1.8769719196199233,1.45
19165,Shelby County,Iowa,0.7240406761759081,0,0.2825496782633406,0.34705090971570995,1,19165,0.0325637300874031,0.08885289424785256,0.12440185164391732,0.0218920727179005,0.379041499407229,116.16478571181996,17.366152874114455,1.15
19167,Sioux County,Iowa,0.8539124882551896,0,0.20777330205280312,0.38113186226112084,3,19167,0.025733775782220556,0.07321043267637616,0.10556475752595694,0.02127049150409513,0.37300529241402103,136.66129574701458,6.953093219460829,1.45
19169,Story County,Iowa,0.7635465864098193,0,0.13382605556659222,0.39275779712983494,3,19169,0.02018994226027669,0.05641736123866174,0.08404435161441089,0.023858362376940466,0.34628039632356994,143.6532097901332,3.1097751923732115,1.45
19171,Tama County,Iowa,0.9226957663578953,0,0.27531988557309844,0.36102202225993285,3,19171,0.032942697567783265,0.08525864331440318,0.11460645360488729,0.022866865941040333,0.3836511793475976,124.56710510368384,13.55921779644996,1.45
19173,Taylor County,Iowa,0.8654475012505771,0,0.28653502304144074,0.31032532264861246,3,19173,0.035062081777421004,0.0902120933644897,0.12229137298467599,0.0222808518612696,0.3755897860675677,94.077775002064,24.908788418211348,1.45
19175,Union County,Iowa,0.6208339533562525,0,0.273670890818023,0.3471630625382295,0,19175,0.032518052907774195,0.08508374879723987,0.11878108869751672,0.0228988746141324,0.37639626378228397,116.23223516028196,17.93580849340442,1.0
19177,Van Buren County,Iowa,0.8886988126883834,0,0.29019695552215924,0.322698777366381,3,19177,0.0346728759375008,0.0901940754124688,0.1212702235198575,0.023136667730601752,0.37557762274095585,101.51925242130116,22.743510112910844,1.45
19179,Wapello County,Iowa,0.9275281215796303,0,0.2599803677950951,0.3796941988115465,3,19179,0.03486454853730145,0.0785933518131173,0.114376845206371,0.023416698844092136,0.36864464014116805,135.79667544973356,7.922307592467365,1.45
19181,Warren County,Iowa,0.6064255955810451,0,0.21978222402406694,0.38664337155697814,0,19181,0.026394009320415957,0.07086150380071751,0.10681822269279792,0.021929168675305685,0.3807613282542387,139.97595385233265,5.219691212459391,1.0
19183,Washington County,Iowa,0.9255997283806925,0,0.26902221023598266,0.3693224300265639,3,19183,0.03177317734938092,0.08233201952143702,0.12012101997788852,0.022235940211441898,0.38023872434945005,129.55902517570274,11.297903120763106,1.45
19185,Wayne County,Iowa,0.9267504107970879,0,0.3218859368948812,0.317252277447938,3,19185,0.03881723590686556,0.09660651154095996,0.12420258064856547,0.0236339190349452,0.3815602404240826,98.24369138507988,23.607067440329438,1.45
19187,Webster County,Iowa,0.9354131559963773,0,0.2643946040155771,0.3807179173612349,3,19187,0.03340798163813055,0.08119240740462742,0.10884069746274382,0.024126519951307043,0.376326798317273,136.4123465492706,7.447659940838687,1.45
19189,Winnebago County,Iowa,0.8685690054761347,0,0.25752459957184,0.3414885076530806,3,19189,0.0313310372154728,0.084968275909591,0.11499698936944612,0.022065373829156867,0.3744307140033796,112.8195203603144,19.196689371603348,1.45
19191,Winneshiek County,Iowa,0.5777308328296267,0,0.21208988575635446,0.3656409470732722,0,19191,0.02650939485830004,0.07165584560378029,0.10770007451535614,0.021554286135595818,0.37254521273963415,127.34495700386988,12.271103597398591,1.0
19193,Woodbury County,Iowa,0.9287435160530577,0,0.24757634573962883,0.3929364239521351,3,19193,0.03378775284404646,0.07576584849156505,0.10666207918132148,0.022823583292159274,0.3787585427149133,143.76063714125996,3.175297232168007,1.45
19195,Worth County,Iowa,0.5699142639824019,0,0.24561441918372448,0.32429984479867735,0,19195,0.030596589493543505,0.0818730016274587,0.11281044094279682,0.021692626591299665,0.3743105872202508,102.4821449534086,22.087930452450998,1.0
19197,Wright County,Iowa,0.9383726377404252,0,0.29592072193401114,0.35123282133524764,3,19197,0.03580455713750328,0.08920833984952674,0.12394777761791449,0.02255473765683872,0.3806400876761174,118.67981498988787,16.56049235707893,1.45
20001,Allen County,Kansas,0.9347452944336975,0,0.2941360667843954,0.35051586041125804,3,20001,0.03631330294839088,0.08952531946971265,0.1223986095442439,0.023493612091436238,0.37232810344523487,118.2486299532075,17.440288833101754,1.45
20003,Anderson County,Kansas,0.9036212621147877,0,0.2974735784322462,0.32571349888829704,3,20003,0.036481523756522846,0.094173821019437,0.1231312536613908,0.023178635149501352,0.36985117512446025,103.33232586298196,23.47997425392532,1.45
20005,Atchison County,Kansas,0.7180989786066774,0,0.26562042849295764,0.3588134659476314,1,20005,0.03199579402007845,0.08357245237361888,0.11678857559175823,0.023695713322811476,0.36836176199509235,123.23886474543497,14.828910225711486,1.15
20007,Barber County,Kansas,0.8497453128410652,0,0.3034023865861728,0.2826288636490446,3,20007,0.03794324471784575,0.09400124145730396,0.12482123698382745,0.02300922468996145,0.3715440606001015,77.42094156797509,30.007590002263196,1.45
20009,Barton County,Kansas,0.9704378562417924,0,0.2969816478636798,0.37228583919962527,3,20009,0.03636487281509556,0.08914491788803654,0.12240444090781834,0.02331071276838254,0.3771884134238515,131.3412390317594,10.260036965275358,1.45
20011,Bourbon County,Kansas,0.9325054589345403,0,0.28803875902802767,0.355068454030276,3,20011,0.03769403396150538,0.0858495429592946,0.121079217089476,0.024396209308989922,0.3631182389851972,120.98658983487547,14.877699192674225,1.45
20013,Brown County,Kansas,0.9192363741360792,0,0.29710240815259686,0.3368537119412509,3,20013,0.037677714646796465,0.09155756605533577,0.12564961204367547,0.023508940180481167,0.3639781886938501,110.03212359691652,20.03412947776046,1.45
20015,Butler County,Kansas,0.724942656707916,0,0.24146613214833462,0.3889187867281141,1,20015,0.030600133217289854,0.07681781316637339,0.11468203298102099,0.02258659605611364,0.36763345228768934,141.34440357002407,4.516489674703542,1.15
20017,Chase County,Kansas,0.6324217081843689,0,0.3080237037316532,0.24190821642866767,1,20017,0.0370945741746097,0.0943286715207264,0.127478468365971,0.0226360348296778,0.3767298120715194,52.9312752864949,32.82617311805746,1.15
20019,Chautauqua County,Kansas,0.9247121686757934,0,0.37137316369429324,0.26635936642694363,3,20019,0.0445845711309627,0.1039145265043365,0.1354365311924006,0.024527120330209,0.3853115298360648,67.63635844530454,30.506653014599088,1.45
20021,Cherokee County,Kansas,0.6727310735785836,0,0.3077838395808344,0.3649472339977493,0,20021,0.03659068466409979,0.09009557257098645,0.12310669735635998,0.0247262604190989,0.37493939697055834,126.92775337685693,11.98639347300496,1.0
20023,Cheyenne County,Kansas,0.8356757891629457,0,0.3343989351646107,0.24192919529259324,3,20023,0.0410142815198976,0.1013358424846894,0.1316442325449298,0.0223875805067239,0.3804238258957306,52.94389211386804,32.22070964257117,1.45
20025,Clark County,Kansas,0.6156706788984241,0,0.31267746661590295,0.2226883411218572,1,20025,0.0365419014933357,0.0945311972486426,0.1273872019457203,0.0226991621033305,0.3824092932957605,41.372315290399534,32.79396487309566,1.15
20027,Clay County,Kansas,0.6040323660365383,0,0.27494206431899093,0.32909030171754744,0,20027,0.033846429446011655,0.08702848370230815,0.12230897908049321,0.02177676409453355,0.3746515373848992,105.36315739518116,22.24098595468534,1.0
20029,Cloud County,Kansas,0.917114836507139,0,0.29861844232017426,0.33387454837440445,3,20029,0.035323008724375,0.0884085144698219,0.12219322100133842,0.0232267247889172,0.38352194839098375,108.24043494434756,20.738947497911752,1.45
20031,Coffey County,Kansas,0.5980612163645332,0,0.2685009596142047,0.3295602567503285,0,20031,0.033140094225130666,0.08772458174689957,0.12005827799638051,0.022815016542007866,0.36408767180917884,105.64579145690972,22.26797927305485,1.0
20033,Comanche County,Kansas,0.5302823766207835,0,0.32718913992336746,0.20309323669741605,0,20033,0.0373574144896248,0.0977728448403579,0.1328858749237887,0.0224347366546197,0.3845488713837988,29.587690023805408,32.93739932070412,1.0
20035,Cowley County,Kansas,0.952291714687434,0,0.2770675569953837,0.3796853496856052,3,20035,0.034926486479149886,0.08736629427237187,0.12125264747842886,0.023848569302664473,0.3597334319203925,135.7913535269259,7.709354796798159,1.45
20037,Crawford County,Kansas,0.9038613282974441,0,0.24155406800004825,0.3817985722050856,3,20037,0.0291923477630402,0.07683600782975368,0.10571969424074792,0.024152187398036137,0.37326053213472554,137.06225951229757,7.214981009760304,1.45
20039,Decatur County,Kansas,0.818690516338972,0,0.3171958390520358,0.24741831014725524,3,20039,0.0389845218829392,0.09937659641078515,0.13271417244437975,0.0218270500026402,0.37242752526558853,56.24508205429019,31.20840703956957,1.45
20041,Dickinson County,Kansas,0.6374516342042464,0,0.27422782886899416,0.36322380533525234,0,20041,0.03402240976482514,0.08749161802308722,0.11884831231218279,0.023132679793564235,0.3679013562241989,125.89127199246064,12.965805711001668,1.0
20043,Doniphan County,Kansas,0.5898355876467296,0,0.2681447315914484,0.32169085605528125,0,20043,0.03222878699804637,0.08358840537847646,0.11889817627446266,0.0233381237282195,0.3698841239730493,100.9130818854244,23.535604168982605,1.0
20045,Douglas County,Kansas,0.7996763383500328,0,0.15751145647585701,0.3939894665241656,3,20045,0.021023062945437064,0.06028793443969604,0.09357331266537566,0.02412829679219789,0.3468887341492492,144.39394390157867,2.74296488162978,1.45
20047,Edwards County,Kansas,0.6458602407449547,0,0.31012612054454275,0.251491480103244,1,20047,0.03958657574692785,0.0933574976933159,0.12764880793553066,0.0225427231683705,0.37481846461856594,58.69471337743873,30.437609967168537,1.15
20049,Elk County,Kansas,0.8563732836544642,0,0.3509752261303319,0.23962703845895375,3,20049,0.0441328740343584,0.1014103584665712,0.1337509065064736,0.0235275031358752,0.3785293837519641,51.55935978366363,32.00957481855395,1.45
20051,Ellis County,Kansas,0.6926646735700356,0,0.22657776205568597,0.375739345396519,1,20051,0.027754632318134118,0.07146302939929462,0.10935863839567458,0.023365709616130267,0.3689572769446483,133.41820047604187,9.37170193144532,1.15
20053,Ellsworth County,Kansas,0.5831502589899857,0,0.26910991511246946,0.31404034387751634,0,20053,0.03439189948454845,0.0903459639022106,0.12134743737486954,0.02196583262697705,0.36225217864663717,96.3120133144389,24.001864711476472,1.0
20055,Finney County,Kansas,0.8614850400501065,0,0.21327118869957862,0.38085642512808104,3,20055,0.03407392050654509,0.06906809599166777,0.10208279920032134,0.023631362162468524,0.35233624803168956,136.4956460353789,7.637491900658578,1.45
20057,Ford County,Kansas,0.6911110932760127,0,0.22212754499151421,0.37883862307458377,1,20057,0.03371014994379732,0.07864907718789454,0.10777107153058874,0.022254571512216614,0.350048387465348,135.28212654869688,7.962614382459374,1.15
20059,Franklin County,Kansas,0.6134121870779564,0,0.2403060108135101,0.3731061762644463,0,20059,0.030465517365941518,0.07895488459015418,0.10971273890034837,0.023717938501432202,0.36274790929407774,131.83459516254658,9.70077833073578,1.0
20061,Geary County,Kansas,0.8499705683728916,0,0.20650442713480505,0.3796821717430512,3,20061,0.026331679162282823,0.06820233713566108,0.0979692415919132,0.02476516233587955,0.36297821926466206,135.78944229127714,7.713075226017764,1.45
20063,Gove County,Kansas,0.8092427732439741,0,0.3072868301823398,0.2508116341238492,3,20063,0.0383557861810837,0.0955656519912655,0.1309461111725333,0.02192081973752955,0.3710539467286743,58.285849513657766,30.738839771305035,1.45
20065,Graham County,Kansas,0.830275667526163,0,0.33695770153675914,0.235646207101974,3,20065,0.0396614370451435,0.09820252524555155,0.1324045867184224,0.02276164462651235,0.38704696657883864,49.1652615040444,32.934712884637435,1.45
20067,Grant County,Kansas,0.6247590124137763,0,0.2228335250977511,0.32043518134901094,1,20067,0.033178941366099,0.07484252593696675,0.1086947930449568,0.02274676914101445,0.3525433701806303,100.1579108207742,22.967887809627168,1.15
20069,Gray County,Kansas,0.6139669854289375,0,0.22547278370747412,0.3084115514481237,1,20069,0.0291186223911626,0.07599853236865181,0.11112551936268335,0.023568979572780202,0.3534459916386063,92.92682035771776,24.798644721297894,1.15
20071,Greeley County,Kansas,0.5525067616168109,0,0.3050050729375403,0.17543558933794742,1,20071,0.0352233080046597,0.0928459522903892,0.1274087718725346,0.0225312878304233,0.3811360466691149,12.95419816650241,31.425356244260534,1.15
20073,Greenwood County,Kansas,0.9262272034909562,0,0.32738624293997215,0.31139113877792873,3,20073,0.0391167230241486,0.09647194434540084,0.13170949330350468,0.023011288902250668,0.37988747415754703,94.71876386412984,24.676013427813597,1.45
20075,Hamilton County,Kansas,0.4897026699307574,0,0.2497152324765511,0.23998743745420625,0,20075,0.0333835611098825,0.0805638220655354,0.1148369260113679,0.0229921024047316,0.3608424896304398,51.77610612058082,31.81491182596119,1.0
20077,Harper County,Kansas,0.8967932951693873,0,0.31717342401021764,0.3013047105893598,3,20077,0.0389757568076975,0.09514176456622143,0.13148916249526155,0.023030732467558532,0.37147509151109115,88.65271931004035,26.49486777854889,1.45
20079,Harvey County,Kansas,0.7281812964241101,0,0.25380404034583115,0.37939708697948205,1,20079,0.03161051689116171,0.0786933096462271,0.11617783317321294,0.022126903215763733,0.37674890698375646,135.6179904308988,7.762122816220004,1.15
20081,Haskell County,Kansas,0.5355950403926488,0,0.2615999521468594,0.2739950882457895,0,20081,0.0359639857350501,0.0818501732775936,0.1148537805369977,0.0241747506200863,0.3563892468441826,72.22853199671547,29.48366449034699,1.0
20083,Hodgeman County,Kansas,0.4998702656602293,0,0.2940727335348334,0.20579753212539595,0,20083,0.0346023499807833,0.0916407463955851,0.1289903218899685,0.021751453444514,0.3761785237419305,31.214071161593907,32.46776239521152,1.0
20085,Jackson County,Kansas,0.9122577807669098,0,0.2777461537860733,0.35139714329455407,3,20085,0.034360603180678705,0.08582102435585243,0.11870027937371158,0.023639770764989635,0.3696996270622131,118.77863930189736,16.167038626565695,1.45
20087,Jefferson County,Kansas,0.6266133106739582,0,0.26338058292593364,0.3632327277480245,0,20087,0.0318453220972431,0.08381608929555762,0.12041383586651487,0.0223917891676606,0.3701925412715089,125.89663799045265,12.902566950082166,1.0
20089,Jewell County,Kansas,0.9217514962446635,0,0.38071109634179423,0.254979590723491,3,20089,0.04632319743685935,0.10737196185736934,0.1380733550772434,0.023122866983698948,0.3924960234460025,60.79248615055884,31.37432932805376,1.45
20091,Johnson County,Kansas,0.8603460173629487,0,0.19449310614464752,0.3988489747953171,3,20091,0.02419928339769108,0.06884472348818865,0.1108539431495618,0.02050559702607454,0.3665112083761096,147.31648428283864,1.1155055954315796,1.45
20093,Kearny County,Kansas,0.54809343034756,0,0.2726715688538089,0.2754218614937511,0,20093,0.0384774081188182,0.0857083587902862,0.1173081819346388,0.0238459392687039,0.355078457384317,73.08660285479456,30.55498882306493,1.0
20095,Kingman County,Kansas,0.5920117263124589,0,0.27054040793675177,0.32147131837570714,0,20095,0.03302219984375124,0.08887400174648817,0.12364002010614536,0.02153537804081747,0.3689581951722396,100.7810504744332,23.68932485368897,1.0
20097,Kiowa County,Kansas,0.5052555475617138,0,0.26729010639081996,0.23796544117089385,0,20097,0.0324864591350619,0.0840853998381915,0.1193855956386637,0.022481645492201,0.3733485467829409,50.56006419637647,31.750392559266853,1.0
20099,Labette County,Kansas,0.9650032450034881,0,0.2986148687569481,0.36690461055580237,3,20099,0.03890393982672395,0.09133123752390875,0.12384335921453377,0.0246661265669596,0.35700281392944966,128.1049325713449,12.19829823888622,1.45
20101,Lane County,Kansas,0.5241432636015771,0,0.32803349386798036,0.19610976973359676,0,20101,0.0379894667966824,0.0964145577592604,0.1324340159487725,0.0227824574362783,0.3839988980644414,25.38778685168454,33.5442633748029,1.0
20103,Leavenworth County,Kansas,0.7458009643637776,0,0.25740718747112235,0.39111539023651043,1,20103,0.03272076113462647,0.0827160682571043,0.11049606749355051,0.023688241003040737,0.3689997785747594,142.6654554330317,3.6830309606214464,1.15
20105,Lincoln County,Kansas,0.6529382651841904,0,0.3148752841913738,0.2528971203166179,1,20105,0.0373276907365808,0.0955649068127375,0.1292112494102485,0.0227967150741987,0.377728217409742,59.54007468888978,32.44710937584592,1.15
20107,Linn County,Kansas,0.7531945967425236,0,0.317052293849574,0.3378995294047944,1,20107,0.040681584689456554,0.0929549373679402,0.1273737560551377,0.023758258603935302,0.3713704341719737,110.66108512925456,19.365410917210266,1.15
20109,Logan County,Kansas,0.5398411019325347,0,0.2910537353804573,0.24878736655207737,0,20109,0.0358670251437814,0.090817206707365,0.124232334997661,0.0224316047367447,0.3733916637182176,57.0684416215674,31.501892370460524,1.0
20111,Lyon County,Kansas,0.8970244235577205,0,0.24099097597828067,0.3776465575098025,3,20111,0.029901165241276298,0.0756313978959085,0.10934268647275533,0.023769664696434687,0.3699550599331087,134.5652104420067,8.872501857414989,1.45
20113,McPherson County,Kansas,0.6215958121415092,0,0.24421168342346666,0.3773841287180425,0,20113,0.03074275974275613,0.08123513794129357,0.1142879732801425,0.02225569927294314,0.36681284590179314,134.4073840327634,8.744035177728188,1.0
20115,Marion County,Kansas,0.728596887718434,0,0.2855956336434959,0.347966877416012,1,20115,0.0355120470378735,0.09006225615777522,0.1216234543438058,0.02250365193627975,0.3730712123748586,116.71565473862138,17.353745428196493,1.15
20117,Marshall County,Kansas,0.6305763372958786,0,0.29060028046727865,0.33997605682859994,0,20117,0.034320068024849125,0.09299640996823205,0.12373711472560361,0.02205320680953135,0.3770771966514771,111.9099224416412,19.77006985147772,1.0
20119,Meade County,Kansas,0.815852139248408,0,0.28732437177302245,0.2753322759845004,3,20119,0.0354836118418646,0.087126096614004,0.12400571260326625,0.02302063228116375,0.37168096847690785,73.03272553763567,32.634139594139164,1.45
20121,Miami County,Kansas,0.6041455453121419,0,0.22486403368774358,0.3792815116243983,0,20121,0.02783162739060366,0.07485610105618953,0.11722730468815765,0.021696874513331025,0.3622625603200184,135.54848264873988,8.091502022599055,1.0
20123,Mitchell County,Kansas,0.8878416246185936,0,0.30490796833323064,0.30739660036924776,3,20123,0.036917491726908655,0.09414093153867535,0.12725397979871217,0.02224524514160535,0.377423256234392,92.31642207305438,25.891622612721985,1.45
20125,Montgomery County,Kansas,1.0029164018359153,1,0.3139442151731626,0.37772226885160665,3,20125,0.03995803202087117,0.0917440481047216,0.11893106189238858,0.025670018937102516,0.3703000029212101,134.61074374319594,8.447764228750506,1.45
20127,Morris County,Kansas,0.8866169593196109,0,0.3091198331596381,0.3023401387849212,3,20127,0.03732758920157965,0.0924553549878955,0.126027472631159,0.0224616327841276,0.3837065261881055,89.27543266797157,26.550940488860075,1.45
20129,Morton County,Kansas,0.7645429362394377,0,0.2799410742433161,0.24732991626664091,3,20129,0.0361929574273001,0.0871905055560835,0.1207344966031279,0.0229497816136497,0.3676314922321319,56.19192139046639,30.82701525732,1.45
20131,Nemaha County,Kansas,0.6023345636543684,0,0.2627664696272913,0.33956809402707716,0,20131,0.03142036818312953,0.0860853672926388,0.12553968510093041,0.020786229347376933,0.3713681396152784,111.66457091737684,19.24446372604363,1.0
20133,Neosho County,Kansas,0.9425625219716219,0,0.2913701168506888,0.3586730017504298,3,20133,0.035485927946030504,0.09241134692637093,0.11979276165788381,0.023500369525753722,0.3711316664654944,123.1543886491847,14.966998705167809,1.45
20135,Ness County,Kansas,0.8334886398606148,0,0.3266624702989628,0.2481572813290474,3,20135,0.03961968367062,0.09816133041640074,0.13216903962127136,0.0223408826471498,0.3797632347932131,56.68950420543579,31.589762188767786,1.45
20137,Norton County,Kansas,0.6627693197276456,0,0.27452580119072095,0.3017953463985361,1,20137,0.0349507388289309,0.0897874688655283,0.1223276155022668,0.0214968434604051,0.3695414682886244,88.94779092733178,26.84013344190365,1.15
20139,Osage County,Kansas,0.6668028025196505,0,0.3083733317799252,0.3584294707397253,0,20139,0.036054545618258896,0.09161126966497138,0.1264285989516754,0.023578262960443,0.3781382861689048,123.00792749032668,14.531372569346821,1.0
20141,Osborne County,Kansas,0.6688723966211726,0,0.3119938573568921,0.2696343136180405,1,20141,0.0386530251795654,0.0944860755800946,0.1280967677276277,0.0226261396147405,0.3760724715223067,69.60593332375342,31.102164415027563,1.15
20143,Ottawa County,Kansas,0.8547392031078863,0,0.27999883330052683,0.30947647918767063,3,20143,0.0343813440611543,0.08504267493414575,0.1224924558448844,0.022476351630104002,0.3761044791484839,93.56727493630667,26.09257028018729,1.45
20145,Pawnee County,Kansas,0.8641257512564491,0,0.28583067383852356,0.31011812013144135,3,20145,0.03559772081408215,0.0901557429230377,0.1279395182612007,0.0221328039399851,0.3659020456787254,93.95316203924094,25.34377087143716,1.45
20147,Phillips County,Kansas,0.6871343803551614,0,0.3043342310546862,0.29317392577588897,1,20147,0.0361911924463416,0.09262673711232966,0.1297412008636645,0.022377627132532166,0.37591212210352315,83.76281160275846,27.97574579881992,1.15
20149,Pottawatomie County,Kansas,0.8764228214746983,0,0.23021363076011483,0.37421590129140125,3,20149,0.028841043496182675,0.07941999055213281,0.11400840735489137,0.021931876467164123,0.3620362639015605,132.5019911257604,9.40410040266474,1.45
20151,Pratt County,Kansas,0.8581746533229222,0,0.25720992347097094,0.33463466502759615,3,20151,0.03247961640699743,0.0840201961713417,0.1150887829227371,0.0228983188455491,0.3662476866232473,108.6975741217019,20.67790094557204,1.45
20153,Rawlins County,Kansas,0.8466507156646497,0,0.3415873466367869,0.24230969864917837,3,20153,0.0412872580920152,0.1018369469977889,0.1350037115284122,0.0223405503580218,0.3818038536664803,53.172729346521095,32.87769587962932,1.45
20155,Reno County,Kansas,0.9844364802565824,0,0.29029049858743006,0.3886312119343509,3,20155,0.03629348519944269,0.08723717497371809,0.12052698699822852,0.024135191024902875,0.3697117885949569,141.17145418903533,4.672722671105968,1.45
20157,Republic County,Kansas,0.6168999069910794,0,0.3251060742904033,0.29179383270067616,0,20157,0.03939438639578983,0.099180476968383,0.13223132440286559,0.021727107329299264,0.3816978702052414,82.93281450898851,27.930301914487444,1.0
20159,Rice County,Kansas,0.6066330988256667,0,0.26974034616077575,0.33689275266489105,0,20159,0.03500758923877883,0.08492048730978864,0.11875962836451993,0.023055559239132335,0.3652462319822279,110.05560294605752,19.199046476259305,1.0
20161,Riley County,Kansas,0.7431845437884234,0,0.12308469317873079,0.38945637150294043,3,20161,0.018802739635322637,0.051031708429561194,0.07633979779399103,0.02427308895922278,0.3550449787685702,141.66771060545142,4.422754400211705,1.45
20163,Rooks County,Kansas,0.6706889678712469,0,0.2886138836454206,0.2945939145034897,1,20163,0.03476864463012355,0.0894180648903977,0.12475409813376845,0.0226657185024447,0.3729216487857875,84.61680220546687,27.48673123910195,1.15
20165,Rush County,Kansas,0.6761194205647371,0,0.33163825576197214,0.2562916751638861,1,20165,0.03951372285736985,0.09733124226989745,0.1344958279742946,0.02293321963312745,0.37842978360039675,61.58158240201329,32.98171545731488,1.15
20167,Russell County,Kansas,0.7153835288167646,0,0.3056742213894329,0.3163984123642755,1,20167,0.036936443565697905,0.0954148407826466,0.12647792814230613,0.022293893564624648,0.3771565384666993,97.7301712822403,23.974392213055744,1.15
20169,Saline County,Kansas,0.9212983840946631,0,0.2489656526759614,0.3864125432513925,3,20169,0.03310999151831439,0.07786522322416481,0.10981603100180093,0.023564344419669633,0.36821680174750426,139.83713218426047,5.431419751931109,1.45
20171,Scott County,Kansas,0.5680456247387695,0,0.27224820415977313,0.2957974205789964,0,20171,0.0336257862455112,0.0863623487525498,0.1210155768119969,0.022413218866376,0.3704855992474818,85.34059871089526,28.480886502269115,1.0
20173,Sedgwick County,Kansas,0.980477089872085,0,0.277503120469514,0.39868797599399297,3,20173,0.033782458692352656,0.08171528379492399,0.11718475813835336,0.02414319675800589,0.3754706180881017,147.219658539996,1.2365339675038096,1.45
20175,Seward County,Kansas,0.6915477315853479,0,0.23341671404472356,0.36792913950775297,1,20175,0.03622941008691922,0.07584088073241296,0.10520180148128161,0.02389539081894436,0.35173969003662414,128.7210910521568,11.774414516647022,1.15
20177,Shawnee County,Kansas,0.7975671573103947,0,0.29767372245296064,0.3958629360778174,1,20177,0.0364272903031589,0.08553138272879639,0.12533193816531732,0.024919219234084262,0.3663326093790323,145.5206608692424,1.9409575446400704,1.15
20179,Sheridan County,Kansas,0.6284265595012651,0,0.3092461441795537,0.23721173364763343,1,20179,0.03609194634534625,0.0950745575582025,0.12954967371524267,0.0219445347506474,0.3813686310428785,50.10677951210819,33.41562317405961,1.15
20181,Sherman County,Kansas,0.8223298417865323,0,0.26012316084063675,0.30700086797766146,3,20181,0.0332212399697696,0.08424750546230506,0.11947482835953716,0.0222499191031063,0.36528361009422883,92.0784259981327,25.56876985460271,1.45
20183,Smith County,Kansas,0.5985216556450148,0,0.3309793122180206,0.26754234342699423,0,20183,0.03991315341008975,0.09868751136178205,0.13126412533600224,0.0219172288619165,0.3875220600741103,68.34780862911713,31.6353805816124,1.0
20185,Stafford County,Kansas,0.6690357427454289,0,0.3033014754279919,0.2784687356549897,1,20185,0.03826818253548025,0.09376262378756325,0.1239211587527198,0.0229018542369142,0.37322640209022917,74.91901310619791,30.605149237738274,1.15
20187,Stanton County,Kansas,0.5667335597586483,0,0.274301811812353,0.21850997928212382,1,20187,0.0380548908590275,0.0854032270324482,0.1177439765163064,0.0229266653550386,0.3645933496837305,38.859420873359504,34.75371388480373,1.15
20189,Stevens County,Kansas,0.8256193521560179,0,0.26984299790046856,0.29954965875885414,3,20189,0.03644966950380035,0.08545147048169249,0.1163811604995848,0.0233539490968333,0.36253432668687613,87.59721954346797,26.68687293430437,1.45
20191,Sumner County,Kansas,0.9294269900559682,0,0.27166705389034923,0.3693170771827323,3,20191,0.03455949894265182,0.08621146257810852,0.12139065817477704,0.02277350706296765,0.36450255095790096,129.55580594005593,11.191565662556128,1.45
20193,Thomas County,Kansas,0.5772416018225941,0,0.2501652909538394,0.32707631086875466,0,20193,0.03190927492870965,0.0799185208529614,0.1148428527768721,0.0227178351111625,0.367924496648825,104.15192999218918,22.36592393064484,1.0
20195,Trego County,Kansas,0.5478960460906311,0,0.2988445914869915,0.24905145460363967,0,20195,0.03624533191311,0.0925759844783897,0.1300773082873788,0.0214364700779097,0.3766041601464941,57.22726592061858,32.4331058986291,1.0
20197,Wabaunsee County,Kansas,0.5787545871879887,0,0.25801489714419473,0.320739690043794,0,20197,0.0312932837363116,0.08561973214261931,0.12239960752224915,0.0213938161071873,0.3675889652634614,100.3410443617194,23.732884343217844,1.0
20199,Wallace County,Kansas,0.7204780845603632,0,0.3027172799391555,0.19416415768868123,3,20199,0.0360247647227795,0.0930605353282254,0.1274628355123726,0.0215972018886781,0.3834359880295393,24.217682913126147,34.2681297035719,1.45
20201,Washington County,Kansas,0.6972536066219027,0,0.30145515096619574,0.3048523330528502,1,20201,0.0371497947571999,0.0909889920141726,0.1269950951118037,0.022280496050410402,0.3779723102708843,90.78628289888444,25.48805046127416,1.15
20203,Wichita County,Kansas,0.4941548964022555,0,0.27027557426794263,0.2238793221343129,0,20203,0.0348958992113274,0.0876127778302704,0.1214613429568664,0.0213274095002792,0.3709917355505907,42.08857914015544,33.41664398870684,1.0
20205,Wilson County,Kansas,0.7635198472368049,0,0.33378717338917174,0.3301431285558761,1,20205,0.0397831089654984,0.09714417713475425,0.12873182919410212,0.024338235397257726,0.3787112724831763,105.99633441182624,22.14364758011196,1.15
20207,Woodson County,Kansas,0.5948251691745403,0,0.3349155636398357,0.25990960553470466,0,20207,0.04240695442402455,0.09786373544521415,0.12955021201266298,0.02394825591051325,0.3741731598621517,63.75742963085205,31.641823873870457,1.0
20209,Wyandotte County,Kansas,0.9968925851887371,1,0.2922118958342734,0.3953002318820971,3,20209,0.044364060921415246,0.09287687356028274,0.10399531691270571,0.02619690635110067,0.3540936579020418,145.1822468481243,2.208574176334229,1.45
21001,Adair County,Kentucky,1.0922405723255255,1,0.39114856431330197,0.3621207959111984,3,21001,0.03965547614268733,0.10470599579970442,0.1366862211522612,0.0284907036013455,0.3851855206466049,125.22791483720182,13.011714585793268,1.45
21003,Allen County,Kentucky,1.0467929330517127,1,0.356655443459916,0.36527071726540306,3,21003,0.03742715916238027,0.10194079445188976,0.12576657151582518,0.02790726364066265,0.37932231032831765,127.1222983512924,12.034233555265242,1.45
21005,Anderson County,Kentucky,0.9988797760420722,1,0.3199207786223987,0.36896182554454765,3,21005,0.03220314280073154,0.09583148332370156,0.12124526800847947,0.02648957890138964,0.37958702081030127,129.34215525768815,11.43637395789804,1.45
21007,Ballard County,Kentucky,1.0134041759213117,1,0.3800131808602667,0.3188862508096034,3,21007,0.039589806345833464,0.10755650567826523,0.13037287602891282,0.027567816148363664,0.38610857534951226,99.22637376052089,23.63447951282465,1.45
21009,Barren County,Kentucky,1.0985463753448943,1,0.3755027955856919,0.38211539430733876,3,21009,0.04088806023303002,0.10287267729298501,0.1263656750431709,0.0282622110935539,0.38607694852153307,137.25279841785047,6.916454208762849,1.45
21011,Bath County,Kentucky,1.068249817079302,1,0.3905606867414351,0.3461633250373939,3,21011,0.042366148071153666,0.10477026543908458,0.13125807262371972,0.0287169774492074,0.38467459965287204,115.63098642196888,17.820424406779726,1.45
21013,Bell County,Kentucky,1.1831479324755296,1,0.446354599041399,0.3696094923210353,3,21013,0.04835227157684582,0.11482354198867516,0.1374452098486727,0.031445058350266994,0.38454855654817677,129.7316663362313,11.17978415489754,1.45
21015,Boone County,Kentucky,0.6644297330778455,0,0.27013769945716776,0.39429203362067766,0,21015,0.02771849742754715,0.0833722187155538,0.11382348539203063,0.024641007074412764,0.38132063911632075,144.57590975249542,2.4733013793619625,1.0
21017,Bourbon County,Kentucky,1.0577111049584802,1,0.3655355292020015,0.36392040525212277,3,21017,0.03875146468158566,0.10250006857131717,0.12856256645352354,0.027316299512438014,0.38488884802027934,126.3102117849335,12.65661586465822,1.45
21019,Boyd County,Kentucky,1.0893490283450908,1,0.36759137913816003,0.3836838128239717,3,21019,0.04001216221638505,0.10293933258864545,0.12226872106964957,0.027916785337089307,0.3886782623825645,138.1960556763651,6.387517890589447,1.45
21021,Boyle County,Kentucky,1.0398992122568933,1,0.3415550904550101,0.3756167800669853,3,21021,0.03624460872178664,0.09974224031507387,0.12040265775708955,0.02707981575368026,0.38397604056679246,133.34448887706566,9.264628929725472,1.45
21023,Bracken County,Kentucky,0.9648429356491423,0,0.3401036479907772,0.3253052731465623,3,21023,0.0358581466971767,0.1005109153189357,0.12348956095491292,0.027391018081627833,0.37502666062206663,103.08681620473692,23.10680804083606,1.45
21025,Breathitt County,Kentucky,1.0957448960419447,1,0.4064838782240314,0.3492022569773098,3,21025,0.043909165839905125,0.104933511888194,0.13142474311298918,0.030464081256353873,0.38419696464946534,117.45862016899414,16.610020889265467,1.45
21027,Breckinridge County,Kentucky,0.8655453322137195,0,0.3870125338890298,0.36563558107942207,1,21027,0.04039857524534632,0.10535057374126516,0.13465853272382317,0.0276664306257284,0.3874399272366013,127.34172985971502,11.78815793000411,1.15
21029,Bullitt County,Kentucky,0.9966239002426512,1,0.29709422845906464,0.39023259929448795,3,21029,0.03057130381304725,0.09003188995150273,0.11804080869501156,0.026099599332558447,0.3756968961527915,142.13453912785997,4.114610527500182,1.45
21031,Butler County,Kentucky,1.0037589355009717,1,0.3481982169338377,0.34404932479097056,3,21031,0.03684244267733794,0.09876500416106619,0.12763785245382095,0.027230641787133417,0.3786038658301023,114.35961270647527,18.13160345598676,1.45
21033,Caldwell County,Kentucky,1.065131280198194,1,0.38901957135505055,0.3455537253333592,3,21033,0.04086285182016616,0.10873664386506039,0.13319619024192303,0.0270047750019341,0.3907604721286142,115.26436913230977,17.60555927684694,1.45
21035,Calloway County,Kentucky,0.9911796344617371,0,0.30414571234646437,0.3794264493512854,3,21035,0.031446996000907355,0.08533997449457814,0.11362529257162877,0.027639392950284832,0.3832862320198352,135.63564915529983,7.799741921643994,1.45
21037,Campbell County,Kentucky,0.9867785052397151,0,0.2892519022120586,0.3912849979532622,3,21037,0.029215030945027712,0.08863249405067736,0.11722010098628768,0.026528297668138134,0.3707001909177457,142.76745863449202,3.6023140733837717,1.45
21039,Carlisle County,Kentucky,0.785051144028329,0,0.397073190516193,0.2855799782040932,1,21039,0.04152735352207627,0.10991432778942244,0.134578513385741,0.027427727952760703,0.3906433131371838,79.19576135952771,28.18798377266725,1.15
21041,Carroll County,Kentucky,1.0024602886925016,1,0.35068231905600067,0.3406696041802073,3,21041,0.038331640919384805,0.09959594171904336,0.12525109987450717,0.027660526352933035,0.3768949852010039,112.32702640119638,18.301017070101004,1.45
21043,Carter County,Kentucky,1.0993173354681487,1,0.38626752254803204,0.37188236398172575,3,21043,0.040786156649412625,0.106057706782225,0.12939664905262624,0.02918557520826613,0.38136405906062215,131.09858636993573,10.14252302232012,1.45
21045,Casey County,Kentucky,1.113075765875873,1,0.4116837199720018,0.3559547392527382,3,21045,0.04490796569494138,0.11145375894742689,0.13142166150208004,0.03000116992605676,0.38120260805012307,121.5196076233905,14.994397964647048,1.45
21047,Christian County,Kentucky,1.028803855409624,1,0.3204463205450829,0.38907357973741635,3,21047,0.036499755986391914,0.09425808173682822,0.10463835706033008,0.02893560695238176,0.37950104252602573,141.43749710854283,4.318556522868509,1.45
21049,Clark County,Kentucky,1.042884487119832,1,0.33884318605947805,0.38038749471281985,3,21049,0.03562865166954151,0.09605798198282091,0.12332179116259857,0.02694188843448706,0.3844995578568611,136.21362818539654,7.05533220389419,1.45
21051,Clay County,Kentucky,1.1317391884261907,1,0.415994139298716,0.36451564582279494,3,21051,0.04503976548181879,0.10748801640685027,0.13199516009281942,0.031329381583344,0.3803828889894897,126.6681933969169,13.003340408530027,1.45
21053,Clinton County,Kentucky,1.082792013929837,1,0.416272249257956,0.33048086379710395,3,21053,0.04616160840357866,0.11389046695567129,0.13536489838118693,0.029337440533174535,0.3783279098472032,106.19945061733256,21.493553594334298,1.45
21055,Crittenden County,Kentucky,1.015992793798962,1,0.37319817248705545,0.32748651289153896,3,21055,0.0407341179638661,0.1058810054009658,0.13125692196407923,0.027219054308006474,0.3797920013349691,104.39862819891486,21.600487312209484,1.45
21057,Cumberland County,Kentucky,1.0396635845184783,1,0.4138290777439659,0.3031802908894675,3,21057,0.04394711526581775,0.11238444582755819,0.13725814106249723,0.02791858526671545,0.39111782636570286,89.7807056945684,26.022441272859705,1.45
21059,Daviess County,Kentucky,1.0866728845814586,1,0.35725576876598863,0.3921738068074311,3,21059,0.0352444087406018,0.09712555072754463,0.1293497832142442,0.027101250812303888,0.3928906245069539,143.30199415178922,3.420556353599536,1.45
21061,Edmonson County,Kentucky,1.0491803431227922,1,0.3786367245828319,0.34493592584668,3,21061,0.03949928865883907,0.10324512494874964,0.1298827596652481,0.028222583642895697,0.3870359190180688,114.89282043919194,17.828081556738564,1.45
21063,Elliott County,Kentucky,1.069009709366118,1,0.4218147833416744,0.3154332920832345,3,21063,0.04755504114103,0.1133131993490185,0.13387840037677096,0.029825702548837,0.38035356079952076,97.14974156862918,24.442059551244157,1.45
21065,Estill County,Kentucky,1.0909506896645158,1,0.40270478281771993,0.3496750031578083,3,21065,0.04427596307874222,0.111114532129653,0.13260823630665514,0.029332748119636175,0.3768512787622742,117.7429328454012,16.411022074987056,1.45
21067,Fayette County,Kentucky,0.9682517988561492,0,0.2702570770037009,0.397502784276402,3,21067,0.029368939638681996,0.08232675854505073,0.10472608193733682,0.026178766230773528,0.38156775720441216,146.50687641042185,1.4784248357240628,1.45
21069,Fleming County,Kentucky,1.0425258822561552,1,0.3664448639476225,0.352538503125588,3,21069,0.03916436357069285,0.10212301795003673,0.12919514384587957,0.027820944657567598,0.3805974936655769,119.46506064529682,16.19280040496486,1.45
21071,Floyd County,Kentucky,1.15653185443706,1,0.41945266970799877,0.37815550576583573,3,21071,0.04218470706451068,0.10867415674864961,0.1413949558915288,0.029936651276278446,0.3850981371650656,134.87129528582906,8.47461670639458,1.45
21073,Franklin County,Kentucky,1.0414440127343414,1,0.33337825465487725,0.3848589955067376,3,21073,0.033304170592244935,0.09867034522233994,0.12302474983373718,0.0268715897175461,0.3814200208896939,138.90281830626526,5.901406182883953,1.45
21075,Fulton County,Kentucky,1.0965557878241523,1,0.44798070882259444,0.3082646620906141,3,21075,0.0498180167486289,0.11779865284078335,0.1310877740015797,0.0302994747531682,0.3969816085035009,92.83848012760689,24.77823002927333,1.45
21077,Gallatin County,Kentucky,0.9565759768689412,0,0.33298467892067574,0.32672289133376653,3,21077,0.0353716716347242,0.095456416093252,0.1245790761277816,0.02751043141527305,0.373463770381884,103.93938114878856,22.40819979335829,1.45
21079,Garrard County,Kentucky,1.0341081907186644,1,0.35367572325849905,0.35950233930609715,3,21079,0.038426303961110506,0.10032078909699305,0.1258000776134326,0.02732034688828045,0.38051612950633323,123.6531577346335,13.639222920678652,1.45
21081,Grant County,Kentucky,1.0243836087226428,1,0.3357019761945456,0.37076947809693217,3,21081,0.03405766704992257,0.0964331522862986,0.12432486899246017,0.02741711554333595,0.3792140392439964,130.42928944593382,10.580131138811316,1.45
21083,Graves County,Kentucky,1.0859374232542143,1,0.3700152555759506,0.37890710528902466,3,21083,0.03862268913679668,0.10587078063087156,0.12719296636909072,0.027182709496880477,0.38815949487166457,135.32331220492668,8.086124881422501,1.45
21085,Grayson County,Kentucky,1.0942259834506858,1,0.3819272675337055,0.3727113417426296,3,21085,0.041553355723415474,0.10649580107221604,0.12907501065860644,0.028322126986330604,0.3812734416702775,131.59713907243662,10.210451094581574,1.45
21087,Green County,Kentucky,1.0600222904588943,1,0.3893805899955516,0.3416692654933411,3,21087,0.04128733879671252,0.105821626088794,0.13271782612520247,0.028143792724501775,0.3865359761370503,112.9282293197222,17.98040179460585,1.45
21089,Greenup County,Kentucky,1.0707467703569111,1,0.3602267667359931,0.3782192817860146,3,21089,0.03676189103025618,0.1015278820236919,0.1265633249448525,0.027056337545324265,0.3905766220939745,134.90965060573566,8.570841670672754,1.45
21091,Hancock County,Kentucky,0.9748381144857756,0,0.3413253166545447,0.3309768312666799,3,21091,0.03523102134311926,0.09736904463705744,0.1273406870545814,0.026983287228953233,0.37956928566577464,106.49772873041492,20.875512362987383,1.45
21093,Hardin County,Kentucky,1.002917004637192,1,0.29891536806803726,0.3927515316817503,3,21093,0.031132100591072475,0.08574972764618241,0.11087873087540077,0.027787158661862498,0.3810286616303013,143.649441708259,3.131128985027181,1.45
21095,Harlan County,Kentucky,1.1617532259542673,1,0.43036757339991266,0.3708415479478579,3,21095,0.04669443398557056,0.11378133689753271,0.13291246038018262,0.030812693826631144,0.3849116355538457,130.4726327304493,10.627993597685789,1.45
21097,Harrison County,Kentucky,1.0437788162993495,1,0.3587192204728568,0.3611282390439359,3,21097,0.0379129627546111,0.10214760691369404,0.1269158520869129,0.027649256070187297,0.3802047404131876,124.63098457936232,13.659207000731023,1.45
21099,Hart County,Kentucky,1.0984448852909563,1,0.3950361812617306,0.36251201549065293,3,21099,0.04280943633584012,0.10969647078840014,0.12830875616074372,0.02906888777729404,0.3830395418805723,125.4631968770911,13.210895678145986,1.45
21101,Henderson County,Kentucky,1.0901879011055642,1,0.3695708643204087,0.3822828605799805,3,21101,0.03870912125186705,0.10075862941166622,0.12615055737641218,0.02818192530813189,0.3890902246397777,137.35351374067437,6.924492003107359,1.45
21103,Henry County,Kentucky,1.0325081030331542,1,0.35658674373854726,0.35548781007742125,3,21103,0.03786243644598644,0.10165606932020622,0.12683252157369374,0.027251159167723457,0.38192711915815536,121.23879333233286,15.300720574832589,1.45
21105,Hickman County,Kentucky,1.0612649289673468,1,0.4525248807993832,0.2793819667643043,3,21105,0.0469735367105114,0.1185265149945807,0.1417422399556131,0.028624663892068,0.4036873529100395,75.4682363290987,30.386402495564607,1.45
21107,Hopkins County,Kentucky,1.1197574217411337,1,0.3895066215619251,0.38273987619058086,3,21107,0.040777599975330564,0.10553513870365686,0.1308851905496303,0.027978267803782948,0.3924562024518502,137.6283659484121,6.497361580066298,1.45
21109,Jackson County,Kentucky,1.0532885212741896,1,0.37843825282348037,0.34796762391733993,3,21109,0.04163551492991616,0.10633207989139473,0.12436008420563788,0.029131194577228736,0.3788267033597012,116.71610368945215,16.54743769152336,1.45
21111,Jefferson County,Kentucky,1.0570041514056108,1,0.32986442437863456,0.39910395590109693,3,21111,0.03543975303979377,0.09556448818133259,0.11730889560222832,0.027193297797568378,0.3835932959766825,147.46983160452626,1.127524471009352,1.45
21113,Jessamine County,Kentucky,0.690691011566075,0,0.30576222772313055,0.3849287838429445,0,21113,0.0314929131124447,0.08963937478373639,0.116732956774051,0.026665144803031556,0.3810681022737311,138.9447894727548,5.785684905729831,1.0
21115,Johnson County,Kentucky,1.075085040074719,1,0.37529805973071917,0.3661398989415008,3,21115,0.039061707721519234,0.10514011297825804,0.12884655095544617,0.028642615354774484,0.3801547094415963,127.64502995401992,12.272932743571978,1.45
21117,Kenton County,Kentucky,0.6860329686994824,0,0.2909361798336952,0.39509678886578714,0,21117,0.030201992281760313,0.0872378454172483,0.11556729516370633,0.026902152396301636,0.37192417980005815,145.0598948739583,2.189961787840736,1.0
21119,Knott County,Kentucky,0.8956040285391249,0,0.42894555348491914,0.349840558288233,1,21119,0.046050960257423806,0.11044981793300224,0.1352907268162344,0.03083213826803084,0.38601114718024504,117.84249879466878,16.135153166862377,1.15
21121,Knox County,Kentucky,1.1621893649709603,1,0.4264866257623595,0.37502328111416483,3,21121,0.04623630469960405,0.11151550652455267,0.13002385232641875,0.03132747567613135,0.3858415534448943,132.9875546855652,9.172188210268391,1.45
21123,Larue County,Kentucky,1.0495349738191468,1,0.36998660287511886,0.35383062044843067,3,21123,0.03834910236996555,0.10395462071798886,0.12976834034151377,0.0276840545915907,0.38379035968638264,120.24214854033158,14.967745110162165,1.45
21125,Laurel County,Kentucky,1.0844022653385237,1,0.36033076638276423,0.38753286488518324,3,21125,0.037946927623158315,0.0998355740031886,0.12489477267924874,0.02901639626841718,0.37805495519917365,140.51090101683758,5.073401593079376,1.45
21127,Lawrence County,Kentucky,1.1069342640892432,1,0.40727419800878534,0.35612874274241685,3,21127,0.04355706059659626,0.10825554145693761,0.13541293365183119,0.02985518618223424,0.37935469495241037,121.62425447173212,14.461625154837725,1.45
21129,Lee County,Kentucky,1.075236989175058,1,0.42374938022217323,0.31779337093303917,3,21129,0.047989141530302065,0.1139651612304678,0.13190797979669677,0.030392627216646633,0.3791867078234263,98.5691085820487,23.399294568133104,1.45
21131,Leslie County,Kentucky,1.0890356713840093,1,0.41452175568766036,0.33653732802544956,3,21131,0.0452666901263112,0.11069490515772266,0.13179924300820708,0.030452779908907466,0.3804720387304138,109.84184821959084,19.302042963704785,1.45
21133,Letcher County,Kentucky,1.1417273869807578,1,0.4222725205653666,0.3651256773523975,3,21133,0.04647317934527283,0.10885450400427021,0.1279557474428563,0.03147507017338171,0.38681869979380545,127.03507038932563,12.763929667259385,1.45
21135,Lewis County,Kentucky,1.1050883782025778,1,0.4163561809399978,0.34577373506178005,3,21135,0.0448733738121233,0.1120074386854736,0.1349405019927574,0.029604649226656825,0.382963324999504,115.39668443659625,17.95658490403954,1.45
21137,Lincoln County,Kentucky,1.0732155793954934,1,0.37172285350289425,0.3684258219422735,3,21137,0.040045811381405214,0.10397063834331621,0.1269213181234089,0.0287086052333954,0.3781918603133305,129.0197991498806,11.79575629125882,1.45
21139,Livingston County,Kentucky,1.0671397512388392,1,0.40681635610748274,0.32914209302275127,3,21139,0.04220938738777015,0.1085850179337739,0.13752489750196878,0.02781986678346535,0.39378678110939186,105.39430502831824,21.022669581833505,1.45
21141,Logan County,Kentucky,1.0735715124719252,1,0.36691402535056333,0.3734801211817989,3,21141,0.038936104633822216,0.10341956169272695,0.1262965728296207,0.027428288297505567,0.3872521116766905,132.05948810651333,9.429541398199298,1.45
21143,Lyon County,Kentucky,1.0741424893059999,1,0.41213478299594836,0.32865314066336193,3,21143,0.04175011544873595,0.11449318789235799,0.1435766891960806,0.02567529118152475,0.3986439195417252,105.1002458488513,22.29100966673859,1.45
21145,McCracken County,Kentucky,1.10871165235673,1,0.37642864972974477,0.38820007603351736,3,21145,0.04142539760135631,0.10575397823901313,0.11795156539179773,0.027896241191288328,0.3974520509314106,140.91216620973975,4.754790369437015,1.45
21147,McCreary County,Kentucky,1.1442948386735619,1,0.4304181287264693,0.35875072553115955,3,21147,0.045821676180715525,0.11300094615936912,0.13320522327350756,0.031258746539857954,0.3843915364955039,123.20113224444006,14.067089034389852,1.45
21149,McLean County,Kentucky,1.0038712485913723,1,0.3610389573708064,0.33128604165772635,3,21149,0.03738213409726274,0.10431133163940104,0.1275303643683131,0.02670194432972233,0.3869973120707757,106.68368990255718,21.54614379654455,1.45
21151,Madison County,Kentucky,0.9889329918905032,0,0.2904513065530793,0.3915714464748539,3,21151,0.029429599381125375,0.08325494986753317,0.11193686557106435,0.02782099118343742,0.37788345813631474,142.93973066795553,3.434790777065849,1.45
21153,Magoffin County,Kentucky,1.0691243121807206,1,0.39776623329360095,0.33956087855517186,3,21153,0.0438254204244471,0.10631047079754383,0.12824876591081602,0.0303226582734619,0.3790859734241113,111.66023148490004,19.44563565776033,1.45
21155,Marion County,Kentucky,1.03605935649448,1,0.3516877018734824,0.3628359922606418,3,21155,0.038267812364324034,0.0994728850844857,0.12462448335047964,0.02774984143911372,0.37861005606461984,125.65803864709147,13.843311884308184,1.45
21157,Marshall County,Kentucky,1.023806615076051,1,0.3298697732782227,0.3762037543604331,3,21157,0.03524110461493883,0.10136809630866755,0.12699700868810299,0.02526953361395625,0.3749223751213052,133.6974990953107,9.012842186984493,1.45
21159,Martin County,Kentucky,0.9946800989937132,0,0.34581971802604095,0.3401665571420372,3,21159,0.0363469879857092,0.10111558907833434,0.12246157359290749,0.027786138805048235,0.37766927355199775,112.02449058878648,19.169221569900905,1.45
21161,Mason County,Kentucky,1.0501395298333893,1,0.3662810774741461,0.35795308103163964,3,21161,0.037664688461332536,0.10398486552788799,0.12155049371552172,0.02802183574733144,0.39174507193447,122.72142357235576,14.448544216544196,1.45
21163,Meade County,Kentucky,0.7399107473967803,0,0.268375666189564,0.3750249837206798,1,21163,0.027997963762603672,0.08528907692935524,0.10794728837222453,0.026456211692681888,0.37134272581331895,132.98857864437252,9.067674057654068,1.15
21165,Menifee County,Kentucky,1.0203640315418039,1,0.396822318214976,0.3068770138828198,3,21165,0.0426176323546945,0.1076036767127217,0.13153983460847574,0.028845645852242502,0.38514807991109457,92.00393932718534,24.46022836754695,1.45
21167,Mercer County,Kentucky,0.822172103047239,0,0.3482806790300735,0.3666515844892647,1,21167,0.03695115945166978,0.10054698094443396,0.1273267015304219,0.026470631820319078,0.38204699496635924,127.95276102317456,12.340667540337682,1.15
21169,Metcalfe County,Kentucky,0.8623096174932149,0,0.41326347355126286,0.3365709764428371,1,21169,0.04378942184502296,0.10980817148349747,0.13354661383449254,0.029452738510539464,0.38887470785926304,109.86208460012436,19.400134164278843,1.15
21171,Monroe County,Kentucky,1.0697162168766026,1,0.39462861548516803,0.3431067064986959,3,21171,0.04156923542226312,0.10597884123707443,0.13378923623952824,0.028645258820848226,0.38574753567474684,113.79271583757988,17.90668935618921,1.45
21173,Montgomery County,Kentucky,1.047872242088572,1,0.34930619703652294,0.37336431474869913,3,21173,0.035563712028114265,0.09828403357500513,0.12463701210429012,0.027799320593617203,0.38398122695879366,131.98984135250882,10.104492464988342,1.45
21175,Morgan County,Kentucky,1.0542491991917518,1,0.37483864517465193,0.35222976806103895,3,21175,0.04031945693311316,0.10424976069063258,0.12940876240582372,0.0283065747646978,0.37960431146941637,119.2793853376506,16.378549824427576,1.45
21177,Muhlenberg County,Kentucky,1.100434457862178,1,0.3837986779852048,0.37512163778181473,3,21177,0.04018915159701084,0.10423902132532144,0.13264072509387118,0.02805115826589119,0.3863953721751541,133.04670703533674,9.221321536193468,1.45
21179,Nelson County,Kentucky,1.0067355823977955,1,0.31084785860868797,0.383452543044964,3,21179,0.03174570792624174,0.09692527353252789,0.12061019234777555,0.026368165482618465,0.37129049765318106,138.05696850326007,6.442280455089998,1.45
21181,Nicholas County,Kentucky,1.0421156503769673,1,0.3989889534542832,0.3197114950815563,3,21181,0.04328076311708215,0.10778311876196345,0.13175164808026646,0.0291188527834408,0.38318662717693297,99.72268111809932,23.91428512800859,1.45
21183,Ohio County,Kentucky,1.0551380799823142,1,0.35937107356269643,0.36831036090786506,3,21183,0.037916399786474896,0.10098802847762672,0.13041274285002585,0.027045644644007112,0.3817168924415576,128.95036012093112,11.857451921967897,1.45
21185,Oldham County,Kentucky,0.7635666254384305,0,0.27601893733175825,0.3879520413103552,1,21185,0.027170120764219013,0.084298755488499,0.12047057998123596,0.02408055310900245,0.3814132198969593,140.76299648845347,4.835706836134554,1.15
21187,Owen County,Kentucky,0.8206907712550051,0,0.3724314482974653,0.34121270061993053,1,21187,0.0391894647808523,0.10382888738571566,0.1300481070333448,0.0281416196490651,0.38064281730199523,112.65364818830848,19.136568246490377,1.15
21189,Owsley County,Kentucky,1.0120326364619736,1,0.4229926703864171,0.27496087200115094,3,21189,0.045473856678170804,0.11117665575191575,0.1362563934375623,0.0295347831598452,0.38830454105394524,72.80936072816654,29.97466300206932,1.45
21191,Pendleton County,Kentucky,0.7777562566589897,0,0.32284604086191365,0.3534637475372079,1,21191,0.0342572212313097,0.09321279234322934,0.12305721621321378,0.027124923938493067,0.3739540930537326,120.02150874757642,15.215332186125453,1.15
21193,Perry County,Kentucky,1.1071145657037476,1,0.39097896631889206,0.3725483203733477,3,21193,0.042095189061399585,0.10819818544122647,0.12546409244022336,0.029967648918935514,0.38028163010752825,131.49909694386093,10.141597182810589,1.45
21195,Pike County,Kentucky,1.1175947938003359,1,0.38482095009513617,0.3859340801119921,3,21195,0.0401459013708266,0.1068477591884137,0.129993113500953,0.029255552927386894,0.3787339572548384,139.54938129099762,5.440736986870705,1.45
21197,Powell County,Kentucky,1.0294111856923471,1,0.36164619453155283,0.34829255422179006,3,21197,0.0375618425970682,0.0999318140056688,0.12636834205270991,0.0285419248216974,0.3815467578329011,116.91151892137758,17.202027534919342,1.45
21199,Pulaski County,Kentucky,1.1302415547064553,1,0.3913366848560946,0.38814024942421954,3,21199,0.04097037653867333,0.10500256596624005,0.13189306243877555,0.028982274792807655,0.38553468061060653,140.87618609163096,4.738542242682391,1.45
21201,Robertson County,Kentucky,0.8933350388324457,0,0.3928369458963336,0.22325618433293926,3,21201,0.0416172450001666,0.1076813714041467,0.1343254524658469,0.0277779299888016,0.386939242267617,41.713819949309865,32.31319712030841,1.45
21203,Rockcastle County,Kentucky,1.077739481301622,1,0.38628247815144945,0.35698612964277254,3,21203,0.040685600923098676,0.10672119027648205,0.1295154984149223,0.02865123161248655,0.38451167022425864,122.1398926183998,14.906825190840395,1.45
21205,Rowan County,Kentucky,1.0452076186294452,1,0.3505396126165239,0.37029322781757634,3,21205,0.0353465836032823,0.09575556192660745,0.12179399264219708,0.0297187685444529,0.37945032854323457,130.14286938132224,10.903804969646709,1.45
21207,Russell County,Kentucky,1.094894712338439,1,0.3954000406324099,0.3596997609803066,3,21207,0.041957700704786216,0.10712761420519716,0.1342920759657445,0.02795123020569254,0.38841148473213927,123.77188843387694,13.94572753012452,1.45
21209,Scott County,Kentucky,0.6365716163405934,0,0.25014366458322007,0.38642795175737343,0,21209,0.02708191757723003,0.08129575566989829,0.10444156337913449,0.025633733797805036,0.37171176463620664,139.8463989615621,5.306178977863576,1.0
21211,Shelby County,Kentucky,1.0156356184575241,1,0.31637836687861753,0.38405999067829566,3,21211,0.03235689005504207,0.09384291013807093,0.12063687073072488,0.026101388353068956,0.3822699910518602,138.4222915233795,6.226998140451722,1.45
21213,Simpson County,Kentucky,1.027663330513408,1,0.3459530132172701,0.3627803181712871,3,21213,0.035370885103659926,0.10257974573366423,0.12423922598297282,0.0265365624521477,0.3847119048727874,125.62455588191236,13.238284236426331,1.45
21215,Spencer County,Kentucky,0.9326368719022782,0,0.2794375878771484,0.36376025481407803,3,21215,0.029217789518440875,0.08709613198844905,0.11518660049682306,0.025242923769561873,0.37541506249632145,126.21389625337224,12.743881020216005,1.45
21217,Taylor County,Kentucky,1.059091753511975,1,0.3600112250071154,0.3703968808632121,3,21217,0.03692708636559924,0.10047571976010028,0.12776787437557127,0.027467401874415896,0.38649697559218266,130.20520700780793,10.87043396759776,1.45
21219,Todd County,Kentucky,1.0259238100898744,1,0.3626758876574546,0.3448577744734933,3,21219,0.038857297993674475,0.10190182445163784,0.12335276797025772,0.02839061065730475,0.3824623890560092,114.84581968700785,17.6898619275564,1.45
21221,Trigg County,Kentucky,1.066763534314336,1,0.3821304879194826,0.3535685012628181,3,21221,0.039519923588770337,0.10812642678117104,0.13329331434835684,0.02628701895929943,0.3928482021345987,120.08450833027096,14.984609162724645,1.45
21223,Trimble County,Kentucky,0.9772797075674352,0,0.3483467672191989,0.3256392379997219,3,21223,0.03615001082745915,0.0994222105428752,0.1263992152040821,0.0270223043530426,0.3829886980964417,103.28766487394788,22.57689282753859,1.45
21225,Union County,Kentucky,1.0026130235931145,1,0.3431826238589831,0.3482746337914407,3,21225,0.03672387677935095,0.09934576962218197,0.11802353042875685,0.027570134139594426,0.38514504850339454,116.9007414561644,16.955997632918713,1.45
21227,Warren County,Kentucky,0.9886465886852769,0,0.2875442874303784,0.3942809461456747,3,21227,0.0299311876325722,0.08492951180372374,0.10742650532004172,0.02791121771362334,0.37745766252450624,144.5692416717732,2.5731912754178468,1.45
21229,Washington County,Kentucky,1.0047294623808223,1,0.3496500692013955,0.34326680140606813,3,21229,0.0370197576043798,0.09825917930725593,0.1268210992177993,0.026619619531138367,0.3863927739240963,113.88899797262782,18.372684482475265,1.45
21231,Wayne County,Kentucky,1.121270343345581,1,0.410318251394791,0.36297164056767883,3,21231,0.04426830603370264,0.1090180570149559,0.13231138039152293,0.029641786083655218,0.38623363022953555,125.739618435178,13.26958448729106,1.45
21233,Webster County,Kentucky,1.0424832254597474,1,0.3712856921921834,0.34766825640074583,3,21233,0.0411269599792233,0.10303080867627651,0.12712051235063704,0.02828677419264155,0.37938612983405196,116.53606208703783,16.640087704579848,1.45
21235,Whitley County,Kentucky,1.094106390165861,1,0.3754221206697033,0.37913401047916634,3,21235,0.0387925300364954,0.10439280148466305,0.12483857916834855,0.029317847778033864,0.3831958888825143,135.45977448545068,7.69601665835441,1.45
21237,Wolfe County,Kentucky,1.1123603159590636,1,0.4581621083907897,0.3089829370982198,3,21237,0.049792134302201155,0.11545598093407936,0.1408868076887459,0.0314341351932681,0.38744298579992004,93.2704554628562,25.08239994698092,1.45
21239,Woodford County,Kentucky,0.6905531462554018,0,0.31847969904548656,0.37207344720991514,0,21239,0.032526009432610734,0.09236847935681826,0.12106153841704488,0.025699577199931673,0.38867528179415434,131.21350508586428,10.311787780808253,1.0
22001,Acadia Parish,Louisiana,1.0618006439172958,1,0.3462118995058131,0.3860644066440461,3,22001,0.04144268647850684,0.09745044585429483,0.13044397101210817,0.02433124695680195,0.3848942497857618,139.62776052844816,5.677125456625469,1.45
22003,Allen Parish,Louisiana,0.9902856462773908,0,0.31485851853679675,0.36809709958554176,3,22003,0.03954678183988854,0.09406687782900151,0.12097647128602182,0.02257719208503728,0.38911092980777645,128.8221033526588,11.793305033626346,1.45
22005,Ascension Parish,Louisiana,0.9628039662096898,0,0.2701754040055711,0.39382733131145636,3,22005,0.031658047548161684,0.0845466441126095,0.11599843761126141,0.021496548236292413,0.3905401281212065,144.2964347134207,2.725392630505939,1.45
22007,Assumption Parish,Louisiana,1.0549334185819925,1,0.3625211328955973,0.3650191557816389,3,22007,0.04534757780682915,0.10072898311796354,0.12249042610963985,0.02501593209910205,0.39527333944381476,126.9710076128786,12.17818954535977,1.45
22009,Avoyelles Parish,Louisiana,1.0732925515596945,1,0.35962421779060316,0.38057754190573795,3,22009,0.04307820490846311,0.09971347296749586,0.13024706669612798,0.02432187632290999,0.39230189665877924,136.3279238228678,7.088269703973542,1.45
22011,Beauregard Parish,Louisiana,1.0000634827578254,1,0.3106124805775529,0.3790864730485336,3,22011,0.0370619550181392,0.09207679202112483,0.12536234708356978,0.02253409550105196,0.38699817169094286,135.4311851605862,7.677632799788945,1.45
22013,Bienville Parish,Louisiana,1.120253794339895,1,0.4260379551958936,0.34655086848679245,3,22013,0.05464529544490932,0.11454810505692917,0.13292591259562017,0.0252596779119683,0.40201222362209404,115.86405761295414,17.10035711643023,1.45
22015,Bossier Parish,Louisiana,1.0192768101253615,1,0.30922814718631214,0.3937213770380752,3,22015,0.03702896696823554,0.0889965537377379,0.1223565620061599,0.023955932264662173,0.38407105161439664,144.23271311336464,2.7859607937368738,1.45
22017,Caddo Parish,Louisiana,1.127000485197133,1,0.38065298304543427,0.3965887308836229,3,22017,0.05093408210214715,0.10296680216349387,0.11568723892647628,0.026183197099644655,0.3996024667400308,145.95715866081267,1.701579720755967,1.45
22019,Calcasieu Parish,Louisiana,1.0438489205463473,1,0.3238093373396207,0.3960864699337223,3,22019,0.04223586551705027,0.09740426625388346,0.11420436720661754,0.02373653995606503,0.3890275973306563,145.65509560708182,1.8470708474796202,1.45
22021,Caldwell Parish,Louisiana,1.0099233201106224,1,0.3626239026417885,0.3338749388138131,3,22021,0.04428524812351863,0.102989376011939,0.13143533380606506,0.02398871715024993,0.3884030403533438,108.24066975718756,20.698840472875304,1.45
22025,Catahoula Parish,Louisiana,0.991054607933926,0,0.3572153859207281,0.32627055058542775,3,22025,0.04451843240215567,0.10249782171642534,0.126127108702468,0.024065170888824566,0.3905135211211243,103.66734043410196,21.988041186137465,1.45
22027,Claiborne Parish,Louisiana,0.9090252702412499,0,0.43943662230595115,0.35102013442557056,1,22027,0.05729101693219552,0.11668566691288712,0.13090830653430527,0.026115191102474664,0.4034283215038775,118.5519036771761,16.043263562200206,1.15
22029,Concordia Parish,Louisiana,1.08127538013045,1,0.38471841975300924,0.360988738957646,3,22029,0.04921799064682858,0.10598127936362492,0.12468457577217334,0.02510758154330842,0.39772268619938395,124.54708830578424,13.480840715970078,1.45
22031,De Soto Parish,Louisiana,1.1187266201723456,1,0.39892510354364175,0.3726104965752173,3,22031,0.05137455304740136,0.10781310047328005,0.12891175639049157,0.025370889685763186,0.3963583272255212,131.53649012246626,10.318477699366012,1.45
22033,East Baton Rouge Parish,Louisiana,1.0038939963590594,1,0.2940331219469719,0.398307565197207,3,22033,0.03776933895147485,0.09295285028633256,0.10464080852823504,0.022615809142442038,0.39808384153094983,146.9908769734177,1.319388305003813,1.45
22035,East Carroll Parish,Louisiana,1.1094855079879329,1,0.4511609786222003,0.31400144067982244,3,22035,0.060160786410332595,0.11840972608046475,0.12163057562710129,0.02849123839480337,0.40294849532606114,96.28861667431065,24.30061719217975,1.45
22037,East Feliciana Parish,Louisiana,1.0310660721799383,1,0.3487512974552214,0.3623287523240464,3,22037,0.0424672678883738,0.10232481493313969,0.12397714172578693,0.023119133799868918,0.39723749167551614,125.35298119786596,12.899031354123936,1.45
22039,Evangeline Parish,Louisiana,1.0978246249875852,1,0.3810175255253319,0.37610290550058884,3,22039,0.04818272437214055,0.10251735506789654,0.12600615162529324,0.026123094587365663,0.3916240444567645,133.6368479246874,8.929476722320874,1.45
22041,Franklin Parish,Louisiana,1.074979026343968,1,0.37898794142502723,0.3623769043294335,3,22041,0.0480688009597495,0.10377455224003844,0.12800180246282775,0.02511226909163243,0.3924172030110713,125.38194013204821,13.260707469163616,1.45
22043,Grant Parish,Louisiana,1.0084208646066766,1,0.3293546072072849,0.366108058038699,3,22043,0.04107680975380752,0.09681887087184533,0.12524591048413694,0.02297231094479914,0.3871452663488313,127.62588062470067,11.800623280876971,1.45
22045,Iberia Parish,Louisiana,1.0596041216548377,1,0.34287926057561535,0.3878822026346176,3,22045,0.04478386143445544,0.0951409295790493,0.12081835405905271,0.025239386362586873,0.38483094692135267,140.72099504743764,4.871555448232291,1.45
22047,Iberville Parish,Louisiana,1.0742266233811215,1,0.3661095806542722,0.37473636650512204,3,22047,0.0453492840107117,0.10390764285404519,0.12353020521255272,0.024516233527955254,0.3965656706913116,132.81500234402915,9.311880499211236,1.45
22049,Jackson Parish,Louisiana,1.0571283314763826,1,0.3779541113021063,0.35109991040574384,3,22049,0.0470835129098585,0.10534006401005039,0.12920110432266604,0.02432107371615214,0.39550993851466587,118.59988147873584,16.10551095540893,1.45
22051,Jefferson Parish,Louisiana,1.0146781900036377,1,0.30168495071578744,0.39809311135568687,3,22051,0.03943218833576823,0.08969634814747546,0.12101605853707528,0.022010895259526434,0.3860093310373443,146.8619030162213,1.3688537320122975,1.45
22053,Jefferson Davis Parish,Louisiana,1.0377688842753148,1,0.33969494244711534,0.3760077363634466,3,22053,0.04163903616311858,0.09614037609999625,0.12264538545458706,0.0241824095224325,0.392730138321747,133.57961257682328,9.326691416670618,1.45
22055,Lafayette Parish,Louisiana,0.7607549311313684,0,0.2647143767386232,0.39681165033213195,1,22055,0.0345866266026554,0.08324845355000918,0.11007318970861645,0.022735302542218627,0.3793997458468836,146.09122388998483,1.6354556006220593,1.15
22057,Lafourche Parish,Louisiana,0.9999639710614079,1,0.2979390751804937,0.39169124968944274,3,22057,0.036876923579479935,0.08883248440080743,0.11749654880644073,0.022739713580283035,0.38945320342188317,143.01178111275448,3.4709137782104715,1.45
22059,LaSalle Parish,Louisiana,0.9736439924769001,0,0.3193490425712479,0.3521295729300626,3,22059,0.0393427239321506,0.09434806640453859,0.12674213302800263,0.023405891668192333,0.3786722429085836,119.21912732388768,15.862481211696124,1.45
22061,Lincoln Parish,Louisiana,0.9918684824588389,0,0.3004261775534741,0.3836210517284837,3,22061,0.03726631595132764,0.08765728596328426,0.10554751774517951,0.025487479579810318,0.39075982305283496,138.15831073887327,6.343265209441239,1.45
22063,Livingston Parish,Louisiana,0.7458900488597023,0,0.2540400468502387,0.39455999563645916,1,22063,0.030445959882403683,0.08025626047631272,0.11529849542401394,0.021702107237257788,0.382111023638258,144.73706387922348,2.337299067179924,1.15
22065,Madison Parish,Louisiana,1.0977092478069472,1,0.4244448355887839,0.3325960249677315,3,22065,0.05534964662810713,0.11027283122153914,0.12057360357913505,0.028527270132742578,0.3994675070697699,107.47152252031286,20.555287974638095,1.45
22067,Morehouse Parish,Louisiana,1.139021748083761,1,0.4163043667307778,0.3692278733269885,3,22067,0.05272146171755518,0.11061498685595654,0.12898146271613523,0.026032883855271676,0.4023955804648713,129.5021581518377,11.77467982753827,1.45
22069,Natchitoches Parish,Louisiana,1.0747721079247732,1,0.3619377103465088,0.3792844330498864,3,22069,0.04434433271577349,0.09970065978079111,0.12008537660385857,0.025703114535747657,0.39715234829700613,135.5502396133304,7.834480028946098,1.45
22071,Orleans Parish,Louisiana,1.0419012430251737,1,0.3208085691909764,0.3977440122056952,3,22071,0.042146508367611364,0.09447266239635876,0.1097746282896806,0.024873854602291218,0.38867803730033934,146.65195248090254,1.4238895214683602,1.45
22073,Ouachita Parish,Louisiana,1.101911029807906,1,0.36520754738813344,0.3947310938586983,3,22073,0.045325705433195015,0.09863079449080396,0.12329625768467636,0.025691810199830887,0.3949127862646355,144.83996348053176,2.315099882050378,1.45
22075,Plaquemines Parish,Louisiana,0.8207731384116465,0,0.3468662356612373,0.3668495368706293,1,22075,0.045641708538452425,0.09760277607278087,0.12216480368541666,0.024550285231002836,0.3864935585827366,128.07181089320753,11.835294226199537,1.15
22077,Pointe Coupee Parish,Louisiana,1.0754465660054056,1,0.3780912435665627,0.3635960433337171,3,22077,0.04655462584402212,0.10628391332266626,0.1318614503462128,0.024325696319357635,0.39134024578665455,126.11513838413056,13.240935512006068,1.45
22079,Rapides Parish,Louisiana,1.107768692650812,1,0.3700739973895387,0.39390441133515913,3,22079,0.046464490284352344,0.10248929966190416,0.12594490261009694,0.02499139843061138,0.39281420016213536,144.34279114894673,2.694978697354109,1.45
22081,Red River Parish,Louisiana,1.0296758763065819,1,0.3921794103609038,0.3179418836436354,3,22081,0.04941568905415175,0.1076571915696778,0.12478540581730595,0.02536981993631645,0.40059199099356746,98.65842510743146,24.214170057651344,1.45
22083,Richland Parish,Louisiana,1.0940320031020099,1,0.39130513259440436,0.36319969713111977,3,22083,0.04887265067177783,0.1045644580761598,0.13078772514457657,0.025810880158837285,0.39280521831834064,125.87677315921138,12.988689748321445,1.45
22085,Sabine Parish,Louisiana,1.0496771860818206,1,0.3580036828542114,0.36591161789187177,3,22085,0.04403062018558297,0.10149525910447856,0.12814045562941723,0.023474804136015087,0.39535195111837423,127.50774022250991,12.560725129100886,1.45
22087,St. Bernard Parish,Louisiana,0.863475433229389,0,0.2820307078170892,0.3821811638978254,2,22087,0.03608533111039217,0.08227427136203685,0.1173752144012167,0.02333084161653103,0.37977238481631004,137.29235268411176,6.968996647375604,1.3
22089,St. Charles Parish,Louisiana,0.6592977110269771,0,0.27429953728374634,0.3849981737432308,0,22089,0.034045025237387394,0.08607391816495619,0.11618251328699186,0.022096492250459922,0.38206209336490043,138.98652101724915,5.734535570367209,1.0
22091,St. Helena Parish,Louisiana,1.0362445049389384,1,0.3754263807054937,0.33922500201101546,3,22091,0.04737658959767555,0.1038295361740582,0.12433952729314104,0.024723634103072052,0.39888940579813614,111.45823311209296,19.173460342483548,1.45
22093,St. James Parish,Louisiana,0.8400045781268703,0,0.3686363059902305,0.3618024575983524,1,22093,0.0467933319904387,0.10349980191097799,0.1169921539833746,0.024828197110448716,0.40424100340374564,125.0364640725807,13.16811685336881,1.15
22095,St. John the Baptist Parish,Louisiana,1.0466912136957702,1,0.34135279294455945,0.3805032165007994,3,22095,0.04148345346894372,0.10012550026264708,0.11451423726756778,0.024140784142949633,0.4020277338670078,136.2832240332665,7.635776650778221,1.45
22097,St. Landry Parish,Louisiana,1.1497751624085042,1,0.4032736545591383,0.38967473330879576,3,22097,0.047914075852047766,0.10831668143133752,0.12841757825170422,0.026423964809619,0.40142826650925095,141.79903483821906,4.234078574079614,1.45
22099,St. Martin Parish,Louisiana,1.0316442562391306,1,0.3264752239609452,0.38500357344535185,3,22099,0.03994274991429769,0.09618560027824624,0.11835573517057363,0.023818527973471348,0.3921168407114224,138.98976843378082,6.126610642554635,1.45
22101,St. Mary Parish,Louisiana,1.0684476752293461,1,0.35349309650755223,0.38336736916785896,3,22101,0.044804682011473744,0.09900277923265789,0.12341750635645525,0.024255252362724807,0.39381362258569286,138.00574437082145,6.296680399593107,1.45
22103,St. Tammany Parish,Louisiana,0.6730549120940608,0,0.27606472667941423,0.3969901854146466,0,22103,0.03252475648774238,0.08618051069850506,0.12637950673646453,0.020993446019642058,0.3798829613427596,146.19859606819844,1.7266153691960637,1.0
22105,Tangipahoa Parish,Louisiana,1.0118193514940639,1,0.30345145973976195,0.39435498956648907,3,22105,0.03880527617466658,0.09357658632584988,0.11025304927080955,0.02441395308593094,0.3822834700846659,144.61377187425916,2.48541733180286,1.45
22107,Tensas Parish,Louisiana,1.0880618150462915,1,0.48186713046566243,0.2685203281869525,3,22107,0.06320455198900267,0.12269534371841306,0.1357012842038634,0.0273084167129157,0.4090093487888456,68.93597512534528,30.65560377780327,1.45
22109,Terrebonne Parish,Louisiana,1.0616802842672926,1,0.3401730416902152,0.39202025780446936,3,22109,0.04168100246929189,0.09620010002175619,0.12346328879484517,0.02395636371038777,0.39348654660443255,143.20964876690286,3.3780588071059707,1.45
22111,Union Parish,Louisiana,1.038875104194789,1,0.3513568076838178,0.3651087814160368,3,22111,0.043022789072316735,0.10130440832058339,0.12945320595901083,0.023169151403963667,0.3912339918295035,127.0249090615661,12.275881223842676,1.45
22113,Vermilion Parish,Louisiana,0.9926859153439779,0,0.29827289711911664,0.38633807898017847,3,22113,0.03693176710569686,0.09036980710153616,0.12298101166342341,0.02275446442693475,0.37870177322792375,139.7923488795636,5.465090796105082,1.45
22115,Vernon Parish,Louisiana,0.6833335533017763,0,0.21072506750383474,0.38347802232379685,1,22115,0.027269106135517116,0.07427944111389423,0.09870605023453781,0.021934382038278667,0.3765580149544191,138.07229190989287,6.51941922343731,1.15
22117,Washington Parish,Louisiana,1.134018430073167,1,0.3995381739604467,0.3825435019520824,3,22117,0.04963340491232376,0.10992543736079916,0.12905785353215823,0.025428910103596637,0.39743678135048616,137.51026518392575,6.530977205090798,1.45
22119,Webster Parish,Louisiana,1.1594399047451096,1,0.4214127826257134,0.378200944784707,3,22119,0.053786643677350185,0.11277470758610991,0.13043824459292286,0.02585943771143794,0.40111501852981246,134.89862261199585,8.240581209168674,1.45
22121,West Baton Rouge Parish,Louisiana,0.6805682241681548,0,0.30826285946230186,0.37230536470585296,0,22121,0.03664880371962818,0.09084495016189473,0.1139637205598868,0.023432684662245018,0.3983371457185668,131.3529818002106,10.340127582687751,1.0
22123,West Carroll Parish,Louisiana,0.6942822485189265,0,0.36066776470719836,0.33361448381172815,0,22123,0.0435956253855519,0.1030707027788515,0.1312891997088286,0.023563800217025633,0.39131653626221224,108.08403039809578,19.6720246345378,1.0
22125,West Feliciana Parish,Louisiana,0.8895485339580099,0,0.25976198846486304,0.3537197590923853,3,22125,0.03273146632759807,0.0872384083218201,0.11316832141239803,0.021671558989046533,0.37592145820504874,120.17547578833994,16.108594892131336,1.45
22127,Winn Parish,Louisiana,1.0268849991006845,1,0.36115373229523057,0.3470428188086898,3,22127,0.04542564132363225,0.10426713752480635,0.12365780013078526,0.024286522567903125,0.3920930584674496,116.15991978688108,17.858707302376605,1.45
23001,Androscoggin County,Maine,0.7953943257916494,0,0.2981763947332206,0.3934708450856049,1,23001,0.030386282581866163,0.07831438346151909,0.10656699406180269,0.028027745974463482,0.3979786204907277,144.08204154187314,2.928053244343939,1.15
23003,Aroostook County,Maine,0.8706715244525265,0,0.3680670433419981,0.3890386300949816,1,23003,0.03455240574233737,0.09653998472422261,0.1261102516733553,0.02757571203610845,0.40846581415872796,141.4164781626687,4.607412302647477,1.15
23005,Cumberland County,Maine,0.9016068377191354,0,0.22418958035954137,0.39760823875710377,3,23005,0.02399013958362561,0.06915934691174909,0.09867623347462716,0.024654135599431116,0.38588243906309355,146.5702974318584,1.4743231272433417,1.45
23007,Franklin County,Maine,0.9479982617305915,0,0.2765217754645378,0.3772701291772494,3,23007,0.02748008297141167,0.0806545501756368,0.11428405231129356,0.026468864896911276,0.37815162513502176,134.33882395573033,8.655903252200584,1.45
23009,Hancock County,Maine,0.7519384217616388,0,0.2665776916468444,0.3872818055371894,1,23009,0.026478360057445985,0.07706250928513614,0.1187309086177901,0.024679032068082835,0.38188783443317803,140.3599122661937,5.146579278421078,1.15
23011,Kennebec County,Maine,0.7920700379492036,0,0.29463314594133305,0.39412340879710495,1,23011,0.031132355665486205,0.07972391208562181,0.10970155872627915,0.02636186308401717,0.3980329940573841,144.474497669487,2.60702067241626,1.15
23013,Knox County,Maine,0.7775540889164445,0,0.29373706459639526,0.3823969257657305,1,23013,0.02924113619604115,0.08155407487454223,0.12475299917467453,0.02435523633597708,0.3906135520729686,137.42211329701823,6.662318284621418,1.15
23015,Lincoln County,Maine,0.9633777459964659,0,0.28473009265374344,0.37966835286106065,3,23015,0.02974622058810739,0.08681662326361557,0.11846798661712354,0.02333011768802058,0.3895901501601313,135.78113152434602,7.651905539414059,1.45
23017,Oxford County,Maine,1.0320783263036861,1,0.3236797497188721,0.3880984063526356,3,23017,0.03192411163783215,0.08171606219547707,0.11476440216682783,0.028743817911950433,0.3982155925538884,140.85102139192134,4.729948823644909,1.45
23019,Penobscot County,Maine,1.0251257433909446,1,0.311700944085637,0.39528232721846285,3,23019,0.03014133543911368,0.08075954081403046,0.11212298292202147,0.029042300091808297,0.39301294815330395,145.1714788651177,2.1620516055069783,1.45
23021,Piscataquis County,Maine,1.0340541979731415,1,0.35102867498172075,0.3621121512066527,3,23021,0.03493587793829001,0.09287253479703371,0.12901350910123247,0.02582039647866455,0.40352582882350474,125.22271585477208,13.641957508085726,1.45
23023,Sagadahoc County,Maine,0.661445817319624,0,0.28021243272919905,0.381233384590425,0,23023,0.027861861528071824,0.08027709368459475,0.11220161735197873,0.025431011950289524,0.3928709367812428,136.7223519466207,7.191947546923334,1.0
23025,Somerset County,Maine,0.8453763065469926,0,0.3491654308800979,0.3859444008998957,1,23025,0.035624553737483786,0.08779947101147274,0.12026643477624781,0.02833435484904813,0.401987284627576,139.55558828103275,5.349914705149282,1.15
23027,Waldo County,Maine,0.9375013613710176,0,0.2644399411308558,0.3821127218836391,3,23027,0.02773844517120821,0.07977508595384761,0.11095839666467197,0.02584751866174761,0.3758323687839898,137.25119120458064,6.9845315708568965,1.45
23029,Washington County,Maine,1.0901857270150868,1,0.374061808029283,0.37779041749836306,3,23029,0.03545040091737783,0.0993623482458046,0.12379532403286943,0.028343871952404145,0.40631496284251034,134.6517287896164,8.356067620956592,1.45
23031,York County,Maine,0.9404366325598479,0,0.25198263795981646,0.3965943500124924,3,23031,0.02528085817236874,0.07641558992052057,0.10602653009101907,0.024784763949809614,0.38923067095741504,145.9605380420406,1.702788721261056,1.45
24001,Allegany County,Maryland,1.0102121025764192,1,0.30768571712337356,0.3890122846534674,3,24001,0.03456528310924904,0.09406258999414675,0.10820330473574086,0.02569415793137135,0.3898577436771014,141.40063384007652,4.476551634723837,1.45
24003,Anne Arundel County,Maryland,0.9028733410116494,0,0.22381613098738254,0.398855138675824,3,24003,0.025552989246657144,0.07669458651141468,0.10793204648274589,0.0217182597329189,0.3783341826340516,147.3201912813005,1.1715850676125428,1.45
24005,Baltimore County,Maryland,0.8614825454494047,0,0.26349167905285636,0.39918720206207026,2,24005,0.027582125756005764,0.08267797489000178,0.11102541717030534,0.023846289437833457,0.3859863131597212,147.5198963957467,1.1160308217022372,1.3
24009,Calvert County,Maryland,0.6436615607636715,0,0.2519157821419506,0.3917457786217209,0,24009,0.027431118567293085,0.07660089150812978,0.11515170315292345,0.023644945029256566,0.3780385216169804,143.04457517290166,3.3975474317632566,1.0
24011,Caroline County,Maryland,1.0160794009308316,1,0.32202899701634236,0.378715417418714,3,24011,0.036332231272404154,0.08666770656953483,0.1196650705080345,0.025994397586639847,0.3916352959093943,135.2080298532315,7.949810794039163,1.45
24013,Carroll County,Maryland,0.9315433081409463,0,0.24664375264941746,0.39579990813744215,3,24013,0.02598856834374217,0.0769075161907497,0.11681856483945456,0.022058595861621635,0.38487521101350525,145.48275544947225,2.049937914456722,1.45
24015,Cecil County,Maryland,0.9515426240496928,0,0.26325008260919397,0.3929862098388701,3,24015,0.029470371085554257,0.08679931386244076,0.11586053159248327,0.02350222325340406,0.37009168576077867,143.79057870247996,3.0545036431485797,1.45
24017,Charles County,Maryland,0.9935740340287617,0,0.28935922443284695,0.39586424731112657,3,24017,0.03128554221447016,0.0865695180536986,0.10958090759492493,0.024537741743753467,0.3959237283559297,145.52144945361786,2.0196916494042223,1.45
24019,Dorchester County,Maryland,1.0782096464852449,1,0.3652329185664816,0.37835994107851495,3,24019,0.04155577724782821,0.0996991427533132,0.12011351892759355,0.025800774106143558,0.4066503386585966,134.99424403358762,8.21209384727705,1.45
24021,Frederick County,Maryland,0.9275945678212157,0,0.24243984206566985,0.3972805495351686,3,24021,0.027878426564966897,0.0730795314330921,0.11543731022295331,0.02317149588581641,0.3751819544333256,146.37322296872918,1.535963915093901,1.45
24023,Garrett County,Maryland,0.9722071299071522,0,0.2941258371220646,0.3763618386759715,3,24023,0.03314169096943169,0.08908514086657997,0.12070185419730717,0.023988265486865615,0.3795564265113369,133.79257204714568,8.981334646857105,1.45
24025,Harford County,Maryland,0.6626875136287299,0,0.26558762940385006,0.39709988422487985,0,24025,0.027432392628926633,0.08244616379276921,0.11249549586900023,0.023546005087564218,0.38891125370415547,146.26456965745768,1.6442220708254005,1.0
24027,Howard County,Maryland,0.6016959091694648,0,0.20389368612218506,0.39780222304727975,0,24027,0.023953159911601605,0.07025151519470432,0.10938662405851807,0.02053391120753596,0.3771596488674965,146.68696086563315,1.4488093452867867,1.0
24029,Kent County,Maryland,0.9959661600345694,0,0.3216281548308357,0.36524505898610876,3,24029,0.035990571474936284,0.09376059445044721,0.12094422782395728,0.024830877057148683,0.3883633833908696,127.1068672925994,12.505183211596442,1.45
24031,Montgomery County,Maryland,0.8433049227598272,0,0.18219969117404106,0.399389910729288,3,24031,0.023764636987843014,0.06590546050249263,0.11132181464505798,0.01964362717088975,0.3645813072165191,147.64180672751675,1.0757233999852431,1.45
24033,Prince George's County,Maryland,0.9860058687779192,0,0.2806508709288042,0.3993531765042435,3,24033,0.035692976630597874,0.08702639736963826,0.10612438790195863,0.02410799041643957,0.38392929485758837,147.61971452187032,1.1325939638508011,1.45
24035,Queen Anne's County,Maryland,0.904842526899402,0,0.23877984288914428,0.38524948600699516,3,24035,0.028399942864568973,0.08422272890353433,0.111156449366371,0.022239814780290426,0.36728275896671775,139.13766187310847,5.746466747871775,1.45
24037,St. Mary's County,Maryland,0.6489887984450642,0,0.25564099787167754,0.3933478005733866,0,24037,0.02770300356973618,0.0789707488039578,0.1104896884988655,0.024206685828365992,0.38089002839702557,144.0080417592644,2.9136014507865884,1.0
24039,Somerset County,Maryland,1.0638130607738197,1,0.3626578614952044,0.3710063183488092,3,24039,0.03939355606526119,0.10207355934398141,0.12314563462952836,0.026706032496047857,0.39400162592171095,130.57172673822686,10.627708961964787,1.45
24041,Talbot County,Maryland,0.6906457272005959,0,0.3098800608012352,0.38076566639936066,0,24041,0.033488801357846515,0.08875521080472647,0.12529517506779408,0.02165551896138425,0.4065660209431726,136.4410631362795,7.4563565436287,1.0
24043,Washington County,Maryland,1.022571943299588,1,0.3100307841256797,0.3951912457361051,3,24043,0.03315038104442863,0.0894654889690845,0.11578853222983548,0.026095314885222817,0.38767784077584533,145.1167018598483,2.237271848010104,1.45
24045,Wicomico County,Maryland,1.0260370527164908,1,0.31458471469104027,0.3930270458030913,3,24045,0.03389085449944576,0.08932425026812629,0.11359574084186495,0.026669351364797516,0.3900379449399114,143.81513772116762,3.031089077791862,1.45
24047,Worcester County,Maryland,1.0497976333410255,1,0.3377184352917849,0.386279932529612,3,24047,0.036920995613092575,0.09977048253867857,0.13280944169245312,0.02247988316274351,0.39368505438376183,139.7573792200167,5.317044475737174,1.45
24510,Baltimore city,Maryland,1.082513833379173,1,0.34769768837785964,0.39886357602157,3,24510,0.041538641017688886,0.09554671012548058,0.1014827509985878,0.02923241068377001,0.3972105594116394,147.3252655567781,1.2107584012631287,1.45
25001,Barnstable County,Massachusetts,1.0087818502056465,1,0.2990124345143831,0.3966991863170973,3,25001,0.027667763763587636,0.08077754042872001,0.11659060762355615,0.024944543902264072,0.409524066078168,146.02358728828818,1.7045603070035709,1.45
25003,Berkshire County,Massachusetts,0.9662268950587438,0,0.2723695402142407,0.39399383568834123,3,25003,0.028311030755520782,0.07289984332319933,0.1099811523053668,0.026370134348770446,0.39066553811607674,144.39657154578117,2.657827771027004,1.45
25005,Bristol County,Massachusetts,0.996565707400564,0,0.2883847642108769,0.3989019305481329,3,25005,0.02745623033433425,0.07509962559535699,0.10039398557062956,0.0289024412872942,0.40239382448051114,147.34833222246309,1.1780915298721304,1.45
25007,Dukes County,Massachusetts,0.8891491699622294,0,0.24680976741710609,0.3663965566947762,3,25007,0.025976706093379848,0.07000072391180145,0.10494018845155853,0.0249707144965192,0.39179945738293354,127.79938562258909,12.199519603246348,1.45
25009,Essex County,Massachusetts,0.9420247239798965,0,0.25051593512053405,0.3991562883138773,3,25009,0.025824239266352165,0.0647539252619271,0.09962710432738603,0.026864123107154057,0.397845705125252,147.50130466333496,1.1461363094836663,1.45
25011,Franklin County,Massachusetts,0.9146228786407198,0,0.24084077765296769,0.38993362140959764,3,25011,0.025855364940339697,0.07055200602397353,0.10376460152109453,0.025965591112297532,0.3791830655600704,141.9547318525266,4.0337883687900895,1.45
25013,Hampden County,Massachusetts,0.9791240943467118,0,0.27679156386018067,0.39846643224099987,3,25013,0.03235684376108882,0.07585059016123777,0.10079669850508426,0.02855494209808407,0.3790169197817999,147.08642066319638,1.3112990727311755,1.45
25015,Hampshire County,Massachusetts,0.8409748144153709,0,0.18459071422714293,0.3953919164041474,3,25015,0.021155264241459623,0.057948540405214036,0.08198587952404697,0.025919735813531405,0.38353231317174447,145.23738652544907,2.1317825571098337,1.45
25017,Middlesex County,Massachusetts,0.675579842643191,0,0.18788063151852258,0.39958010121468707,1,25017,0.021209596845952538,0.06111420098756844,0.09530858711186604,0.02366818576070243,0.37846324050964036,147.75618854203282,1.0687186749168078,1.15
25019,Nantucket County,Massachusetts,0.6870110365745481,0,0.24522317071279,0.35217773065638236,1,25019,0.0244236225070807,0.0704387287855152,0.10535829853528918,0.02396077641757606,0.4002300136767141,119.24808969867664,15.992408583650802,1.15
25021,Norfolk County,Massachusetts,0.8928873732127629,0,0.21680040490133048,0.39898399041781635,3,25021,0.022909159757016493,0.06329176297667412,0.10461446624702725,0.023758558938191253,0.38678793188231897,147.39768357026398,1.110945154606967,1.45
25023,Plymouth County,Massachusetts,0.7468389244430278,0,0.25074327604959507,0.39868187563999435,1,25023,0.02357562011136272,0.07366070832873067,0.10536956775724873,0.025603878674855533,0.3909268890712743,147.2159897467959,1.186429742100105,1.15
25025,Suffolk County,Massachusetts,0.8697707741894246,0,0.2006951058215065,0.39914680741257946,3,25025,0.024810563186553045,0.05741527124886604,0.08250895734734015,0.027657404168386284,0.3786744467645069,147.49560278665368,1.1333902657459554,1.45
25027,Worcester County,Massachusetts,0.9509025567314994,0,0.2565058465172396,0.39928902019413925,3,25027,0.026008306863615098,0.06901290338279861,0.10238553955052826,0.02616223831123083,0.39850841566554535,147.58113049308997,1.1395340548007638,1.45
26001,Alcona County,Michigan,0.8396199546548857,0,0.4131106269831438,0.316993681412409,1,26001,0.04693290922582924,0.10662018585215023,0.144696063572759,0.02612417803259178,0.3936233312510426,98.08817002075712,23.78980274086312,1.15
26003,Alger County,Michigan,0.9044032553098847,0,0.3157752837918349,0.3079510991804994,3,26003,0.037499825881589934,0.09124074661784407,0.12471215438879936,0.02542827193484573,0.37174327492678816,92.64990132173968,24.81095597854024,1.45
26005,Allegan County,Michigan,0.9649738649472845,0,0.2744516765241226,0.39104754068090125,3,26005,0.03099617169512461,0.08160275753639518,0.11301835015623654,0.02593572482108159,0.3720426409941974,142.62465026200329,3.685399597827145,1.45
26007,Alpena County,Michigan,1.0221609392896043,1,0.3395929983649064,0.36534558045551035,3,26007,0.03683286979346498,0.09010792435763362,0.13087116850249347,0.02679444573404242,0.38049054724273595,127.16732156844738,12.149640549578317,1.45
26009,Antrim County,Michigan,0.6984676837118632,0,0.34010229993544866,0.3583653837764145,0,26009,0.036322394936172106,0.09369780313538624,0.13076099042371409,0.02613525253180404,0.38213404233943504,122.96938516716612,14.157569227762188,1.0
26011,Arenac County,Michigan,1.0121200905960221,1,0.36005342610901053,0.33796042947445315,3,26011,0.04082211893715908,0.09432176319362101,0.13249814630980758,0.027373891532820157,0.379517202352381,110.69771083351684,19.70489831289254,1.45
26013,Baraga County,Michigan,0.9312389630656936,0,0.3397270210680928,0.30250674656342,3,26013,0.0394710808979994,0.09028048708212755,0.1241842089983632,0.02780531271586515,0.37678187371108723,89.37563168674582,26.753341416815445,1.45
26015,Barry County,Michigan,0.9537942464260688,0,0.2742171824991208,0.38357195296713353,3,26015,0.031176697430358728,0.08050735285353207,0.1236383652144622,0.02577399782101411,0.35757508488055184,138.12878241939953,6.125075756525203,1.45
26017,Bay County,Michigan,1.0046957718123364,1,0.3039233705398224,0.38897026519282346,3,26017,0.03493825025235802,0.0826374673196951,0.12003350296561702,0.026982787988214903,0.37353952948687147,141.37536305882082,4.3533515608838815,1.45
26019,Benzie County,Michigan,0.6873748964259783,0,0.3378799868045101,0.3494949096214682,0,26019,0.037243683092897044,0.09100313385567599,0.13039794957808223,0.0251367171981344,0.3896630379236503,117.63462340276016,15.918804654295426,1.0
26021,Berrien County,Michigan,1.0428822534893398,1,0.32672168970934823,0.3925074506281275,3,26021,0.03776789843421669,0.08814245098351076,0.119123982609489,0.027686183051344584,0.378995403551793,143.50264974995574,2.9972045450874014,1.45
26023,Branch County,Michigan,0.9723616401284749,0,0.2943060637324432,0.37628817083891875,3,26023,0.035352307647499054,0.08287267295125268,0.11891312039030073,0.02700289168813906,0.36350570455926473,133.7482677232154,8.681684598532389,1.45
26025,Calhoun County,Michigan,1.0367249098226126,1,0.3231226173945606,0.39186007903482734,3,26025,0.03673552835646448,0.0846784243346259,0.11890869076009007,0.028116402829764273,0.379848267037937,143.11331619653183,3.5756013644236533,1.45
26027,Cass County,Michigan,1.0082707712602437,1,0.3158677640508061,0.37949138854246545,3,26027,0.035021924057249604,0.08611607985892789,0.12406173630933652,0.02705091624694639,0.3741344722324206,135.67470401393166,7.754927311701016,1.45
26029,Charlevoix County,Michigan,0.783808995228585,0,0.3207793042021626,0.3607937351270418,1,26029,0.033854495198737095,0.087071768180525,0.13140761122116396,0.025843292116272572,0.37846579464683167,124.42981171365982,12.891324088300982,1.15
26031,Cheboygan County,Michigan,1.0328872949680008,1,0.3510137343430236,0.3613223311521494,3,26031,0.039398577183962724,0.09154074273643353,0.1310222721772248,0.026976345667900112,0.38274665179841627,124.7477128556172,12.85015536827884,1.45
26033,Chippewa County,Michigan,1.0069848473981904,1,0.3234320715713248,0.37104023697915134,3,26033,0.038266118377216746,0.08822329853199647,0.11978866031263426,0.027739848859984532,0.3727026035650503,130.59212562661654,10.376231110966502,1.45
26035,Clare County,Michigan,1.0826982642911682,1,0.3802179443782697,0.3664705137535704,3,26035,0.044300270514212516,0.09565932470892571,0.135253549355084,0.028588015211078253,0.3771394059358278,127.84386388638552,12.19583458974605,1.45
26037,Clinton County,Michigan,0.6464555193767645,0,0.2603717552627604,0.386083764114004,0,26037,0.02885990543440331,0.07362655885731711,0.11248490526761776,0.025804835303982816,0.3758011221393683,139.63940223877654,5.188860994902009,1.0
26039,Crawford County,Michigan,0.8000004560928061,0,0.3635309166482675,0.3321216538672162,1,26039,0.04020653044295072,0.0965161263172511,0.13449832784041343,0.026893112102528937,0.381996603762103,107.1862326062718,20.426339611589334,1.15
26041,Delta County,Michigan,1.032602313299557,1,0.3402706316467304,0.37186889476675716,3,26041,0.03758421311240076,0.0899486106444142,0.12809206339054405,0.027001912847368317,0.38240684760151056,131.0904858950619,9.853957991426158,1.45
26043,Dickinson County,Michigan,0.9829577715899511,0,0.31664762097383986,0.3612542904675058,3,26043,0.03483267259537847,0.08777410300410461,0.1267034216166422,0.025760799141814787,0.3786295274199614,124.70679273832468,13.655482654923372,1.45
26045,Eaton County,Michigan,0.9652338621322845,0,0.2758045003288157,0.3898740252796564,3,26045,0.02979395824530936,0.08110567998225235,0.11829277958368596,0.025986761476797016,0.36849238806351775,141.91889034622565,4.036092854329355,1.45
26047,Emmet County,Michigan,0.9649345536403563,0,0.2960120675162084,0.36946003844265807,3,26047,0.03270556215075125,0.08093285732239862,0.12067686936398185,0.026058945365873176,0.3790197230517837,129.64178378632676,10.982214154385517,1.45
26049,Genesee County,Michigan,1.105694120843128,1,0.36528721580480406,0.3972604537421807,3,26049,0.04151649302964044,0.09134826859300627,0.12323480998725886,0.030343428436890682,0.3797954003016815,146.36113722605245,1.520229956200405,1.45
26051,Gladwin County,Michigan,1.0781607816468823,1,0.3815991800849911,0.3619599796714794,3,26051,0.04390139177339115,0.09895308760174132,0.13714915494693425,0.027331025832202843,0.3812805709325258,125.13119888811468,12.977346319873002,1.45
26053,Gogebic County,Michigan,0.9982751850137658,1,0.3514976653496211,0.3369679794874587,3,26053,0.0396173390063316,0.09595451229082233,0.13172127679442883,0.026429663341530286,0.3792549888919344,110.10084485417673,18.82043802625237,1.45
26055,Grand Traverse County,Michigan,0.7433432349206972,0,0.2576645809339273,0.38872084073624424,1,26055,0.028827583881486055,0.0764832795543458,0.11320264101738785,0.02520752590367883,0.3721657941166197,141.2253575426755,4.601041872915547,1.15
26057,Gratiot County,Michigan,0.9427585313317856,0,0.2755950544961553,0.37458324297404166,3,26057,0.032857457393572334,0.08225599412651738,0.11230837250757786,0.02639982938046258,0.3653762493809763,132.72291284074336,9.078271362928,1.45
26059,Hillsdale County,Michigan,0.9998192575725,1,0.3131611362977235,0.3763693861660696,3,26059,0.035146367212605,0.08511451323690654,0.1229741436955985,0.027815987757788912,0.3683166156998884,133.79711115755725,8.343606771129606,1.45
26061,Houghton County,Michigan,0.9321497905326095,0,0.2715128780668918,0.37134904643835615,3,26061,0.03237699173788316,0.08013537226014072,0.11472711121613262,0.026255750109387348,0.36262147030800895,130.77784567570026,10.157345616997745,1.45
26063,Huron County,Michigan,1.030181748193917,1,0.341729566884334,0.3687406042838847,3,26063,0.038902663008188364,0.09334310078435473,0.12718303475769116,0.026412891511754764,0.38164114407454053,129.20911132990668,10.824324439011663,1.45
26065,Ingham County,Michigan,0.9097313224842044,0,0.2313490662421344,0.3960518458159376,3,26065,0.02717036323704875,0.06539513698217392,0.10162639459054282,0.02706175105179029,0.3685082637902909,145.63427243388298,1.907842694059916,1.45
26067,Ionia County,Michigan,0.9229892619666819,0,0.252941014928005,0.38360330366970663,3,26067,0.03136793086648129,0.0798481781585096,0.1062019611583148,0.026225285069416585,0.35921272811742927,138.1476369390625,6.073287766796734,1.45
26069,Iosco County,Michigan,1.1014339065146428,1,0.3976125439370682,0.36199704676268546,3,26069,0.045362337350113406,0.1030303944950258,0.1392190995875343,0.0269713822055119,0.3883161636527836,125.15349128166997,13.07759260463508,1.45
26071,Iron County,Michigan,1.0299148673223797,1,0.3860165425799363,0.3242695728148084,3,26071,0.042650171411739615,0.10123197998796812,0.1395652859375805,0.026576184746343823,0.3876093467466449,102.46393918230147,22.71020684199462,1.45
26073,Isabella County,Michigan,0.8885751099947806,0,0.22981353886840533,0.38299688181765035,3,26073,0.025518407210526988,0.06644298198475422,0.09372569234099004,0.029625627702334102,0.36222620617928275,137.78293083057943,6.470515704630135,1.45
26075,Jackson County,Michigan,1.0267436479032788,1,0.3151392994140629,0.39295976810543976,3,26075,0.03528594721303923,0.08290865927183631,0.11747282794090728,0.029070947044729505,0.3724466449052595,143.77467646929324,3.055359028369719,1.45
26077,Kalamazoo County,Michigan,0.9694493588939099,0,0.27288935130696323,0.3956964134474574,3,26077,0.02896518235158748,0.07588021114757935,0.10895165910543685,0.02764834959616107,0.3771325929195506,145.42051305912133,2.0045930666740395,1.45
26079,Kalkaska County,Michigan,0.7928997811202275,0,0.34077023632281345,0.34870783421651486,1,26079,0.03785516720064036,0.09027968166972793,0.13162427259778428,0.02720628352054052,0.374712199378596,117.16127105397864,16.48299962590687,1.15
26081,Kent County,Michigan,0.9250561390967524,0,0.23966404655279175,0.39830570454841685,3,26081,0.02924162179052399,0.0727396934140651,0.10445153263797514,0.025936123109594488,0.36562807932734953,146.9897579669419,1.2555578286036897,1.45
26083,Keweenaw County,Michigan,0.7863396696188706,0,0.35340661166390175,0.18889660876290557,3,26083,0.038315501410697,0.0948648270616885,0.1358115848064073,0.0251891968499055,0.389076306649362,21.04974418623228,31.902846157458345,1.45
26085,Lake County,Michigan,1.0993376625916553,1,0.4299059501347759,0.32825795510084854,3,26085,0.051286428608275,0.10721772706777873,0.1413112311978294,0.028851128935675,0.38474728587001217,104.86257864054694,21.34810790981135,1.45
26087,Lapeer County,Michigan,0.7697648978756111,0,0.2819328410843966,0.3874279396770044,1,26087,0.03289079754911021,0.08207859132519474,0.11721572866324176,0.026250049554388137,0.3657882591684382,140.44779830339326,4.852872623447562,1.15
26089,Leelanau County,Michigan,0.9637411144376705,0,0.3076835631731111,0.3569654812666617,3,26089,0.034267559150901204,0.08723824383605572,0.12580379486457627,0.023951226952807467,0.3863523797307732,122.12747454858201,14.4232388683627,1.45
26091,Lenawee County,Michigan,0.9625610074371586,0,0.27498494084498504,0.388850236697883,3,26091,0.03408127981385563,0.08021215811323008,0.11144717533054464,0.026557441333447517,0.36493598087913826,141.30317712892997,4.3499832930639855,1.45
26093,Livingston County,Michigan,0.6171151752108461,0,0.22270679607240643,0.3944083791384397,0,26093,0.025868933210721468,0.07260770435932415,0.10833570991960492,0.024417885447612007,0.3613074224150147,144.64588071557756,2.4317231787542357,1.0
26095,Luce County,Michigan,0.8577172424225157,0,0.3213236348178326,0.27020549788735065,3,26095,0.03801290195152405,0.09045316506550895,0.12405988407154674,0.0263856808002685,0.3713522825354032,69.94944731715663,30.29898635975932,1.45
26097,Mackinac County,Michigan,1.0044058849970954,1,0.37183131704115935,0.320862396749941,3,26097,0.043106661860949344,0.09494512367979999,0.13116714734015023,0.02781180625628126,0.38441216095033254,100.4148409855249,22.89479385275576,1.45
26099,Macomb County,Michigan,1.0488718724904282,1,0.32452197373438424,0.39883793832798015,3,26099,0.03305439397063608,0.08306910062577105,0.12312822573820552,0.028046958945299353,0.38656798043557916,147.30984687846376,1.1815871147042158,1.45
26101,Manistee County,Michigan,1.001425866997369,1,0.3303664973038335,0.3602720316598693,3,26101,0.03740991587307078,0.09088053488435614,0.12807150550718382,0.025871861301993412,0.3794695618846245,124.11605580158404,13.91049653496076,1.45
26103,Marquette County,Michigan,0.7650800798893007,0,0.2816520172381153,0.38363500875258105,1,26103,0.029136358829854284,0.07836136004184152,0.11823540392785718,0.02648815064425769,0.3766853722215076,138.16670458538005,6.456021510924433,1.15
26105,Mason County,Michigan,1.0051938117176944,1,0.3271818973275923,0.3660552142018521,3,26105,0.03743338021005388,0.08838768229316986,0.12549365832122694,0.026546757792442588,0.37861108930076093,127.59409999207936,11.735255679366135,1.45
26107,Mecosta County,Michigan,0.9356681304129876,0,0.27140915724367226,0.37387920855838813,3,26107,0.03157239935919922,0.07807693714441542,0.10999744018895373,0.028238547169263863,0.35986170474911083,132.2995018915823,9.161480835222848,1.45
26109,Menominee County,Michigan,0.9867196118848562,0,0.3229760968429842,0.35752018721553747,3,26109,0.0368174081696726,0.09087338771854155,0.12961170410185435,0.0260680905210348,0.3691120928900503,122.46107837120302,14.23672421863439,1.45
26111,Midland County,Michigan,0.650763500648013,0,0.26375839336753404,0.38700510728047904,0,26111,0.02901739307486934,0.07792484847691597,0.11627332049790952,0.02604569318852559,0.36491705714500156,140.1935041064503,4.895677054772405,1.0
26113,Missaukee County,Michigan,0.9656129360598427,0,0.3297136327611353,0.33622632314220446,3,26113,0.038402647030647025,0.08854862048599041,0.12437070469521785,0.0271908562554987,0.3756000329241096,109.65480782798404,20.235161062889333,1.45
26115,Monroe County,Michigan,0.9747519032676685,0,0.27924547500738506,0.3929972169013518,3,26115,0.03198298760573235,0.08377607432521483,0.11380947528247214,0.026867205711866085,0.3632499995925221,143.7971984225806,2.92347205567354,1.45
26117,Montcalm County,Michigan,0.9818407407066083,0,0.2927841880407867,0.3843473572741156,3,26117,0.03444315440172655,0.08318725710985589,0.11456987260443922,0.02803590870477972,0.36257458095108613,138.59511569274963,6.021293696569835,1.45
26119,Montmorency County,Michigan,1.033702556151665,1,0.4001503552172483,0.3127479593701071,3,26119,0.04494544628564768,0.10443254631450745,0.14098279371037253,0.026655492359062317,0.3896006800859423,95.5347647328405,23.973091321775602,1.45
26121,Muskegon County,Michigan,1.058738144151482,1,0.33646683260212146,0.3936974047437283,3,26121,0.03812019795703926,0.0883795904309913,0.12297765419048955,0.028706595776273897,0.374430972929458,144.21829601715837,2.7255931249672747,1.45
26123,Newaygo County,Michigan,0.9878523706001983,0,0.3023992781126591,0.3788782188529949,3,26123,0.035949142028991514,0.08500267871041489,0.12045984703979302,0.026883621009721508,0.3660436772699435,135.30593971144438,8.080306286005548,1.45
26125,Oakland County,Michigan,0.9539261842192625,0,0.2587012289944222,0.399178898053345,3,26125,0.029211720080264045,0.07533801376544048,0.1144006655299243,0.02485949549270855,0.37480505342706955,147.5149023100344,1.1156729112263724,1.45
26127,Oceana County,Michigan,1.0123284923484568,1,0.3351490805123184,0.36300850041765176,3,26127,0.03881947792402563,0.08651278762735987,0.13016805782985963,0.02667173132691157,0.3782794201732493,125.76178619248644,13.110513284482712,1.45
26129,Ogemaw County,Michigan,1.06968728842932,1,0.3836814796476068,0.35403389168295873,3,26129,0.04375544817828072,0.09942880116574446,0.13617412590011996,0.027809368360205585,0.3810520868289517,120.36439720379896,15.55351655944635,1.45
26131,Ontonagon County,Michigan,0.9834906712528125,0,0.40040746563533924,0.27786196281487624,3,26131,0.044683206563611966,0.102557531905088,0.14383394952214046,0.0264450062909207,0.39042053227498574,74.55409591117827,28.67783757067083,1.45
26133,Osceola County,Michigan,1.0093659426717132,1,0.33931033270929667,0.35680411051257455,3,26133,0.0381876695228196,0.09276095562367068,0.12595867644118072,0.02766426657864985,0.37406640284330595,122.03042511089016,14.766480263381364,1.45
26135,Oscoda County,Michigan,0.9995599632474267,1,0.386554140583737,0.30279755820759174,3,26135,0.043590087881309934,0.09979996935145367,0.13692476046991067,0.02744074362379878,0.3855980324858424,89.5505277309563,26.30299009857127,1.45
26137,Otsego County,Michigan,0.7666624289976536,0,0.3059721086588553,0.3606908730782349,1,26137,0.03472920211538787,0.08528438934646168,0.12340096331323593,0.0265394435269961,0.37041091709886914,124.36794979789316,13.401564793256645,1.15
26139,Ottawa County,Michigan,0.8979845704763066,0,0.2230605143593224,0.39623918941744085,3,26139,0.02669147341037491,0.0663554229096183,0.10654057020316642,0.024636205600372784,0.37010224140744324,145.74694211361464,1.8787974844483235,1.45
26141,Presque Isle County,Michigan,0.8138182232011297,0,0.3761589747498346,0.3315090454250609,1,26141,0.0413914217992662,0.09869636836168262,0.14138849441156565,0.025734340373470117,0.3874086375122348,106.81780584162806,21.020215575071884,1.15
26143,Roscommon County,Michigan,1.0989328625604116,1,0.4007849651845534,0.35709976761573037,3,26143,0.04551698686184546,0.10376741513189008,0.14016283977968036,0.027044235399616,0.38821181687871914,122.20823524614784,14.697064755918182,1.45
26145,Saginaw County,Michigan,1.0688947221489633,1,0.3432296913487251,0.39393908254711163,3,26145,0.041474266260166544,0.08961016010207434,0.11835972369538077,0.02871291011726851,0.37889556249798034,144.36364264488918,2.6083331622614447,1.45
26147,St. Clair County,Michigan,1.0025775678281474,1,0.2984330839867764,0.39299972141194606,3,26147,0.03361831083777374,0.08204260719547965,0.11980700196684735,0.027112111142681937,0.3711209523447798,143.79870465179943,2.894222320238318,1.45
26149,St. Joseph County,Michigan,0.9971314390253526,1,0.30562458707719015,0.38205226742305304,3,26149,0.035027691306429895,0.08250184070335502,0.12142316923338634,0.02827882260977645,0.3633283265141309,137.21483349255885,6.940335831877895,1.45
26151,Sanilac County,Michigan,1.0312318584358011,1,0.3368544681357684,0.3743399169923703,3,26151,0.03728858265765507,0.09054258931106438,0.1308498619889722,0.027085063384472943,0.37364158472461284,132.5765749877005,9.34628057982367,1.45
26153,Schoolcraft County,Michigan,0.9712469375528701,0,0.3658829340504154,0.3039425401239778,3,26153,0.04168224071142043,0.0952165399860294,0.13217058416017397,0.027447395385619335,0.38229662804113385,90.23912742041782,25.790165172572,1.45
26155,Shiawassee County,Michigan,0.9673985724896681,0,0.28382420241056744,0.3833472268926519,3,26155,0.0315402339374772,0.0797106727605836,0.11681742096387074,0.026510273425403293,0.37323746405896774,137.993630673431,6.722727439279328,1.45
26157,Tuscola County,Michigan,1.0006850069776219,1,0.31046064578608223,0.3796669452329674,3,26157,0.035710073430794076,0.08656712420882812,0.11959713984381888,0.026962808621909508,0.3736766963941174,135.78028496751048,7.558384426491701,1.45
26159,Van Buren County,Michigan,1.011572835520967,1,0.3120225606317367,0.38561387765858535,3,26159,0.03711379464395183,0.08383502123042046,0.11769963654471087,0.028236404559195374,0.369293004987335,139.35680941992683,5.492646046385603,1.45
26161,Washtenaw County,Michigan,0.8669782759259679,0,0.2009848841597293,0.39693116820300717,3,26161,0.02503887201698887,0.05955822891975933,0.09272551224288492,0.02860392151479711,0.3520762285169999,146.1631027271891,1.6454325099004667,1.45
26163,Wayne County,Michigan,1.136479230774245,1,0.38426575082655273,0.3995130290177543,3,26163,0.04383404538919256,0.09209739959616034,0.11482297652628808,0.03320542630314763,0.384809342092424,147.71585087964846,1.114262871223889,1.45
26165,Wexford County,Michigan,0.9911569494539724,0,0.3140454045824875,0.3695111122823211,3,26165,0.03491937781827891,0.08609218447759662,0.1223301699775869,0.027399493041321662,0.3725348447018552,129.67249993094725,10.864481568306738,1.45
27001,Aitkin County,Minnesota,0.9300289188991668,0,0.2831673591994234,0.3582318952137952,3,27001,0.03829996522138602,0.09567828606334215,0.1206866084411338,0.0219435193673269,0.36112320165997336,122.88910426364194,15.193098158652427,1.45
27003,Anoka County,Minnesota,0.6623690961420708,0,0.1779525798406461,0.39802054723941555,1,27003,0.023810953020352705,0.06807782747559553,0.10193094811581187,0.022525316516063588,0.34954015327412225,146.81826247726136,1.3088389908943387,1.15
27005,Becker County,Minnesota,0.8906471397243352,0,0.2343452888396011,0.3798941178668369,3,27005,0.03114879834352702,0.07697329588916034,0.11497614527191237,0.0219796240664795,0.36260639854140136,135.91690809045943,7.844237912332717,1.45
27007,Beltrami County,Minnesota,0.8681972698930268,0,0.21342934132650193,0.385327396530758,3,27007,0.03362023530616011,0.06800338396355685,0.10090079178762627,0.02459555628215301,0.34971246366594805,139.18451777685777,5.516504748592282,1.45
27009,Benton County,Minnesota,0.7700224653933656,0,0.1484028086454458,0.3826471674879098,3,27009,0.024593789036401956,0.06342879777823945,0.09453667021638487,0.022147644665221036,0.3373728677070405,137.57261032209516,6.616251489408975,1.45
27011,Big Stone County,Minnesota,0.8165937899137047,0,0.2653189077557955,0.29784922321917334,3,27011,0.03454758433389677,0.08940968399086903,0.11914999342472789,0.0213233816536263,0.3675249926874136,86.57456637504994,27.02378610952965,1.45
27013,Blue Earth County,Minnesota,0.7700955915335417,0,0.1414749390938875,0.3896254688602792,3,27013,0.02332430039205165,0.06245957626895489,0.08296340253397569,0.02267074451389304,0.34862650921128335,141.7694068733888,4.281310313555733,1.45
27015,Brown County,Minnesota,0.5783787102797205,0,0.20466319552389456,0.373715514755826,0,27015,0.028650212331252287,0.07414357483140922,0.10916054595817212,0.021112759655627214,0.35679777833340715,132.20105535718915,9.748953041375383,1.0
27017,Carlton County,Minnesota,0.8514127992091693,0,0.20663749312466,0.3805437477092499,3,27017,0.031097589193771286,0.07551894078909235,0.09937190320169384,0.022707021845267256,0.35416659443060916,136.30759976982014,7.685774127049608,1.45
27019,Carver County,Minnesota,0.5158491908889348,0,0.1228231845828924,0.39302600630604234,0,27019,0.02012577032344371,0.05561044890829195,0.09085436285418798,0.019866623317714993,0.3555040125610543,143.8145125607744,2.967964324977637,1.0
27021,Cass County,Minnesota,0.9356378370681829,0,0.26726844590102844,0.37799902793909773,3,27021,0.037158079644439644,0.08830999976663273,0.1169232097810639,0.021775846914467684,0.3649635826394116,134.7771884869728,8.085196356356096,1.45
27023,Chippewa County,Minnesota,0.8577452398355843,0,0.24343593110749764,0.3481125101584226,3,27023,0.0327587897030767,0.08244707072009788,0.11419394611812986,0.0218815429795455,0.36229112415778,116.8032392321092,17.007627882004392,1.45
27025,Chisago County,Minnesota,0.6211366391226502,0,0.15222924922773526,0.3878895674006562,1,27025,0.02412231548539804,0.06779406267361866,0.0989028935847903,0.02091550050425354,0.3386612208786373,140.7254242663926,4.822485195280049,1.15
27027,Clay County,Minnesota,0.7759186699426575,0,0.14592905119380137,0.3891872729045831,3,27027,0.02288933396874436,0.06626036757906145,0.09022683684086927,0.021654538263092386,0.345157597008605,141.5058729304528,4.319743013386228,1.45
27029,Clearwater County,Minnesota,0.6771771243740791,0,0.25383436255280717,0.33501531081595726,1,27029,0.0346225584420446,0.08407317586660656,0.11561169141041044,0.023062857920541097,0.355298879542443,108.92649701376614,20.13490023534447,1.15
27031,Cook County,Minnesota,0.8039546998316388,0,0.24774795996628635,0.3067035571589818,3,27031,0.0326023410308397,0.08237076097858481,0.1145360349154983,0.02206995645469055,0.365428200576345,91.8996213074328,25.473055484466983,1.45
27033,Cottonwood County,Minnesota,0.8536453265793703,0,0.24110842622012565,0.3476124886621987,3,27033,0.03440011552260577,0.08317268887144413,0.11748613394024712,0.02113508723526215,0.3552621818725823,116.50252300061562,17.083875349744194,1.45
27035,Crow Wing County,Minnesota,0.6980860751348773,0,0.21795913063320424,0.3890722390492978,1,27035,0.030863772756311043,0.07780698158276537,0.10409936823896175,0.021096650285041808,0.36827457336186115,141.43669080985035,4.578306794279323,1.15
27037,Dakota County,Minnesota,0.5457854775471507,0,0.14739394164638503,0.3983915359007657,0,27037,0.022734082932133037,0.06162193816437879,0.09332927058827278,0.021485840019134856,0.35039017455831756,147.0413775093361,1.2528656436057282,1.0
27039,Dodge County,Minnesota,0.5162249890271766,0,0.14798742452889851,0.36823756449827805,0,27039,0.0250302823849761,0.06347320478764319,0.09819046332190819,0.021046073552361478,0.3384463373515149,128.90657987923635,11.116377854399529,1.0
27041,Douglas County,Minnesota,0.5781552653401375,0,0.1951573408439592,0.3829979244961783,0,27041,0.02774173497971982,0.0740612715091328,0.10383534926726204,0.021164029514676632,0.35690540386879765,137.78355790433517,6.449048817231431,1.0
27043,Faribault County,Minnesota,0.5897491920557631,0,0.236504330405034,0.3532448616507292,0,27043,0.033206911106578536,0.0823289974912545,0.11529572260935862,0.021777958443891618,0.3530291248436692,119.88986932925926,15.972277354959536,1.0
27045,Fillmore County,Minnesota,0.6810554492621812,0,0.22368418126607803,0.368537948527123,1,27045,0.0312749621402484,0.08088038330509086,0.10948040140567361,0.021917373839619784,0.3541940314185309,129.0872328188345,11.407410939857751,1.15
27047,Freeborn County,Minnesota,0.8794806701150945,0,0.22859469699151405,0.37794369619130974,3,27047,0.03289580307771239,0.07860717531875833,0.1120471734081377,0.02212827313276054,0.35326250144713883,134.74391160827375,8.056900154651197,1.45
27049,Goodhue County,Minnesota,0.8404053216498731,0,0.1951191489051541,0.38447072809475835,3,27049,0.02808478062353494,0.07686262037327544,0.10662519082425005,0.02071835699329906,0.3509007943659917,138.66931171940072,6.066964487887547,1.45
27051,Grant County,Minnesota,0.822059843892473,0,0.2561564578498021,0.31078136552431723,3,27051,0.03329726432809245,0.08408516678235894,0.1158338967168222,0.02185599384701855,0.36978939031458274,94.35204220060858,24.342529631580884,1.45
27053,Hennepin County,Minnesota,0.7812013977659277,0,0.1393443653504013,0.3994152193157558,3,27053,0.0226148511168749,0.060189581798376766,0.0907685475702674,0.022042717296311364,0.34397438157094273,147.65702747863344,1.1024497112650629,1.45
27055,Houston County,Minnesota,0.5773706008380682,0,0.21285954358348427,0.36451105725458394,0,27055,0.028988499470122983,0.0776309212450226,0.10928668450266983,0.0213559103413597,0.3575362034713045,126.66543380167795,12.523375846359516,1.0
27057,Hubbard County,Minnesota,0.711857823955392,0,0.2507978166198601,0.36820898681961123,1,27057,0.033442181316524704,0.08375159176960824,0.11676985313010368,0.021065215127568256,0.36873944409199444,128.88939307447214,10.956569560800386,1.15
27059,Isanti County,Minnesota,0.5607623488628318,0,0.1782417375197026,0.3825206113431292,0,27059,0.025458028621915586,0.07245089076728789,0.10040599861468899,0.0219221108735647,0.3463505558563541,137.49649862046198,6.829662153199669,1.0
27061,Itasca County,Minnesota,0.8843678085978603,0,0.22568642309941878,0.38422241041634697,3,27061,0.034509662650466975,0.07781896454887952,0.11169319390289625,0.02217546292012502,0.3476047146956528,138.51997182695806,6.523154558026524,1.45
27063,Jackson County,Minnesota,0.8171460584246282,0,0.22397313751676248,0.3395758682933259,3,27063,0.030918222779052124,0.07880156473190594,0.11068212848772747,0.021347114279510124,0.3608924427251551,111.66924641246376,18.973945981226557,1.45
27065,Kanabec County,Minnesota,0.6603671047137355,0,0.21451228522839008,0.3597199797400756,1,27065,0.03105559582418925,0.07761852022611743,0.10779948496586556,0.02291828639587595,0.3447809743660713,123.78404812958824,14.456945901281935,1.15
27067,Kandiyohi County,Minnesota,0.5797581963800957,0,0.1972060125645554,0.38255218381554035,0,27067,0.029172777723415866,0.0732614936294112,0.10498675637947542,0.021917969958310073,0.349286076075523,137.5154865139708,7.023837927847543,1.0
27069,Kittson County,Minnesota,0.7687517467968282,0,0.24848403130170074,0.28168958717887044,3,27069,0.03336611744825605,0.0859799666168157,0.11595099490836605,0.02075613149693665,0.3667790364016283,76.85605449297046,30.39702542200577,1.45
27071,Koochiching County,Minnesota,0.8662556897824226,0,0.2501022424441031,0.3473154746472229,3,27071,0.03472748084660618,0.08529168230015217,0.11644132103406307,0.022690322523251927,0.35077881090357715,116.32389680962427,18.13744201387666,1.45
27073,Lac qui Parle County,Minnesota,0.6544849913671289,0,0.2529384311961002,0.31617895260140316,1,27073,0.0340252149277205,0.08690807538320999,0.11835863887009587,0.02087494042006073,0.3638991529761777,97.59818673086836,24.443782976666327,1.15
27075,Lake County,Minnesota,0.5668151124342168,0,0.22328541033847624,0.3435297020957405,0,27075,0.0310831570037942,0.08245574684307687,0.11110092544203726,0.020978755984897065,0.3564879604878756,114.04710818439344,18.12911873160032,1.0
27077,Lake of the Woods County,Minnesota,0.6187399525746707,0,0.2574981558808031,0.2805365854884759,1,27077,0.0347025020812243,0.0852947580501507,0.1159349984045181,0.0218623171447456,0.36582166700851754,76.16263165843324,29.17042549946332,1.15
27079,Le Sueur County,Minnesota,0.649818284768417,0,0.18865289620528813,0.3764064818542049,1,27079,0.027384014604728082,0.07379331506400783,0.10491227065346197,0.02109937161622298,0.35001829582277977,133.8194207494947,8.79757681194149,1.15
27081,Lincoln County,Minnesota,0.7863768214258824,0,0.23940060086431175,0.30292824149836584,3,27081,0.0337107820883418,0.08487791189902491,0.11185906933019765,0.0212038684554609,0.36087061238396084,89.6291215254582,26.37804700640759,1.45
27083,Lyon County,Minnesota,0.8029578910455215,0,0.1804713723624714,0.3732926904275434,3,27083,0.026468184599215613,0.06910056258251789,0.0961132140157681,0.021935581527702842,0.35786623852222826,131.94676601254065,9.80478212350926,1.45
27085,McLeod County,Minnesota,0.5777466003561509,0,0.19658072325004924,0.3811658771061016,0,27085,0.02824192349035619,0.06924373030634591,0.10549507864014847,0.02178955613500289,0.35700029199876177,136.68175249952364,7.4021623372399885,1.0
27087,Mahnomen County,Minnesota,0.8986538939289942,0,0.31884360590979777,0.3009177002481293,3,27087,0.0455259622000457,0.09115445816566085,0.10968436900242814,0.0274534089966336,0.36385933930368897,88.41996873382959,27.024085777519453,1.45
27089,Marshall County,Minnesota,0.6256438888250151,0,0.21212122576378745,0.3319169384318779,1,27089,0.030491845654528775,0.07945058964205612,0.1083561339970843,0.021203148666144374,0.3530263433919241,107.06311539089526,21.053290202118244,1.15
27091,Martin County,Minnesota,0.6892670048661639,0,0.23421976304547346,0.3651428498816256,1,27091,0.033186522421547966,0.08247411823004312,0.11439785167982104,0.022016749581369534,0.3500139436428873,127.04539806186305,12.416358933654584,1.15
27093,Meeker County,Minnesota,0.6717933184908079,0,0.21328532381070678,0.3708827792247784,1,27093,0.029224635506890268,0.07641977763486314,0.11015419096757956,0.02101379432436127,0.3604510631108941,130.4974294928062,10.48997563072163,1.15
27095,Mille Lacs County,Minnesota,0.8426844854864184,0,0.20708692879062257,0.37407478533794186,3,27095,0.03268782282216052,0.07638693418972357,0.10417485511511954,0.022253158432792686,0.34543342445488395,132.41712305899048,9.48346515989861,1.45
27097,Morrison County,Minnesota,0.8554563948496285,0,0.21119991681928343,0.378770010663219,3,27097,0.03022463580348355,0.07633582714101747,0.10344908377216903,0.022128085381281175,0.3579621011761088,135.2408625911768,7.946912667024855,1.45
27099,Mower County,Minnesota,0.8388353825837368,0,0.19718341388116195,0.38132374652141515,3,27099,0.031118129578252527,0.07798492891180168,0.10586981006173751,0.021716949107677075,0.3376980783196636,136.7766962089435,7.3510531819746925,1.45
27101,Murray County,Minnesota,0.8284196401437107,0,0.24382627261141968,0.32749761714286363,3,27101,0.0321520793170663,0.0814394433486386,0.11583085765566599,0.0209903185252279,0.36987293169932034,104.40530636902778,23.05937422695649,1.45
27103,Nicollet County,Minnesota,0.5233153276032485,0,0.14401200404564765,0.3793033235576009,0,27103,0.022844362954786458,0.0609402595166866,0.0896972116186421,0.021268270049160414,0.35485446904067713,135.5616004894803,7.89215875700446,1.0
27105,Nobles County,Minnesota,0.8435998316450626,0,0.21202575167194043,0.3697672356694821,3,27105,0.032790352554552316,0.07312458856259846,0.10827278370904071,0.02171181706822692,0.3529888383045936,129.82653422820462,11.012910775467326,1.45
27107,Norman County,Minnesota,0.8068915696871054,0,0.23972724703135967,0.3167496975804372,3,27107,0.0334431211631736,0.08367166161857059,0.11150298956822738,0.021117899795511066,0.36486450343438537,97.94143653219716,24.047901733926405,1.45
27109,Olmsted County,Minnesota,0.6142394910099894,0,0.13892637751172057,0.395194919018705,1,27109,0.02431341832878894,0.06151140150705575,0.09922628674160487,0.021583678196595242,0.32769590491782935,145.11891099627346,2.3027664369954306,1.15
27111,Otter Tail County,Minnesota,0.9138354599223495,0,0.24232973097309285,0.387901620697493,3,27111,0.029814507185921522,0.08101209561146981,0.12067195225418376,0.020636034691926118,0.3696793028252716,140.7326731987469,4.854819277265366,1.45
27113,Pennington County,Minnesota,0.6443486094919543,0,0.20733915010816312,0.3529639885804928,1,27113,0.02788209450063246,0.0720554979761029,0.10556899670731312,0.02201016649187514,0.3634231871318899,119.7209504090781,15.619893739501292,1.15
27115,Pine County,Minnesota,0.8594575196155493,0,0.21663678242797935,0.37609254144481336,3,27115,0.03196991353044079,0.07982586895392327,0.10819238136681311,0.02229105441549976,0.34571535677457704,133.63061491306826,9.226897047555026,1.45
27117,Pipestone County,Minnesota,0.7978617436792668,0,0.21412353229890682,0.3361259461005875,3,27117,0.03162778514795974,0.07866999477310302,0.10956508864030524,0.02203465342952756,0.34536525279577396,109.59444041195998,19.7114247586192,1.45
27119,Polk County,Minnesota,0.5898018468601443,0,0.21255314827641864,0.3772486985837257,0,27119,0.030628629086330638,0.07548103141021045,0.10116481483304153,0.02214300934855794,0.363159031049973,134.32593545519228,8.50911325995434,1.0
27121,Pope County,Minnesota,0.6572083635141769,0,0.22745029716908421,0.3440352363215044,1,27121,0.030137440858918074,0.08090270421335335,0.11321700424972278,0.020969752650821898,0.36228753637923927,114.35113980785516,18.034551018665887,1.15
27123,Ramsey County,Minnesota,0.8079780077155857,0,0.15853524204230204,0.3986909701753433,3,27123,0.026846581045253788,0.06637227005559805,0.09145522739631061,0.02149533246447241,0.3481673511441628,147.22145926044274,1.2256526179210636,1.45
27125,Red Lake County,Minnesota,0.7248561709711338,0,0.2207385826572517,0.27916222490904746,3,27125,0.03106167385105425,0.07802486796775321,0.10870487493188974,0.02202949235065555,0.3561518590803505,75.33608212550293,30.35764429662258,1.45
27127,Redwood County,Minnesota,0.8320220341104507,0,0.21657080540558735,0.3572374939809304,3,27127,0.03268033771837699,0.07683969703018483,0.10651352160002323,0.021667116992697383,0.35570935652173447,122.29106479214342,15.411945038979225,1.45
27129,Renville County,Minnesota,0.5878146558810697,0,0.2306915320986875,0.35712312378238226,0,27129,0.03161155764218938,0.08077425825713025,0.10998708591015431,0.021647289101324768,0.3622854085393579,122.22228179908754,14.6463851924526,1.0
27131,Rice County,Minnesota,0.6250353175759653,0,0.15403423536178934,0.38947473644339803,1,27131,0.025834984136064897,0.061674087042570575,0.09530233413597118,0.021386055916533354,0.34756710528921597,141.6787554019806,4.012029718983183,1.15
27133,Rock County,Minnesota,0.7921584992046773,0,0.2078051268570676,0.33851107949098574,3,27133,0.029334082279920435,0.0758552089652544,0.10905037371834951,0.021034379393070166,0.356733718994009,111.02887539162892,19.50163831459389,1.45
27135,Roseau County,Minnesota,0.6357206244799338,0,0.19714054155570024,0.35566000147032917,1,27135,0.02739261756132898,0.07966219986985858,0.10781140948840327,0.02114541670441108,0.34549564667939064,121.34235037370395,15.458418193055055,1.15
27137,St. Louis County,Minnesota,0.8725920148171709,0,0.2054432039276016,0.39634439249803344,3,27137,0.028549880655219826,0.07468766166119234,0.10409396103075318,0.023639537181346912,0.345821451919932,145.81021194136446,1.90959739414036,1.45
27139,Scott County,Minnesota,0.7521557919066937,0,0.12356060397863305,0.39516752837081087,3,27139,0.02095214951750359,0.06234234826681377,0.09546916059161117,0.020552403424189673,0.3318918348055951,145.10243807965867,2.1691686145978126,1.45
27141,Sherburne County,Minnesota,0.5874565236449943,0,0.11819853630450491,0.39263322338679457,1,27141,0.02114373446203119,0.061790886973214,0.09070479313419726,0.020952820901985445,0.33093064291607444,143.57829031800438,3.2040787569493574,1.15
27143,Sibley County,Minnesota,0.6264804019901151,0,0.18807890139098485,0.3566866655569414,1,27143,0.0300676938816609,0.07328472898262132,0.10644408925302135,0.02157193398177375,0.33766823038457855,121.9597929386083,15.132060019628083,1.15
27145,Stearns County,Minnesota,0.7823849433059286,0,0.14407599504926125,0.39549982792034466,3,27145,0.023826378322580187,0.06369318471472364,0.09228280723451081,0.021402859131767437,0.34339731678901236,145.30228522426634,2.107292921682433,1.45
27147,Steele County,Minnesota,0.5673351112413385,0,0.18703552632468182,0.3802995849166567,0,27147,0.02808751638091985,0.07075369684161555,0.10449135567102599,0.021637149017523387,0.34766079090754093,136.16075865316006,7.663471310434107,1.0
27149,Stevens County,Minnesota,0.7327396082317105,0,0.16814314300989408,0.3371945178395615,3,27149,0.025406809172842635,0.06988155786786297,0.09909016612468496,0.021732449280301033,0.34298005387892916,110.23708651588042,19.03430982534204,1.45
27151,Swift County,Minnesota,0.8496469278530279,0,0.24848973474161656,0.33747366377771293,3,27151,0.033079247494188425,0.0854558069730462,0.11420678702554427,0.0216537889805968,0.3641730977926951,110.40496672741446,19.95995845630871,1.45
27153,Todd County,Minnesota,0.8719182230926454,0,0.22752272525902595,0.3738001872186606,3,27153,0.03233662497209426,0.0776973678781798,0.11232805411940522,0.02284509741259679,0.34893689223091984,132.25197793577263,9.212488793170156,1.45
27155,Traverse County,Minnesota,0.7712680651033906,0,0.26586858564496396,0.2660404247711675,3,27155,0.0354812171017761,0.08629415279487665,0.11639385531371729,0.02157512630095125,0.37286725141678,67.4445448262589,31.15030567115429,1.45
27157,Wabasha County,Minnesota,0.8371659013312858,0,0.2077075075365166,0.3696482864850598,3,27157,0.028611746106367034,0.07502266135295503,0.1104276121910468,0.021468592128247532,0.3541596864479952,129.75499740279045,10.634844656594764,1.45
27159,Wadena County,Minnesota,0.8937873952328098,0,0.2622898255259564,0.3541152746346021,3,27159,0.0353794343127336,0.08602964791387163,0.11359310698028903,0.0227947546899997,0.36480564991165865,120.41334144861808,15.742431252964202,1.45
27161,Waseca County,Minnesota,0.6486109336172954,0,0.19893649900711005,0.36507300848619034,1,27161,0.028515685403669302,0.0756787737875766,0.10121597122073268,0.0222636885112454,0.3524299811613396,127.00339498520307,12.308614791472229,1.15
27163,Washington County,Minnesota,0.6283257029236033,0,0.14906594426128517,0.3973042321940221,1,27163,0.02391092637858884,0.0629800989067421,0.0978796633573733,0.020192730701882856,0.350006737643928,146.38746587623604,1.6049356763591078,1.15
27165,Watonwan County,Minnesota,0.6561257605973275,0,0.22481004464013213,0.3457340950097179,1,27165,0.03337404399506587,0.081102514989133,0.10966914795045,0.021612611143340666,0.35200029830708307,115.37284464738248,17.597169502267075,1.15
27167,Wilkin County,Minnesota,0.5823734941723268,0,0.1915047922892017,0.31490694177369116,1,27167,0.0285986300526745,0.0743717768607033,0.10710500178123819,0.020945856055537747,0.34700006095893443,96.83319101484972,24.22811946041579,1.15
27169,Winona County,Minnesota,0.6252325546197083,0,0.15812649731328515,0.38555398496472204,1,27169,0.02420941288307851,0.06277357282286974,0.09072863279144823,0.0226121007791625,0.3521088540675323,139.3207895581237,5.6424898124957,1.15
27171,Wright County,Minnesota,0.5343990612408941,0,0.13958613282979834,0.3948129284110957,0,27171,0.023149335939215695,0.06190636444703582,0.09585027251736232,0.02074866171959428,0.3422625134289667,144.8891793210281,2.328619820630053,1.0
27173,Yellow Medicine County,Minnesota,0.6499924878892273,0,0.2274266549958053,0.33778420403830545,1,27173,0.03173152296975315,0.08100744237935027,0.10827754613116977,0.022053449134890477,0.3577518498109137,110.59172769188822,19.6283722560939,1.15
28001,Adams County,Mississippi,1.1455831942953794,1,0.41655450872896754,0.37350286664715615,3,28001,0.052060921217871224,0.119599606295809,0.12444190889182878,0.026419426124188544,0.39513593783733875,132.07316737965948,9.954605238492867,1.45
28003,Alcorn County,Mississippi,1.0248835045031839,1,0.328640082950702,0.3781761270514938,3,28003,0.03750990830424106,0.10004009423621701,0.12857990208162026,0.0232754364531945,0.38273458470623095,134.88369706326955,8.052448506722321,1.45
28005,Amite County,Mississippi,1.1064077833820278,1,0.41626749392345125,0.34677235668484396,3,28005,0.04926225530356233,0.1154453109192759,0.13560634519961637,0.02459899743801837,0.4040994394472569,115.99726207864481,17.0103661490905,1.45
28007,Attala County,Mississippi,1.1014792453814763,1,0.4015520479138841,0.3580888109698927,3,28007,0.046319773501824896,0.11739424124372586,0.1326600303782092,0.024980351678937182,0.39432766624768684,122.80305245399492,14.864890494840008,1.45
28009,Benton County,Mississippi,0.9881086674087086,0,0.36324002752966367,0.31821422585565257,3,28009,0.0412953223040429,0.10571987670799565,0.1294192647696889,0.024673913622088747,0.39022026361257245,98.8222135131158,24.235088515458997,1.45
28011,Bolivar County,Mississippi,1.191960788837714,1,0.44805133550417964,0.37399058783217476,3,28011,0.054050648803146153,0.12014464943650129,0.12185564432959785,0.029396535768081638,0.4046369211511093,132.36648612272546,9.566375213022054,1.45
28013,Calhoun County,Mississippi,1.0560641205703547,1,0.3816902506276198,0.34662983252434904,3,28013,0.04502342119981126,0.10811125541549427,0.13082055015780986,0.02469157464427988,0.3950463478685893,115.9115471068596,17.305281567639348,1.45
28015,Carroll County,Mississippi,1.0299775356850573,1,0.3761216267262908,0.3342077082289212,3,28015,0.0427210855641025,0.10794642399501535,0.1370997383782026,0.0236904784685584,0.39268267639562615,108.44079948205604,19.64327572157645,1.45
28017,Chickasaw County,Mississippi,1.0748154227704085,1,0.38373289160511465,0.3575191240986155,3,28017,0.04561880227966188,0.1104142254598456,0.1292749575971249,0.025183890683955323,0.39106109042795445,122.4604390056621,14.842069199262887,1.45
28019,Choctaw County,Mississippi,1.0258800579556566,1,0.38590819592241926,0.3215952923228612,3,28019,0.04467410635019013,0.11133140271777577,0.13575697597740663,0.0243621914865343,0.3904067781723099,100.8556092253531,24.477343863733807,1.45
28021,Claiborne County,Mississippi,1.1559984200393412,1,0.4692544500343681,0.32798583964793615,3,28021,0.058126179652184834,0.125352279261625,0.12093852568067853,0.028983020365939298,0.4142986595479997,104.69892660928642,22.17767224755529,1.45
28023,Clarke County,Mississippi,1.0548032371303302,1,0.37200326691888647,0.35544724144685846,3,28023,0.04376798435995465,0.10915638947031815,0.13239501190376202,0.023996114897180825,0.38899706261965294,121.21439508987363,14.850112077529564,1.45
28025,Clay County,Mississippi,1.1172133496306706,1,0.41041167229572795,0.3600802929668035,3,28025,0.048703645913356935,0.11482085250275306,0.1255903550821184,0.025956141375465962,0.40549656708964343,124.00074288474812,13.713029344481464,1.45
28027,Coahoma County,Mississippi,1.1605333927882215,1,0.43564005230270314,0.36472780479262207,3,28027,0.05284974779247333,0.11696684469385824,0.11772112962660197,0.028923853576797144,0.4090422489948827,126.7957872031148,12.334282218315838,1.45
28029,Copiah County,Mississippi,1.0961855013356672,1,0.382214872839079,0.37377512808207075,3,28029,0.043279302151458234,0.10846365068081493,0.12566543119700085,0.025482081789370368,0.4013831397417094,132.23690720546065,9.802424346881663,1.45
28031,Covington County,Mississippi,1.0987349208365227,1,0.3962910851398654,0.36145713612670205,3,28031,0.04602064039720235,0.11081511952267722,0.13020038328888484,0.025725563083988226,0.39736144439500276,124.82878545797573,13.222787797969785,1.45
28033,DeSoto County,Mississippi,0.6582929918615448,0,0.26251165098533563,0.3957813408762092,0,28033,0.0296647341163961,0.08570987919770393,0.11678755492749934,0.022879510257266648,0.37371955753705327,145.47158897589205,1.9483681976503449,1.0
28035,Forrest County,Mississippi,1.0041949617513046,1,0.3031182449903431,0.3894300044933153,3,28035,0.034790398160418026,0.09264900065383333,0.1131192257468204,0.024983763307970086,0.38421637614431736,141.65185331165483,4.417568854190896,1.45
28037,Franklin County,Mississippi,1.0256337743172763,1,0.388792819983472,0.31854081747671864,3,28037,0.0443394424546078,0.1116041523694367,0.1314377400525354,0.02496868738565625,0.3960575442530334,99.01862787183045,24.4785984174914,1.45
28039,George County,Mississippi,0.9829611665789523,0,0.3068676962685939,0.3710365565444766,3,28039,0.03427051828172996,0.09765145490831065,0.1270570411055999,0.02313893489990364,0.37426022470126336,130.58991218888633,10.69548045416438,1.45
28041,Greene County,Mississippi,0.9327086742269773,0,0.2945941453857639,0.3486532161500826,3,28041,0.035039737764187354,0.0949073496441436,0.12156432858846765,0.0223441479510866,0.3779683369525648,117.1284233879623,16.948876561721057,1.45
28043,Grenada County,Mississippi,1.094277084293916,1,0.388993575206713,0.36568027603047043,3,28043,0.044386486222024214,0.10872692821768642,0.12618466666909445,0.025971947932931897,0.40102716090180157,127.36860969857706,11.575297313555701,1.45
28045,Hancock County,Mississippi,0.6817629597992922,0,0.298991257579524,0.3827717022197683,0,28045,0.0344420077187053,0.09317506121509168,0.12785735785553737,0.0223289892018784,0.3769448036121816,137.64750633264146,6.433896910821473,1.0
28047,Harrison County,Mississippi,1.0134135992625182,1,0.30254956454014187,0.39635636598573276,3,28047,0.03724502102630722,0.09445790191072599,0.12107133622295788,0.022790903866256974,0.3791769610702839,145.81741287597623,1.860596323680257,1.45
28049,Hinds County,Mississippi,1.0897968030580627,1,0.3553430878889942,0.3962409142200145,3,28049,0.04287031435572616,0.10823675115925444,0.10830807655062863,0.02570403024947168,0.39946906153138567,145.74797942127827,1.876382821001412,1.45
28051,Holmes County,Mississippi,1.2352170384769767,1,0.495039679257332,0.3568341403819624,3,28051,0.06203636214837462,0.12968567498602693,0.12469234347912365,0.02976602300248134,0.4141583535421798,122.04848527274868,15.858485864946504,1.45
28053,Humphreys County,Mississippi,1.1682276362026998,1,0.48763224848918557,0.31804198337474543,3,28053,0.059754867159672403,0.12650976606502742,0.12801892278348118,0.0295909627638883,0.4125883296240495,98.71862574708442,24.079325974096346,1.45
28055,Issaquena County,Mississippi,0.8871265611276712,0,0.44106587203883263,0.17074554942852682,3,28055,0.0544738030280647,0.1211762131125931,0.128848547863333,0.0276338393143904,0.3970461652644251,10.133577177672494,32.1568651381259,1.45
28057,Itawamba County,Mississippi,0.9818627395831312,0,0.30841479998524485,0.3687319169686388,3,28057,0.034443849173684205,0.09484401334572368,0.12774753128165245,0.023252777874222818,0.3777055040130246,129.20388672112028,11.716296414476645,1.45
28059,Jackson County,Mississippi,1.0324342532063573,1,0.31734860546926014,0.3946750174316759,3,28059,0.03716027613973341,0.0964772518275177,0.12213578817771761,0.0233439282566938,0.38635267724965555,144.80623874682098,2.390403441293932,1.45
28061,Jasper County,Mississippi,1.088290191451442,1,0.3955010029696495,0.3550439566520346,3,28061,0.04708118210828008,0.11604827274645292,0.12762178404708818,0.025359915634394076,0.39301226869964134,120.9718569497458,15.635680833043198,1.45
28063,Jefferson County,Mississippi,1.1487185280436747,1,0.4772123176552831,0.31500735685759595,3,28063,0.0585322173650129,0.1301483905622276,0.12112540123975045,0.0295401707325804,0.41020156485586634,96.89358130975702,24.506485364328103,1.45
28065,Jefferson Davis County,Mississippi,1.1044220393400874,1,0.41952909584169856,0.34214127611698253,3,28065,0.05022785141603273,0.11800011648487277,0.13101906175333905,0.02584915973501943,0.3991573498887002,113.21209962737557,18.054217064910794,1.45
28067,Jones County,Mississippi,1.0548448700298132,1,0.33949249270705173,0.3879867280031643,3,28067,0.04091149202183473,0.10205114714014334,0.12205136768434265,0.023895672113361407,0.38863276237436634,140.78385729468542,4.725201331565332,1.45
28069,Kemper County,Mississippi,1.1158910183093718,1,0.44275160017895915,0.32682841244819394,3,28069,0.053645170792380195,0.12086209004049306,0.12571661950072138,0.027414455570123147,0.4078911648263774,104.00284224418796,22.88588911602732,1.45
28071,Lafayette County,Mississippi,0.8963088794110375,0,0.23207830583973812,0.3860657489264947,3,28071,0.027289803196852657,0.0787968369239525,0.09914423982250942,0.02322473808390567,0.382171762036747,139.62856778598126,5.603028076907499,1.45
28073,Lamar County,Mississippi,0.9428851144196271,0,0.262715425882116,0.3875501702693509,3,28073,0.03038147839682835,0.08519954890900731,0.11331467784153443,0.022992511983737012,0.37753608113268516,140.52130858921348,4.934675047024999,1.45
28075,Lauderdale County,Mississippi,1.1052599577682805,1,0.37336642884077853,0.38888181789596665,3,28075,0.04450626479691536,0.10931772596362731,0.12078826957437411,0.024967892763476773,0.39922358033445837,141.3221702701159,4.425163804832962,1.45
28077,Lawrence County,Mississippi,1.01987774183109,1,0.3598926317029334,0.343471328180577,3,28077,0.04160970581837736,0.10623225892705324,0.12844199738412387,0.0242061382405162,0.39020160785144703,114.01200172613504,18.2107780185106,1.45
28079,Leake County,Mississippi,1.0779342215154732,1,0.3789481683508678,0.36445474303911385,3,28079,0.04518235707291276,0.10911484036655139,0.12718193321898066,0.02545213209939208,0.39016706023397163,126.63156606042368,12.929212241352898,1.45
28081,Lee County,Mississippi,1.0417840050448464,1,0.3281062226484904,0.3903655049686451,3,28081,0.03512690382659624,0.09716805131027177,0.12369446994711471,0.02419468849667421,0.3928618543805982,142.21446947841184,3.9412122984386757,1.45
28083,Leflore County,Mississippi,1.1437022696776218,1,0.4165216020892314,0.3722385838953353,3,28083,0.051827639830109365,0.11707158414060886,0.1132229580501425,0.02811089670871279,0.4041350309016615,131.3128193795415,10.056035138466363,1.45
28085,Lincoln County,Mississippi,1.0683978697620178,1,0.3588322936318978,0.3779938234453559,3,28085,0.042386693154706764,0.10396858542064369,0.12291565046164554,0.0248935338437325,0.3939711722453664,134.77405847005014,8.156356501759843,1.45
28087,Lowndes County,Mississippi,1.036312722912277,1,0.32796842174916574,0.3867300078455082,3,28087,0.03765264062192339,0.0986510267457242,0.11394298568135332,0.023986218891091402,0.40124967819711654,140.0280574886645,5.26867168663764,1.45
28089,Madison County,Mississippi,0.985998586586287,0,0.2874197798358575,0.39257924539606465,3,28089,0.032230675168649095,0.09300244600183424,0.11710775646957537,0.021525006288826695,0.39312046445569654,143.54582759774442,3.143099651190244,1.45
28091,Marion County,Mississippi,1.0822249166875835,1,0.37801132841918206,0.36835068308949626,3,28091,0.04540901698451735,0.10865482863772769,0.1278158607734747,0.025810744851899717,0.3855821551568368,128.97461014737462,11.545381027942645,1.45
28093,Marshall County,Mississippi,1.0728464391040515,1,0.36177630997236254,0.37811778596146617,3,28093,0.04286150812922802,0.1082298347863681,0.11913052016463947,0.025124003429557916,0.3938371325316037,134.84861034626476,8.066438196268685,1.45
28095,Monroe County,Mississippi,1.0988136069010752,1,0.380376994905167,0.3774254926128159,3,28095,0.04266930998484895,0.10912777234327638,0.13103987182945248,0.024433104846731498,0.39946058397201584,134.4322605523732,8.318576730594337,1.45
28097,Montgomery County,Mississippi,1.0674822425988693,1,0.404092518370268,0.33210213169791775,3,28097,0.0478902810109557,0.11298013623392629,0.1335854510191013,0.024929700615172034,0.39870883884188624,107.17449184467183,20.801405543101144,1.45
28099,Neshoba County,Mississippi,1.07272709111358,1,0.3665800169946212,0.3732317699802616,3,28099,0.04527547134801418,0.10548856618610583,0.12315758518486712,0.025493589651101243,0.3880712134774462,131.91012805304123,10.306781536549485,1.45
28101,Newton County,Mississippi,1.0614291806430844,1,0.36575013779118254,0.366269986790255,3,28101,0.04269018389571846,0.10690905079299652,0.12779732429725302,0.02477326750579236,0.3895490248000838,127.723265645757,12.003697982975929,1.45
28103,Noxubee County,Mississippi,1.1341815662744672,1,0.4462517392157978,0.33594244442176574,3,28103,0.05463469602928903,0.1214459847015955,0.12285636289532927,0.028394416361581798,0.40541102699483256,109.48408128991272,19.76172680014424,1.45
28105,Oktibbeha County,Mississippi,0.9012517020725055,0,0.2367790696755634,0.3847738283054749,3,28105,0.029121343606844763,0.07715652910885182,0.09203291874512766,0.024859155411066675,0.383916059082911,138.8515981887224,5.911978452272908,1.45
28107,Panola County,Mississippi,1.0845097353815316,1,0.3712991284446722,0.37663862009431504,3,28107,0.043289497601391884,0.11065662863484446,0.12479168519135111,0.02595127798367475,0.3842458026154144,133.95903022084474,8.543666544770575,1.45
28109,Pearl River County,Mississippi,1.0132428016261703,1,0.31252935060954357,0.3862587884429876,3,28109,0.03569915383832178,0.097738936589125,0.12810490393130425,0.023251238237373566,0.3742294864959812,139.74466302662086,5.243382553732422,1.45
28111,Perry County,Mississippi,0.9995625683964787,1,0.34879338275757454,0.3405601126882729,3,28111,0.04021305495882686,0.1041649521073093,0.1310950091639239,0.0244030805913894,0.37912908811270446,112.26117749453184,18.99272099314244,1.45
28113,Pike County,Mississippi,1.1377104379773866,1,0.40437970839788007,0.3802481798623866,3,28113,0.04914859021403635,0.11427015403003823,0.12573450602337238,0.025664574570786636,0.4007712041030025,136.1298433138865,7.39858254733827,1.45
28115,Pontotoc County,Mississippi,1.0036109839394054,1,0.31611384330879855,0.37603166285630857,3,28115,0.03578505088898706,0.09528342065034409,0.12588658405967387,0.023563981896585637,0.3825889357808774,133.5940021277139,8.882092711813371,1.45
28117,Prentiss County,Mississippi,1.057338699933506,1,0.3594736762994293,0.3697254271029886,3,28117,0.04060748146635596,0.10529363087580569,0.13203413852925425,0.025223553738386476,0.38022398827027537,129.80139028008435,10.902482722815687,1.45
28119,Quitman County,Mississippi,1.1291429568731939,1,0.47986985371478813,0.2988494268874146,3,28119,0.05818027320059644,0.12674700879732106,0.12750663725318317,0.029219700051765767,0.41137288655650966,87.1760954695208,26.803507164630226,1.45
28121,Rankin County,Mississippi,0.9858808992057553,0,0.2850077208038551,0.3949101407173555,3,28121,0.030462761285474173,0.08681869269498622,0.12145766260882306,0.022285498665422978,0.39139623769620213,144.94764344429882,2.303809171609752,1.45
28123,Scott County,Mississippi,1.06407875058571,1,0.362083121819358,0.37176429237768355,3,28123,0.0462342101165359,0.10687192000161715,0.12407910876172222,0.025722665833872865,0.3757094037164945,131.02757732716034,10.370047471303344,1.45
28125,Sharkey County,Mississippi,1.0736881661054045,1,0.48090255342583493,0.2595720438882371,3,28125,0.0598524755736831,0.12859308554539173,0.12870070911347764,0.028602568748308202,0.40850690381711185,63.55441782638154,31.888347732321183,1.45
28127,Simpson County,Mississippi,1.050228474271172,1,0.3542250520017117,0.3700704474956484,3,28127,0.04079138962265378,0.10555828494005316,0.12496865860796388,0.02489339899584932,0.3873434502538853,130.00888782379516,10.9916447425,1.45
28129,Smith County,Mississippi,1.0256885647461285,1,0.35526629666693993,0.35210512729590737,3,28129,0.04093284279344393,0.1054345967134212,0.1291162370341914,0.02394663016085237,0.38899004646221025,119.20442555799332,14.902987620218202,1.45
28131,Stone County,Mississippi,0.9918198343739207,0,0.3232377926370421,0.3607758862415239,3,28131,0.03710407361713407,0.0974805342577407,0.12345255498479897,0.024564832341008133,0.3799710071783535,124.41907727598098,13.885936355145311,1.45
28133,Sunflower County,Mississippi,1.1130373022175257,1,0.39737192861417375,0.3702400039496371,3,28133,0.0469034308933242,0.11531886521651429,0.11525545228656894,0.027629418439771413,0.39865838607924636,130.11086019549109,11.015937669238077,1.45
28135,Tallahatchie County,Mississippi,1.0976291278685983,1,0.41277853648904544,0.3442070689375742,3,28135,0.05059799195251723,0.11759789685243208,0.12648831903687402,0.0267847522302428,0.39162935742964144,114.45448107846536,18.470537444015804,1.45
28137,Tate County,Mississippi,1.0471812467192874,1,0.35017291599947875,0.3720210472552023,3,28137,0.03695676568485808,0.10154737480680368,0.1285383816755729,0.025019600628711062,0.3916935562701526,131.18199140689114,10.342812509652338,1.45
28139,Tippah County,Mississippi,1.038245048431222,1,0.3500926558406921,0.3659384120429093,3,28139,0.041219271384651576,0.10245648502268136,0.1292466489392229,0.024124460197492724,0.38561858936719945,127.52385440197402,12.21505599354966,1.45
28141,Tishomingo County,Mississippi,1.0557950916034724,1,0.3664740707940804,0.3616604751393488,3,28141,0.04061515981705615,0.10567958196962446,0.1397692027540614,0.0235647513905356,0.3876003590398893,124.95107488365144,12.832402111458531,1.45
28143,Tunica County,Mississippi,1.043908886694489,1,0.3882709550529347,0.331666208184644,3,28143,0.043979019005022046,0.1085675163456035,0.11689216392348631,0.02671246078900035,0.4104066551875669,106.91232456362276,20.41884870462972,1.45
28145,Union County,Mississippi,1.0010865219421403,1,0.31706419739639524,0.37334030049473593,3,28145,0.03577134261633805,0.09835913462947192,0.12347766822424454,0.023266582430803515,0.3851143422866304,131.9753990215121,10.095596299244864,1.45
28147,Walthall County,Mississippi,1.1025239823224102,1,0.413300429312091,0.3470609378068127,3,28147,0.04950212987496323,0.11657227764580767,0.13280803732563937,0.025433297555051932,0.3967252257637546,116.17081667206523,17.085766856827302,1.45
28149,Warren County,Mississippi,1.1185520851043897,1,0.3892094664737431,0.38220576463273254,3,28149,0.04484665170876437,0.11095913278584953,0.12716018585319416,0.025302224753584016,0.4003946984717152,137.30714772862305,6.638494203658572,1.45
28151,Washington County,Mississippi,1.2151280408418357,1,0.4557151359983977,0.38230420251321307,3,28151,0.0537785094055754,0.12052013952218706,0.1257073332716166,0.029075444442636586,0.40934199846172886,137.36634892032754,6.470776229025663,1.45
28153,Wayne County,Mississippi,1.0427982555868742,1,0.3570375673876705,0.3621336433618979,3,28153,0.042452232733290976,0.10540107605865849,0.12354468365792384,0.02464989586284665,0.39063702664874106,125.2356413789362,13.3495995857642,1.45
28155,Webster County,Mississippi,0.6961774774672288,0,0.3612309888931323,0.3349464885740965,0,28155,0.042491554471292,0.10683203089621521,0.1290961194495209,0.0245264648045234,0.3851518981495938,108.88510686279938,20.11989679375621,1.0
28157,Wilkinson County,Mississippi,1.1098334093196778,1,0.4449651159224236,0.32043723533252655,3,28157,0.054264095632227546,0.12459552481595815,0.12798303818278164,0.0271962642039232,0.40133857648866833,100.1591461000313,24.82183897941776,1.45
28159,Winston County,Mississippi,1.1153861660401305,1,0.4098800567600338,0.35935178188833206,3,28159,0.047096309617276164,0.11439458058574298,0.1320092351493526,0.02522499472536634,0.40495390826638483,123.56261150884995,13.61462107922859,1.45
28161,Yalobusha County,Mississippi,1.0523725506302368,1,0.3806229178126878,0.34515125503575145,3,28161,0.0444319284013116,0.11269658255869329,0.12747561532763607,0.02440529169706877,0.3959606551185116,115.02232083618914,17.83975030972224,1.45
28163,Yazoo County,Mississippi,1.105172614692708,1,0.39170228398300266,0.3704857261498995,3,28163,0.04876150924127598,0.11342197868454254,0.12316506139065415,0.026514410369891033,0.38698077125296043,130.25863915022654,10.755537894568734,1.45
29001,Adair County,Missouri,0.8420888568552863,0,0.21940358092260784,0.3613473548396586,3,29001,0.026701205433536043,0.06603298751832545,0.09740517316930179,0.026589006212450143,0.3661256818681304,124.76276226661786,13.5409550676661,1.45
29003,Andrew County,Missouri,0.6838847160089603,0,0.24805983418948144,0.34662252755744055,1,29003,0.03049113390879675,0.07784506309199443,0.11973122370184397,0.022294338122905374,0.36774008491289417,115.9071538514966,17.892595879455243,1.15
29005,Atchison County,Missouri,0.8129240398935288,0,0.2924790685203456,0.2681582003717433,3,29005,0.035363375916884696,0.0877611933273042,0.12580054537459195,0.022165070552734797,0.3802284629365744,68.71818906468374,30.4081519414459,1.45
29007,Audrain County,Missouri,0.9495652498885251,0,0.2948545482015476,0.36001803792846976,3,29007,0.0353031798224844,0.08327987011151795,0.12080535298760654,0.024574047907924584,0.379083386881283,123.96330229337237,13.43916664304583,1.45
29009,Barry County,Missouri,0.9712702893422362,0,0.3005848143860346,0.36925676447068,3,29009,0.03991650627774416,0.0869303251806595,0.12359778649281232,0.0240018980760246,0.3685977751046354,129.5195334765389,10.82312731384584,1.45
29011,Barton County,Missouri,0.9016401611304591,0,0.29630275651662963,0.32551804426299735,3,29011,0.0361448017219752,0.08631210321640184,0.12351043653305117,0.0237834563271109,0.3758692345855339,103.21477815994926,21.606525676781505,1.45
29013,Bates County,Missouri,0.9035267075319053,0,0.2825084527160811,0.34061341454730193,3,29013,0.03641101415441035,0.08324385552481695,0.12472547309616998,0.022969507631311677,0.3692925258613617,112.29323358471966,18.694265636209604,1.45
29015,Benton County,Missouri,1.0518541099751948,1,0.3730806355350494,0.3523359920340505,3,29015,0.044930840451400646,0.09929327222758141,0.14182886911848808,0.0235635740028341,0.39044526328026374,119.34326913684633,15.67792978791163,1.45
29017,Bollinger County,Missouri,0.8941539529834204,0,0.29601321711519113,0.32064468149406433,3,29017,0.0380733328554865,0.086659207187962,0.12092160684449017,0.02437670897912053,0.36992238100475006,100.2839055921862,22.384885329720547,1.45
29019,Boone County,Missouri,0.8273151552364431,0,0.1767475517149414,0.3938146243101918,3,29019,0.023396039595891316,0.06201857563313083,0.09174442236010337,0.024557434422597724,0.35875145192821883,144.28879263890445,2.64592753713284,1.45
29021,Buchanan County,Missouri,0.924386352656238,0,0.2499632994422373,0.387544529975858,3,29021,0.031852301476447104,0.07719620501482809,0.11169890643794733,0.023813045530890472,0.36848571232906063,140.51791647944117,4.785735724943826,1.45
29023,Butler County,Missouri,1.0152313426062527,1,0.325446424818659,0.37471312180634286,3,29023,0.04123232566226518,0.0895523824571377,0.12381648723293108,0.02605801043266842,0.3721612424769193,132.80102282860457,9.17130198577455,1.45
29025,Caldwell County,Missouri,0.8624627833652815,0,0.28881531120830894,0.3059866083539542,3,29025,0.03779722656773785,0.08353241840187145,0.1248689785480383,0.023534494697297452,0.3677364485951121,91.46844355917628,25.7942970283418,1.45
29027,Callaway County,Missouri,0.7047092519093573,0,0.2362072677909042,0.3765833860433196,1,29027,0.028209340949547988,0.07459209178507616,0.1139055601052456,0.023494205307634887,0.3654248292123014,133.9258120976422,8.782432854411509,1.15
29029,Camden County,Missouri,0.9854675652132414,0,0.30382888693625393,0.37580391665908497,3,29029,0.037292145790977914,0.08367347749422352,0.1326328292159703,0.022266502281485384,0.3822747514841358,133.45703405997426,8.726316490821866,1.45
29031,Cape Girardeau County,Missouri,0.901021139784614,0,0.234179684091996,0.3872142054146343,3,29031,0.030318349268180656,0.07414643536057107,0.10648615621985748,0.024381335246999095,0.3636885806615155,140.31925710585202,4.853650143314804,1.45
29033,Carroll County,Missouri,0.8569007048400767,0,0.2874675921748271,0.30349841116315684,3,29033,0.03657447395771223,0.08711377590503527,0.12335406670753585,0.0229999277146435,0.37038636505559824,89.9720253290001,26.212119245086424,1.45
29035,Carter County,Missouri,0.7926232334665143,0,0.2760504714839315,0.27058624125159564,3,29035,0.0352409955391374,0.08190393051482506,0.12261781140469026,0.0235770887695761,0.3658938887391497,70.17842889200209,29.050134611672654,1.45
29037,Cass County,Missouri,0.6016670844375185,0,0.21176143271748926,0.3899056517200292,0,29037,0.028240572447383875,0.06839994816368458,0.10894335604956508,0.022416330905944935,0.36432840523449145,141.9379106964232,3.990386413021932,1.0
29039,Cedar County,Missouri,0.9789244387450261,0,0.3389380215285251,0.3361822810542516,3,29039,0.04207778120967883,0.09383972045005116,0.13304347374469686,0.0240084336852825,0.3793030175833863,109.6283206253011,20.2080848411068,1.45
29041,Chariton County,Missouri,0.8780163483313077,0,0.31010796811961067,0.29542054797094636,3,29041,0.03779848854032077,0.08852827136632099,0.13011158371683018,0.022523204346020533,0.3825736840623793,85.1139450343997,27.72656229693956,1.45
29043,Christian County,Missouri,0.8668746471348272,0,0.20955664438215638,0.388287939848759,3,29043,0.02718408667823216,0.06738101115273232,0.11052850016709896,0.02262121876891619,0.3620021614244872,140.96500808874626,4.359989192928987,1.45
29045,Clark County,Missouri,0.8538850073571707,0,0.30053830983773777,0.2883479021327248,3,29045,0.036930945598550605,0.0869531605083459,0.12747460296139448,0.023825732213008502,0.37101621803777723,80.86040909800452,27.78370295236595,1.45
29047,Clay County,Missouri,0.5991908570035698,0,0.20357665962900195,0.3956141973745679,0,29047,0.027091205427210364,0.0668243457478702,0.10326442529401075,0.0229428956797714,0.3655890432289448,145.3710677696803,1.9316676024352064,1.0
29049,Clinton County,Missouri,0.6969957102108194,0,0.25295327062239326,0.35312995564788446,1,29049,0.030738364729545425,0.07497502341377177,0.12004247615888528,0.02213196039383105,0.37736787981871717,119.8207640999593,15.82075941723939,1.15
29051,Cole County,Missouri,0.8841099851046129,0,0.22381242304836538,0.3859186011617125,3,29051,0.02862991881808782,0.07175843668309623,0.11066020411185973,0.022433019499942426,0.36848407399709315,139.54007214802937,5.345308540083503,1.45
29053,Cooper County,Missouri,0.5829527617075542,0,0.2386350017401447,0.34431775996740943,0,29053,0.030927854475617557,0.07496087773061512,0.1123653100777568,0.02278811933915338,0.3686587774968287,114.52105139514887,16.872107828209803,1.0
29055,Crawford County,Missouri,0.9467226027563903,0,0.29769643393297135,0.355215705899022,3,29055,0.03759399675381115,0.08350821780322894,0.12607281767822245,0.02444006895328445,0.36900209750794194,121.07514808163904,15.397623856505893,1.45
29057,Dade County,Missouri,0.9367457709634712,0,0.34504965400519577,0.30098191217650855,3,29057,0.0436073342366438,0.09405837873410919,0.13130066365560678,0.02455711969746025,0.3803716415260242,88.45858621180798,25.413453295950397,1.45
29059,Dallas County,Missouri,0.946565762985791,0,0.30760494574900854,0.3451990287239508,3,29059,0.038122176799711964,0.08771862061484009,0.127086679351948,0.0244481260486189,0.3704353687168643,115.05105224791512,17.607207844509453,1.45
29061,Daviess County,Missouri,0.7013857651495551,0,0.3049300119075479,0.3049706534398914,1,29061,0.0374736062764183,0.08555463498616085,0.13005951035676144,0.0237192364251188,0.37322875423010554,90.85744156139911,25.020648240782528,1.15
29063,DeKalb County,Missouri,0.6441293041275442,0,0.2379854288697661,0.3221270095020115,1,29063,0.0315406814406964,0.07706175180189265,0.11762835414882156,0.02158805547823545,0.3642378853941682,101.1753874499734,22.71966946484336,1.15
29065,Dent County,Missouri,0.9507597888011035,0,0.3170783407864837,0.3386180652832429,3,29065,0.04033891140578775,0.08916370919786958,0.12551575277733773,0.024845909010547423,0.3724942019607741,111.09321735395228,18.6242191069874,1.45
29067,Douglas County,Missouri,0.9754608706017766,0,0.34879906378204756,0.3239325711157294,3,29067,0.043384012691320833,0.0960820003222206,0.1334550045754825,0.0251327157455888,0.3741834679397871,102.26126413389,22.508209918633412,1.45
29069,Dunklin County,Missouri,1.0208946450722336,1,0.3410636046670683,0.363001667796541,3,29069,0.04320244515848991,0.09188192796736906,0.12800893382110515,0.026156677215698903,0.37332429492394703,125.757677009007,12.352806553790066,1.45
29071,Franklin County,Missouri,0.9196695029034346,0,0.24499977847651946,0.3892550511120561,3,29071,0.031110285461453495,0.07376983703931521,0.11932859461678243,0.02270379286626654,0.3665229900985737,141.5466351922407,4.366242053316445,1.45
29073,Gasconade County,Missouri,0.9021831206510651,0,0.28370899898311847,0.3384862566383057,3,29073,0.034579295601375556,0.08266293689473486,0.12607680882661135,0.02234092755529634,0.3785309166707887,111.01394676402147,19.927248061676444,1.45
29075,Gentry County,Missouri,0.6422352995570326,0,0.2791063795738174,0.2793590983018631,1,29075,0.035452432074825,0.08448385262371799,0.12301561228071535,0.0227243268714764,0.3706803202581997,75.45448308469359,28.68321499599582,1.15
29077,Greene County,Missouri,0.922999811031127,0,0.24015418002241817,0.3963974137921522,3,29077,0.03027197557098439,0.07261037820412167,0.11037074075277893,0.023734071705285412,0.37129469176091623,145.84209929796157,1.831057106323529,1.45
29079,Grundy County,Missouri,0.8788804096621609,0,0.2916992889001537,0.3144251315565091,3,29079,0.03633479610346507,0.0827718358182265,0.1257362555690417,0.023671344893889026,0.37309344407221434,96.54342716689465,24.143274073939484,1.45
29081,Harrison County,Missouri,0.8983721610319253,0,0.31678193513781877,0.3027850724704056,3,29081,0.038910872319302535,0.08891476123957016,0.13121033679478197,0.02350106375192907,0.3772988406989605,89.5430187261187,26.5533520866438,1.45
29083,Henry County,Missouri,0.9744928926760794,0,0.3156414857466987,0.35642257816783884,3,29083,0.03886009349689335,0.08624422861286309,0.12930373371162363,0.024144520313355164,0.3782568033283896,121.80096903796476,14.732940557624914,1.45
29085,Hickory County,Missouri,0.9908084107868713,0,0.37851727317356443,0.30479887219669166,3,29085,0.046622947950901335,0.10060588080617873,0.14280697806519918,0.023283663971505032,0.39080825236024264,90.75413118677244,26.308777833387325,1.45
29087,Holt County,Missouri,0.8034292007820775,0,0.3020797835064281,0.2520093204812116,3,29087,0.0364960373682321,0.0876715708352423,0.12904775251118808,0.0226817450192162,0.3788758641722191,59.00614600214307,31.263519941425905,1.45
29089,Howard County,Missouri,0.8293241552780561,0,0.2546935374825305,0.3172541558126806,3,29089,0.03258052212629667,0.07680776843254003,0.11461644207820676,0.023445484686077902,0.37057613325036487,98.24482104604655,23.331574539441288,1.45
29091,Howell County,Missouri,0.9710843585586754,0,0.2951302295236386,0.37458312120648235,3,29091,0.03780874234537309,0.08521966857933519,0.12020323369812655,0.024516939737965975,0.3718108878540065,132.72283960892867,9.271248144735836,1.45
29093,Iron County,Missouri,0.9084857860338575,0,0.3129288295112851,0.3136130918913754,3,29093,0.03859760986898135,0.08773990380247611,0.12714967219708173,0.024581569429831075,0.3738329932621913,96.05506114710067,24.16290123265301,1.45
29095,Jackson County,Missouri,0.9548719419265016,0,0.2600143228374556,0.3985180509049593,3,29095,0.03618868234696293,0.0763103825741491,0.10883743437515593,0.024629021406604678,0.3683226342769223,147.11746446874844,1.247226710895806,1.45
29097,Jasper County,Missouri,0.9087045820628233,0,0.2355646140610736,0.3911282011546666,3,29097,0.032810456163597644,0.07429043368090851,0.11094062463473128,0.023346927797502175,0.3597947511450149,142.67316000385316,3.6453134539739263,1.45
29099,Jefferson County,Missouri,0.8862019616241809,0,0.21605807873536798,0.39511568790199814,3,29099,0.028723403536660235,0.06508176664957491,0.11319248411275289,0.023144542008808933,0.36048403931945244,145.0712608792024,2.234642962907178,1.45
29101,Johnson County,Missouri,0.7068169556130175,0,0.1630420272233964,0.38066332324815544,2,29101,0.023907919952519924,0.06032858685052117,0.09017760262179418,0.023552284400698845,0.35544112583588133,136.3795132889589,7.208433410806252,1.3
29103,Knox County,Missouri,0.8133492475349143,0,0.3234767021770919,0.2374538133642283,3,29103,0.0398496245335498,0.09116548174813449,0.13130402036040617,0.0238224205556157,0.37626442513947667,50.25236785309991,31.929610930807776,1.45
29105,Laclede County,Missouri,0.9334732466642042,0,0.27294487819307955,0.3708297746787854,3,29105,0.0341723285315641,0.08062623759152542,0.1207497385453769,0.0243583770593703,0.3640484655797047,130.46555220864258,10.487310519702753,1.45
29107,Lafayette County,Missouri,0.9152537500817495,0,0.26254745811904057,0.3686620246959591,3,29107,0.03375977302323687,0.07992337080390205,0.12224293525103676,0.022667488000931484,0.36546854608112206,129.16185304654934,11.047211353041032,1.45
29109,Lawrence County,Missouri,0.9607435987374696,0,0.2887316685466899,0.37385012368604786,3,29109,0.036918555302463386,0.08346812435497196,0.12550679201189197,0.02413572823004329,0.36430873064704966,132.28201005719183,9.30598196029952,1.45
29111,Lewis County,Missouri,0.8633066315608161,0,0.27966470956826756,0.315719174266778,3,29111,0.0347448462611787,0.08436331719639617,0.12014456504986383,0.02375563440670205,0.36983711941050634,97.32167300264868,23.10661035431765,1.45
29113,Lincoln County,Missouri,0.8697736242739688,0,0.21709212038091685,0.3827517584287167,3,29113,0.029624247856347746,0.0697615625937477,0.11047163462999016,0.023526391719978498,0.3538399887379456,137.6355120049335,6.574378307412466,1.45
29115,Linn County,Missouri,0.8877254967939244,0,0.28678755798104216,0.3254369225664919,3,29115,0.03588859178711598,0.08444931620982972,0.12362941056544381,0.02287679539802242,0.3757695660613431,103.1659910356962,22.13977921733884,1.45
29117,Livingston County,Missouri,0.910295548425102,0,0.2915520118430607,0.3362380215535614,3,29117,0.03551829570817458,0.08338106071068309,0.12286979861872693,0.02430881533727232,0.37366177788308774,109.66184332986604,20.032210333960528,1.45
29119,McDonald County,Missouri,0.9520629342171582,0,0.2991943106397323,0.3574008164065836,3,29119,0.038622836856338875,0.08475763875200687,0.12176774283463132,0.0254549825285371,0.3652973049872379,122.38928797800985,14.454949925804454,1.45
29121,Macon County,Missouri,0.9235350225407304,0,0.2974612441266724,0.3394594610738313,3,29121,0.035761530909334226,0.0850958711722967,0.12776363735301494,0.02285804179594956,0.38020277083154896,111.59923834155197,18.18268507080597,1.45
29123,Madison County,Missouri,0.8802737718250767,0,0.2781060119312032,0.3289793479481601,3,29123,0.034581115332187266,0.0823340348779081,0.1221642220516189,0.023371506212947365,0.3713250865341596,105.29642906519508,21.37276321277527,1.45
29125,Maries County,Missouri,0.8626768862590795,0,0.29244510660625367,0.3025044701241459,3,29125,0.036161550728851834,0.08451149186678877,0.12652338335287552,0.02365754374092193,0.3706075521402223,89.37426262112581,26.74744434236082,1.45
29127,Marion County,Missouri,0.9395109544943802,0,0.2828120181578695,0.36512657114859964,3,29127,0.03449986289898604,0.0812543946195056,0.11859634600124787,0.024263569449910437,0.3769672889625732,127.03560792426696,12.369091943455436,1.45
29129,Mercer County,Missouri,0.7556421834706166,0,0.28910004114717536,0.23203249917738789,3,29129,0.0358050217059344,0.0840319459350862,0.12852962755302122,0.0222611764838658,0.3760633039358278,46.99195368226773,32.15950385022782,1.45
29131,Miller County,Missouri,0.9146642011371006,0,0.26973256708675764,0.3610703302491738,3,29131,0.03452273763703754,0.07913266911882916,0.11683635552965876,0.023717802994039458,0.37296581886959324,124.5961578475864,13.056480369976017,1.45
29133,Mississippi County,Missouri,0.9532503178120814,0,0.3323904163531382,0.32502359593105584,3,29133,0.04353718104823873,0.0915345762264043,0.11777949272919885,0.026358916564466324,0.3782349946817927,102.9174136662773,21.86682063328523,1.45
29135,Moniteau County,Missouri,0.8050252462565415,0,0.213766233524152,0.34142359148035945,3,29135,0.0301723623950512,0.07366695876876637,0.11287044757743438,0.022294486144688427,0.3487690649158178,112.78047934513582,18.225692028412308,1.45
29137,Monroe County,Missouri,0.868234601821394,0,0.2930100367955027,0.30577244721925184,3,29137,0.03643178643023167,0.08881880495874221,0.12312039120509957,0.0233221503456035,0.37205431915067605,91.33964563779402,25.14276995243451,1.45
29139,Montgomery County,Missouri,0.9322392022549492,0,0.31570426259862516,0.3272193251634088,3,29139,0.039050115696274125,0.08831973564531378,0.12805411836266903,0.024077500930575174,0.3772561062968019,104.23793973389604,21.18629388619315,1.45
29141,Morgan County,Missouri,1.0158535936813953,1,0.34504974866971055,0.3555389366278034,3,29141,0.043703276294769486,0.0929032718692639,0.1370208611818354,0.02474689519230544,0.37145207752780407,121.26954117752808,14.68170314085304,1.45
29143,New Madrid County,Missouri,0.9850121481784999,0,0.340245352787436,0.3390733700942882,3,29143,0.042144552933519715,0.09315187625044347,0.1304871075151356,0.025123035979962682,0.37709907147655286,111.36704067553428,19.750696721352995,1.45
29145,Newton County,Missouri,0.93626045932581,0,0.2637761214208415,0.38192074707971707,3,29145,0.03413510505069249,0.07783174889979516,0.11763721111511602,0.02334907901520768,0.3710069436264305,137.13573628911578,6.880991346736301,1.45
29147,Nodaway County,Missouri,0.8312191831231697,0,0.2195585885406629,0.353696020509799,3,29147,0.02866191309532416,0.07163391824448294,0.10607600605185129,0.022846868406501943,0.36807851983571255,120.1611992479307,15.040086295352886,1.45
29149,Oregon County,Missouri,0.9775395881607638,0,0.36860076647134576,0.3055644667429741,3,29149,0.0457008155896464,0.09646504385266846,0.13570931254384438,0.0256706781365473,0.3815626506606546,91.21456480522424,26.27206795047992,1.45
29151,Osage County,Missouri,0.5616691278094343,0,0.2289270866708608,0.33274204113857353,0,29151,0.029055094321151075,0.07406525337695735,0.11562642933547394,0.021571701318787773,0.3682700637010536,107.55933761019264,20.536856000931397,1.0
29153,Ozark County,Missouri,1.0238658404131706,1,0.3988057380910328,0.3073086346077057,3,29153,0.0492579061027638,0.1018023590281332,0.14046194272690832,0.0256332427635382,0.3901819688065983,92.26351888286923,24.447008181192004,1.45
29155,Pemiscot County,Missouri,1.016715593308859,1,0.3635383023228999,0.33764486547631317,3,29155,0.045815366353550296,0.09271125603415026,0.12661115504575446,0.027616292103860136,0.3809054127614226,110.50792856008992,19.53424397622624,1.45
29157,Perry County,Missouri,0.8694623733272722,0,0.25003564698370156,0.34959357600062413,3,29157,0.03154248790513608,0.07879831629049988,0.11559319830489798,0.02286394329045632,0.36804912265795514,117.69396201507776,15.899099704980948,1.45
29159,Pettis County,Missouri,0.9570115877404199,0,0.2835609204510416,0.37644707109407566,3,29159,0.0344484495754528,0.08175189242911313,0.11930661772122834,0.024339120768456454,0.37547049181493336,133.8438313865279,8.566072472573877,1.45
29161,Phelps County,Missouri,0.8845103467478875,0,0.2330681757328018,0.3769389599553965,3,29161,0.03052305232823317,0.07274840368135173,0.1092398016769586,0.02404143240074378,0.3623423497108618,134.13965659765807,8.284466629305909,1.45
29163,Pike County,Missouri,0.8807844712002465,0,0.2619390436656785,0.345498522679319,3,29163,0.03538118172824838,0.08242065041851956,0.11483770243879833,0.0232999955060199,0.36398519341508295,115.2311698914436,17.897077740551467,1.45
29165,Platte County,Missouri,0.5846581403059488,0,0.19487388476097828,0.3897842555449704,0,29165,0.02522899125402195,0.06488648159169895,0.10743948816153398,0.021425757746663963,0.368644366937921,141.86490223467283,3.9534185124014285,1.0
29167,Polk County,Missouri,0.9273135770904263,0,0.2695021325215949,0.3700244723683543,3,29167,0.034782659965275624,0.07945638856678147,0.11931742622001243,0.024033504635614125,0.3653288806794738,129.98123807848077,10.305571789033442,1.45
29169,Pulaski County,Missouri,0.7623215480728066,0,0.1455176158983207,0.38022138277258044,3,29169,0.022370512298318712,0.05953508191266644,0.0860279734657522,0.023028755769530333,0.3520741446364325,136.11372736702748,7.405377076779194,1.45
29171,Putnam County,Missouri,0.8287353193265,0,0.3136120788631143,0.257929520672403,3,29171,0.038769144646584944,0.0895301523639406,0.1276572280796085,0.023001165944222697,0.3826999157874247,62.5665935121542,30.841286903987424,1.45
29173,Ralls County,Missouri,0.8562392670056914,0,0.2691945644472341,0.3213152748670358,3,29173,0.034617611417909734,0.08096545105724187,0.12127695820324948,0.0225407814119671,0.37142915543833366,100.68720487733177,22.344222620083038,1.45
29175,Randolph County,Missouri,0.9121059934634497,0,0.2690692482847665,0.3599693678969229,3,29175,0.03512818333782772,0.07995004805872065,0.11559194135517457,0.0236003374117004,0.372419427278122,123.93403181483501,13.86860944060374,1.45
29177,Ray County,Missouri,0.6900050616930253,0,0.24329240917048686,0.3567119923017092,1,29177,0.031166081040440573,0.07603877132900742,0.11945227764167168,0.02298451092734185,0.35887832083432014,121.97502461024656,14.486310676935169,1.15
29179,Reynolds County,Missouri,0.8605841804290859,0,0.31372177770700105,0.27978455362340304,3,29179,0.040162937351383404,0.08981327720617746,0.12883888440208308,0.0239510418304618,0.3699595322341513,75.7103547260701,29.168427779397227,1.45
29181,Ripley County,Missouri,0.9582813409461401,0,0.34081480732451414,0.32006887608661705,3,29181,0.04373353349656675,0.09159352229199172,0.131603632840966,0.026217916511920375,0.36610479591413614,99.93761241577523,22.94952282481506,1.45
29183,St. Charles County,Missouri,0.5798066252690397,0,0.1825524223550619,0.3972542029139778,0,29183,0.02298299347986555,0.06219857242351764,0.10817737136967612,0.020864380127401588,0.36799719673388975,146.3573779366717,1.5816121897111248,1.0
29185,St. Clair County,Missouri,0.9392441345829902,0,0.3342059368688799,0.3135486387055961,3,29185,0.0421957728149982,0.09379095966001713,0.1311894788609857,0.0238133571180751,0.378413043193332,96.01629857532794,24.57330950164171,1.45
29186,Ste. Genevieve County,Missouri,0.8994884420237451,0,0.27123240582379393,0.3491044507443062,3,29186,0.033328327484076374,0.07997112939089597,0.1246727886801587,0.022499963553140448,0.37319734174580765,117.39979885425558,16.412861867003894,1.45
29187,St. Francois County,Missouri,0.9153092736250127,0,0.24709326754130234,0.3841545073724995,3,29187,0.032480177517448354,0.0804879096310785,0.11495532512674903,0.023428457268085474,0.35684252387686116,138.47913448774975,6.084749296841124,1.45
29189,St. Louis County,Missouri,0.929019668371288,0,0.24186187823818164,0.39884134132822385,3,29189,0.02859535407949901,0.07753730723886655,0.1040546139824371,0.023051343614870164,0.38496201704352456,147.31189346529408,1.148865967923506,1.45
29195,Saline County,Missouri,0.9275573910769753,0,0.2829442534337624,0.3567504990331172,3,29195,0.034966136739664984,0.08209875784065336,0.12051605197477801,0.024023035215577613,0.37354877710246226,121.99818281293103,14.834163154084912,1.45
29197,Schuyler County,Missouri,0.7910874497361147,0,0.30223417044826023,0.24334338109388778,3,29197,0.03769870425964335,0.0873611704578576,0.1249551952219518,0.023683114358512898,0.3753925614542135,53.794392798355695,33.281750046871274,1.45
29199,Scotland County,Missouri,0.5674708784059422,0,0.3084407893350259,0.25903008907091635,0,29199,0.0382219178331202,0.08696573588551715,0.1249084286124955,0.02479747734858645,0.3729607683306919,63.22848261852495,30.512827405613955,1.0
29201,Scott County,Missouri,0.9678211848542568,0,0.295369824750835,0.3720930613555491,3,29201,0.03765412712458302,0.08404611804688927,0.11786257132964545,0.024518449076214043,0.3778327230866385,131.22530116264008,9.829341066602028,1.45
29203,Shannon County,Missouri,0.9151587569700222,0,0.33658639072324087,0.29455757960091244,3,29203,0.0431832858578879,0.09185169651776215,0.1301660834822927,0.025476267701006097,0.37041541369918796,84.59495015499056,26.569265721072963,1.45
29205,Shelby County,Missouri,0.8336643804532217,0,0.2941885897502121,0.2807523622864924,3,29205,0.03672494796261153,0.08572205307411197,0.12586744328139002,0.0230475375991731,0.3749721216543358,76.29240125040738,29.187915024872,1.45
29207,Stoddard County,Missouri,0.9852992017015206,0,0.3151719514393241,0.3643447393893109,3,29207,0.0397630566342837,0.08876799116205746,0.12853052036765494,0.02452802738355306,0.37012960443829823,126.56540913863314,12.187118846800471,1.45
29209,Stone County,Missouri,1.0348899299997771,1,0.34588280800303933,0.36783438510025535,3,29209,0.04155479730257493,0.09345815210004844,0.1383471229555605,0.02346984092823825,0.3843455525549282,128.6641051254411,11.473773100240956,1.45
29211,Sullivan County,Missouri,0.8099674914565694,0,0.2816828787230197,0.2769153912470282,3,29211,0.037452737288914066,0.08412782434499227,0.12112021553566438,0.0225276216804265,0.37357614158073793,73.98482151623355,29.57427112539003,1.45
29213,Taney County,Missouri,0.9505045815913152,0,0.2743008068271892,0.3812195942702696,3,29213,0.03568650244212756,0.08131881391018497,0.12471766424413243,0.02341279653575186,0.3617688351077893,136.71405835696595,7.305208087779318,1.45
29215,Texas County,Missouri,0.9907814591583552,0,0.32231457658148926,0.3609829814587558,3,29215,0.04200395899133433,0.0904072712755518,0.12571150165374212,0.025188768917969024,0.36930814371313525,124.54362570791164,13.418327070834415,1.45
29217,Vernon County,Missouri,0.9257983673874315,0,0.28760359510728906,0.3508780375736981,3,29217,0.03633877565789313,0.08291805437658524,0.12129368786673893,0.024181923981493016,0.37156799905334803,118.46644569161975,16.052408843567587,1.45
29219,Warren County,Missouri,0.9152876375644756,0,0.26027195575259654,0.37096089774014535,3,29219,0.032864135227149996,0.0770421776563703,0.1183712959483264,0.02317137037920066,0.3717084015999398,130.54441048408043,10.07459853156996,1.45
29221,Washington County,Missouri,0.9376414905898465,0,0.28864477426125235,0.35800452959381424,3,29221,0.03619561853598244,0.08600856460537379,0.12111224447129773,0.02505329859568274,0.36212216294016963,122.75236507757052,14.680499746643147,1.45
29223,Wayne County,Missouri,0.9864759224678223,0,0.3616586652961201,0.31866955709548145,3,29223,0.045657619821754,0.09603844986967247,0.13427768993931552,0.026037670504708225,0.3743313405476855,99.09605272914284,22.35196105532925,1.45
29225,Webster County,Missouri,0.9412984322494862,0,0.2748093865890277,0.3743619459968249,3,29225,0.03488531964835188,0.08057183164810458,0.12074995752752433,0.024412945635578175,0.36398036343489804,132.5898233765261,9.326425838525497,1.45
29227,Worth County,Missouri,0.5528952911254881,0,0.3015640006762648,0.17921451334589877,1,29227,0.0370090223035592,0.0867025274090996,0.1291076348946085,0.0221936721553961,0.3821271430383323,15.226868032405028,31.92607581542237,1.15
29229,Wright County,Missouri,0.9853658064172529,0,0.32975606347870556,0.34980656163664126,3,29229,0.04213494377656235,0.09038214401899936,0.12813421008598358,0.025699413983513275,0.36931532248891896,117.8220529837841,16.8890383360661,1.45
29510,St. Louis city,Missouri,0.9964129539385621,0,0.29113275033402036,0.3960485972098156,3,29510,0.03951363061660796,0.08406070716340841,0.09561399388864758,0.027074943983798245,0.3842040522232616,145.63231870069754,1.798272098325422,1.45
30001,Beaverhead County,Montana,0.6467288714681829,0,0.22529118596198727,0.3370817457494761,1,30001,0.02906467749198237,0.07282498445929307,0.1090456280534781,0.024187668002811667,0.3566409928093418,110.16926463581277,20.069708086445104,1.15
30003,Big Horn County,Montana,0.9132080096164901,0,0.27852379991159687,0.35127482741012045,3,30003,0.0413456853603537,0.0778598820711328,0.09335908353856662,0.031109429492433897,0.3483658482375018,118.7050777208524,16.66190451465913,1.45
30005,Blaine County,Montana,0.8731653311398481,0,0.28249003256397837,0.31969295442902024,3,30005,0.04187723039564127,0.0784450273335229,0.09428088793001828,0.0304937157455182,0.3536832340928421,99.7115306471652,24.205000712026585,1.45
30007,Broadwater County,Montana,0.5601983048772405,0,0.23435233043393378,0.32584597444330676,0,30007,0.0304994520869835,0.07522838204133539,0.11190494079663395,0.02422830893255975,0.35450947780503256,103.4119975370368,22.894408675872945,1.0
30009,Carbon County,Montana,0.5730865309325531,0,0.22895621509619604,0.3441303158363571,0,30009,0.029716362464883978,0.07883173892526407,0.11647627096533388,0.02328261839886796,0.3453235012292383,114.40832125628224,17.86933342770989,1.0
30011,Carter County,Montana,0.5283710776133538,0,0.27218855668498315,0.1872645542831506,1,30011,0.0337752137097182,0.0850999396938242,0.1197697746116582,0.0240031825997328,0.36180962172866,20.068215839050403,32.2646831889274,1.15
30013,Cascade County,Montana,0.9107050559159118,0,0.236555379449348,0.3915170729064532,3,30013,0.028748924502351583,0.07521936947775316,0.09428261521261704,0.026977402704582546,0.3678446872426717,142.90703004467073,3.5979036418611483,1.45
30015,Chouteau County,Montana,0.8332038633559321,0,0.26359587702420656,0.3110274770143673,3,30015,0.0333511018012156,0.08109679919447166,0.1107484544740797,0.025771765423508397,0.3602755633573884,94.5000552767944,24.51828591368201,1.45
30017,Custer County,Montana,0.8315517113916944,0,0.22590075942294047,0.3475831794678832,3,30017,0.029203906536730797,0.07346693533129137,0.10630616758495888,0.02488529033623378,0.3549986729967801,116.48489625750716,18.158200858457324,1.45
30019,Daniels County,Montana,0.6526995471697529,0,0.2467378043071878,0.20339981443057284,3,30019,0.0318909277233913,0.0825783615563973,0.1186473308630679,0.0220793051241082,0.359256252407812,29.772067898098765,32.888037698055115,1.45
30021,Dawson County,Montana,0.5600612066201442,0,0.22650711347886343,0.33355409314128087,0,30021,0.02978940407456707,0.07326417251183093,0.11107713341587644,0.0236243751813299,0.35662989165478254,108.04771104988492,20.72282922198765,1.0
30023,Deer Lodge County,Montana,0.8623152344466944,0,0.2574744196275613,0.33722574205981415,3,30023,0.035216551635994735,0.08118990091371857,0.11405089001733965,0.025144063041621735,0.3486654813528364,110.25586496824016,19.898113000329246,1.45
30025,Fallon County,Montana,0.4474948974512946,0,0.18804891966939863,0.259445977781896,0,30025,0.0262024934403797,0.0733397110837248,0.1073949010518002,0.0223689384818262,0.3393823938565636,63.47860083710351,32.208128007267376,1.0
30027,Fergus County,Montana,0.6843645504814424,0,0.2498149431662982,0.3452846659479996,1,30027,0.03107771512052595,0.08005498978911166,0.1157794427936124,0.023721102328897653,0.360280459168833,115.10255504026706,18.49494614420694,1.15
30029,Flathead County,Montana,0.8328723679861558,0,0.18123496647898749,0.393159770063189,3,30029,0.025147893713800624,0.06894829957892395,0.10013986723443327,0.02377867140926627,0.34181150427638257,143.89495896810553,2.872993781505038,1.45
30031,Gallatin County,Montana,0.6103014800703618,0,0.07530984348339906,0.39415283349380226,2,30031,0.01784427017221575,0.04797491228730462,0.08096276975488982,0.022325962128885754,0.31834938402452545,144.49219387649106,2.610905928879817,1.3
30033,Garfield County,Montana,0.4813597478344719,0,0.24379426735083284,0.17477942641827318,1,30033,0.0323112601126657,0.0806196988964918,0.1185882180813269,0.0230701835952098,0.3505604578447162,12.559577451312435,32.67799075600367,1.15
30035,Glacier County,Montana,0.9399864172042285,0,0.29519621097260046,0.35307028365100546,3,30035,0.04334775872634003,0.0808475533629295,0.10127736523953014,0.030543440770365367,0.34881713428635974,119.7848769667807,15.86061316387291,1.45
30037,Golden Valley County,Montana,0.49889767875612234,0,0.29709595951622864,0.13672810896735604,1,30037,0.0360795886366269,0.0889233482131885,0.1218613372498646,0.0245522777276887,0.3697554406247592,-10.324736270432911,29.455387607656245,1.15
30039,Granite County,Montana,0.7829403023911465,0,0.2705431072447023,0.2694157219905711,3,30039,0.032690274447051,0.0823934429687071,0.1234247137524762,0.0236164465062269,0.3638990871308112,69.4744708747486,31.62434127824268,1.45
30041,Hill County,Montana,0.848853875770398,0,0.22542796908304039,0.35998849696551,3,30041,0.03134523621744615,0.07268925100222433,0.10051713242111426,0.02575383293579338,0.3529264946969856,123.94553616306987,14.123681640515224,1.45
30043,Jefferson County,Montana,0.8214224616572331,0,0.21609833279048934,0.3503999166282921,3,30043,0.0287539050832928,0.07012285686135153,0.11134178298203744,0.023333747968131133,0.354451473912267,118.17890059608602,16.50330923085392,1.45
30045,Judith Basin County,Montana,0.6876671148631766,0,0.24811716814142282,0.22613601452283688,3,30045,0.0315535862048301,0.0796740298746468,0.115059078165681,0.0232287903050147,0.3627410024344281,43.44576885268175,33.41234133915894,1.45
30047,Lake County,Montana,0.9227057877392114,0,0.2577840540792517,0.378564765051239,3,30047,0.03451646591629363,0.07773661302779772,0.11353924244011633,0.026207529509834876,0.3485337731997026,135.11742652406505,8.311369784655254,1.45
30049,Lewis and Clark County,Montana,0.8780960621101093,0,0.21537492805413389,0.3902085630562863,3,30049,0.02637863465080224,0.06996410207896325,0.10632831689252828,0.024127294720482972,0.3614950896826186,142.120083575397,4.090900311749186,1.45
30051,Liberty County,Montana,0.7461871028769916,0,0.293462631599801,0.22114916348777947,3,30051,0.03562468568984,0.0832022935305692,0.1201159092582,0.0276241734431648,0.35485616933851,40.44664369184939,33.82984286243752,1.45
30053,Lincoln County,Montana,0.9470087052005323,0,0.28386968314545447,0.36923976871698155,3,30053,0.03707461132635374,0.08459770646598198,0.11922000535219789,0.0251467111733455,0.3592285108356535,129.50931211797294,10.842886533816513,1.45
30055,McCone County,Montana,0.5370695842580732,0,0.2628739778498533,0.2041430519397756,1,30055,0.0320341064376499,0.0835849693694661,0.1191967176628707,0.023503487972248,0.3630021421529757,30.21905584673692,33.56705158921461,1.15
30057,Madison County,Montana,0.8388621890468785,0,0.2431889481964128,0.3353366994221241,3,30057,0.029981170723348764,0.07751674337355384,0.11833485707641657,0.022774843712708267,0.36279227748646053,109.11978224494382,20.314053193120365,1.45
30059,Meagher County,Montana,0.4864563026936689,0,0.26601559538686326,0.22044070730680565,0,30059,0.0330564996409615,0.0838827851405319,0.1173837943155094,0.0237547075476823,0.3643746234631647,40.02057346380993,34.39206608690866,1.0
30061,Mineral County,Montana,0.8750848685058317,0,0.3047247872831258,0.298782018582965,3,30061,0.03818610559596625,0.08902053491528461,0.124514925428442,0.0258087751624992,0.35897109809102823,87.1355556698551,26.72906108892044,1.45
30063,Missoula County,Montana,0.7570887490172847,0,0.12822997672775766,0.39390019500830076,3,30063,0.0206762539009459,0.055826306757818515,0.09041618026992665,0.024337495339083973,0.3263788371160372,144.34025542211663,2.72131284915832,1.45
30065,Musselshell County,Montana,0.8226321577610705,0,0.2701179277526677,0.2972145948411741,3,30065,0.03545883031431265,0.08369468163406715,0.1193695488966115,0.0250077111260908,0.35059708706809734,86.19289667550294,27.679907176101214,1.45
30067,Park County,Montana,0.8156698606864126,0,0.20000673196489868,0.36252420643952377,3,30067,0.02784192469473736,0.06973809287352845,0.11288175663363388,0.02299368368651568,0.3401944112045534,125.47052859428815,13.173916507190732,1.45
30069,Petroleum County,Montana,0.3840730633773742,0,0.23390903527373239,0.10006754157615823,1,30069,0.0312523541798821,0.0783784501921686,0.115596062536374,0.0227454608784826,0.3530243838133941,-32.37264371751491,29.06007919581265,1.15
30071,Phillips County,Montana,0.635237339612931,0,0.2659544369013349,0.2864258584142574,1,30071,0.035370794149475,0.0837985276279679,0.1112299939643705,0.0254889266581131,0.3552964867566395,79.70447930668901,28.67726848707385,1.15
30073,Pondera County,Montana,0.8268537933356926,0,0.2590349876873938,0.31120900771653226,3,30073,0.034151620481300896,0.07843321851943644,0.11014691522690195,0.02601110146992445,0.35652704929457624,94.60922904045788,25.13551472152723,1.45
30075,Powder River County,Montana,0.5294769478596049,0,0.25488630649131355,0.20552843077790814,1,30075,0.0339583218832696,0.0829395774650042,0.11962482616577,0.023059133530845,0.3534561862600992,31.052231833250044,33.60660478270656,1.15
30077,Powell County,Montana,0.8049016615837072,0,0.23354810721715538,0.32155648697850475,3,30077,0.0314325739332733,0.0791035239889327,0.1168614286373314,0.0232140093616,0.34559011019267205,100.83227143486847,22.820905207356667,1.45
30079,Prairie County,Montana,0.6746241269144807,0,0.3009008050486927,0.16435721351301813,3,30079,0.0385560753264747,0.0906199370226763,0.1234661229704212,0.024060063893055,0.3665346540368563,6.291589750063175,34.17386333254244,1.45
30081,Ravalli County,Montana,0.9152432422315006,0,0.24613888359261452,0.38506335242911,3,30081,0.03134384061359703,0.07592726726614495,0.11815766752776384,0.02411949715182359,0.3550675920981795,139.0257199095754,5.652004479301666,1.45
30083,Richland County,Montana,0.6294635845985329,0,0.2026029134093667,0.3447567253719663,1,30083,0.026643383922589477,0.07154242919152937,0.10382765689190823,0.0240765412275549,0.34916038388150517,114.7850480897135,17.654862063023455,1.15
30085,Roosevelt County,Montana,0.9218518203192748,0,0.29530876282217067,0.34045111326008776,3,30085,0.04144327756938007,0.08839658666972613,0.1004403656655103,0.030011428916840863,0.3477256641389468,112.19562451825712,19.152356481058995,1.45
30087,Rosebud County,Montana,0.8153571728394419,0,0.23330268720932157,0.3290126044040867,3,30087,0.034498068927088205,0.07370939764876998,0.1023553303672474,0.0268286639508109,0.34115890685184336,105.31642971751624,22.112708007035096,1.45
30089,Sanders County,Montana,0.950882327957826,0,0.30518041215688285,0.35060050367610057,3,30089,0.0408719563646521,0.0903923826428915,0.12048446294547094,0.025861575039892434,0.3568287031245292,118.29953497192565,16.82788740440854,1.45
30091,Sheridan County,Montana,0.6091779517122563,0,0.259446561874828,0.27027339613582974,1,30091,0.0337857481284373,0.0844176046162779,0.11676034489364925,0.023404553603428947,0.3584255735597439,69.99028177239875,30.815710756122783,1.15
30093,Silver Bow County,Montana,0.8861050335708464,0,0.2306544834595942,0.3804524362444378,3,30093,0.02990769860637059,0.07491140936837791,0.10589485860800044,0.02457968759400561,0.3592017758334487,136.25268445158318,7.669535790631125,1.45
30095,Stillwater County,Montana,0.6266860698444342,0,0.21025202266637666,0.33469238589400097,1,30095,0.027854015132303997,0.07327266696443595,0.11178079630417387,0.022609220991426034,0.35053007140834935,108.73228783212213,20.69998005461415,1.15
30097,Sweet Grass County,Montana,0.7435637995362424,0,0.24024462775079852,0.27255799261902386,3,30097,0.02974740129778,0.0789242615394919,0.1146778423056515,0.0231499587555016,0.3610051460977732,71.36425319182328,30.49477381088964,1.45
30099,Teton County,Montana,0.7972671812715757,0,0.23498426197495664,0.3148551733847508,3,30099,0.0314069863709444,0.07458844510092447,0.10891140350854339,0.0244549126900536,0.35690044609569394,96.80205716370486,23.856556925691866,1.45
30101,Toole County,Montana,0.6716864519808198,0,0.16427218010951256,0.29895985573932865,3,30101,0.027417929274458335,0.0665360085341232,0.1001317742274195,0.023105322612793733,0.32686751956165383,87.24250811067029,27.278768926115724,1.45
30103,Treasure County,Montana,0.4856374146576263,0,0.2956827331339749,0.12661067091613495,1,30103,0.036463843067307,0.0881840956808008,0.1241441098868061,0.0242960955798385,0.3667779122951201,-16.40943036080497,28.568402871946702,1.15
30105,Valley County,Montana,0.6916477815106288,0,0.2768469893271956,0.32458586416030777,1,30105,0.03416816606018533,0.08727765063308873,0.11462715087410277,0.024728806579370235,0.3651585770757109,102.65415888723592,22.94266526212441,1.15
30107,Wheatland County,Montana,0.7462587700911438,0,0.28804675950719805,0.22661446124531492,3,30107,0.0362484727501801,0.0853697555652907,0.1235307863481872,0.0256404758390937,0.3540560431003934,43.733509872699024,33.43110562772182,1.45
30109,Wibaux County,Montana,0.41288392040681965,0,0.2638696825041464,0.1490142379026733,0,30109,0.0341688584007188,0.0847618794675771,0.1184215224006546,0.0229266609078718,0.3627438900419754,-2.935777153727316,32.19956590777558,1.0
30111,Yellowstone County,Montana,0.8805880720741591,0,0.21155828192711354,0.39574383674472036,3,30111,0.02562796600827669,0.07101520511037476,0.09876048736932251,0.025849873614219605,0.35645011962843304,145.44903374342317,2.0678635302093102,1.45
31001,Adams County,Nebraska,0.607037073236314,0,0.22871707154422038,0.37832000169209357,0,31001,0.031641299142306026,0.07621134661903829,0.11504535101774954,0.02084587382229741,0.36502079925251407,134.97022422271246,8.196073550403012,1.0
31003,Antelope County,Nebraska,0.5682454756588368,0,0.25400985194722464,0.3142356237116121,0,31003,0.0345174418066359,0.08998787301588483,0.12215892729841037,0.0197472566198664,0.3619024415676322,96.42945589688676,24.349679218739517,1.0
31005,Arthur County,Nebraska,0.488650825890963,0,0.2530248689395801,0.08397570064039439,3,31005,0.0363116907519987,0.0895857466419417,0.1220628333407496,0.0201410315748591,0.3542577308602093,-42.05038317579925,25.496709810712044,1.45
31007,Banner County,Nebraska,0.40829779813465716,0,0.2435375235486655,0.11150404004668857,1,31007,0.0333242066283337,0.0879457249452802,0.1219818340192864,0.0196580904592552,0.3575733741641582,-25.494657975878813,27.72828240902073,1.15
31009,Blaine County,Nebraska,0.37629660331875653,0,0.24226081044416195,0.08495362722432202,1,31009,0.0332017009352172,0.085538551631312,0.1195516319722529,0.0199306539205679,0.3618049178231859,-41.462251667020304,26.264552340110612,1.15
31011,Boone County,Nebraska,0.6296231417023165,0,0.2437019223786547,0.3037964617103162,1,31011,0.03243016588984065,0.08499250944448411,0.1252117894966555,0.0193076038542398,0.36189104375446823,90.15127489729512,25.846446600549992,1.15
31013,Box Butte County,Nebraska,0.6313369452275124,0,0.2070281546594504,0.34196049336447343,1,31013,0.030972187168542935,0.08233685610251366,0.11471147048045147,0.020367966428870333,0.338532077168873,113.10337568557684,18.57278233730959,1.15
31015,Boyd County,Nebraska,0.5519090415918398,0,0.2701959901415447,0.20972491559048995,1,31015,0.0360145570186587,0.0972901684219226,0.1237736138870438,0.0190798134354706,0.3673100216267166,33.57602552590041,31.96267846000097,1.15
31017,Brown County,Nebraska,0.6283174883113768,0,0.29189036481245423,0.2544726685017865,1,31017,0.03919070900253,0.0980061761829807,0.1272539728132271,0.0203381947760986,0.3667490541696458,60.48761977716784,30.682213718882718,1.15
31019,Buffalo County,Nebraska,0.804940275473291,0,0.16918159407937775,0.38594963038496083,3,31019,0.026257093849549846,0.06686871183695761,0.09875459907354527,0.02110362518434111,0.35178937029256807,139.5587333279024,5.427739816915876,1.45
31021,Burt County,Nebraska,0.6878752629060898,0,0.27995400685714805,0.3181983956698865,1,31021,0.03681947118454413,0.09422703923605837,0.12698272832260976,0.0204606249918676,0.3648218825968758,98.81269313480534,23.68155825572561,1.15
31023,Butler County,Nebraska,0.5372499723988013,0,0.20712470752479917,0.3301252648740022,0,31023,0.0308631519502164,0.0797030302068113,0.1114566194149664,0.0191816602108879,0.3569007718736107,105.98559107552111,22.726972363124972,1.0
31025,Cass County,Nebraska,0.6593847349144679,0,0.19880414711549452,0.3745738832449124,1,31025,0.029168058624463415,0.07956880745135986,0.1111482204446655,0.019556102838028985,0.34995039263514877,132.71728383780487,9.306924772410582,1.15
31027,Cedar County,Nebraska,0.6206308935213305,0,0.20872811028582328,0.3309509275588119,1,31027,0.0296454047228335,0.08237526640722126,0.11308312356265565,0.0183885908940066,0.3610836882018058,106.48215006935612,21.009682373713517,1.15
31029,Chase County,Nebraska,0.583987525769352,0,0.23099963179849017,0.2768156080009464,1,31029,0.0328015386183288,0.0875099224687379,0.1195559134219608,0.0195922277687276,0.3503767225439188,73.92481121276758,29.987942763710407,1.15
31031,Cherry County,Nebraska,0.7612849293353466,0,0.22334237279479452,0.3016817164019962,3,31031,0.03286325292253375,0.08219405499373494,0.12008280701958546,0.019497937983344198,0.34979995586984747,88.87945309665417,26.42696050772096,1.45
31033,Cheyenne County,Nebraska,0.7658830327459474,0,0.19231332779294744,0.3358818672042577,3,31033,0.028350796102073965,0.07870212358379564,0.1068002116784894,0.019384837266565667,0.3543814770423478,109.447649751067,20.296997471459164,1.45
31035,Clay County,Nebraska,0.7794347382687598,0,0.22520196085085573,0.3123392379551855,3,31035,0.03205502033125305,0.0823718298678587,0.11597748564211005,0.020273741972304297,0.35402265887914,95.28895697346591,24.64468099354181,1.45
31037,Colfax County,Nebraska,0.6446224313031812,0,0.2201039692782409,0.34043727533322105,1,31037,0.03241891141511393,0.0807299258135318,0.11510334701656058,0.02027597756928483,0.35147204552864575,112.18730229761168,18.56751824864191,1.15
31039,Cuming County,Nebraska,0.6602473894893924,0,0.24005338390451122,0.33407478086887354,1,31039,0.03306257757049663,0.08851335120157307,0.1157818570640197,0.01926696836693473,0.3663183702762707,108.36085608946632,20.930979752850696,1.15
31041,Custer County,Nebraska,0.6711418590873527,0,0.2422674155084325,0.3413342010892655,1,31041,0.033649454688246025,0.08720161057999726,0.11944003424818025,0.019572979819475724,0.3611547239652722,112.72671937332557,18.632326446187506,1.15
31043,Dakota County,Nebraska,0.8446903984962058,0,0.21516742051454862,0.3673776818966278,3,31043,0.033722703109064424,0.0758650239924886,0.10942808929720163,0.01877467835183155,0.37051914423157783,128.38944080132092,11.8438492300679,1.45
31045,Dawes County,Nebraska,0.5550704047627333,0,0.15537380017579713,0.3272961170091884,1,31045,0.026500581942481848,0.0741991315369423,0.1027299054720982,0.0196555441598532,0.33035013401064556,104.28412285731508,22.03838597292768,1.15
31047,Dawson County,Nebraska,0.8392886051793889,0,0.20807093580125585,0.3707487919086676,3,31047,0.03314425416727049,0.08399916785320843,0.11016914658644492,0.020468957213521183,0.3382682150765123,130.41684863563694,11.241797657340966,1.45
31049,Deuel County,Nebraska,0.5457455613828831,0,0.2596327786093663,0.2149285791148799,1,31049,0.0352856857780525,0.0934464998111162,0.1226060199091497,0.0200524033632842,0.3579165026740866,36.70554315030721,33.79729290306998,1.15
31051,Dixon County,Nebraska,0.6194498233229359,0,0.23552942173010316,0.3031225985507107,1,31051,0.03251783491860325,0.08651265946156345,0.11961126570201949,0.01925936225113275,0.3598245818315154,89.74600914086419,26.17416654961331,1.15
31053,Dodge County,Nebraska,0.7099791008123799,0,0.23692676471043445,0.3804463664307655,1,31053,0.03218063486651189,0.08656259429193051,0.11845341126631351,0.020292982429789122,0.3560285437388414,136.24903402553713,7.578990432562707,1.15
31055,Douglas County,Nebraska,0.8469828415347669,0,0.1853510575449985,0.39877504006518555,3,31055,0.02974816939550537,0.07080524541444866,0.09884760453232792,0.02068501664092668,0.3578237351919766,147.27201944764744,1.2203929410776573,1.45
31057,Dundy County,Nebraska,0.7238089032621197,0,0.29993384992086075,0.19924470405301486,3,31057,0.0402387473370912,0.0984932756543821,0.1288823624684565,0.0206396387855614,0.3672511290862957,27.27315706403448,33.0381069026131,1.45
31059,Fillmore County,Nebraska,0.6587973994773567,0,0.2664368427308125,0.30643046116254125,1,31059,0.03362355379830765,0.09068024607404451,0.1242233488169094,0.02036567378745565,0.3684049115648334,91.73537957081597,25.29263474344388,1.15
31061,Franklin County,Nebraska,0.6232023283137879,0,0.2859488912664763,0.2559661768324696,1,31061,0.036817924002110605,0.0985057374158972,0.1273480817356984,0.0202064296065894,0.3662590966455408,61.3858255549173,30.46522619132159,1.15
31063,Frontier County,Nebraska,0.6930567069733575,0,0.2304194413533228,0.24755070138692378,3,31063,0.0313673638201871,0.0803783088828473,0.1121384539845781,0.0209014073766763,0.3654659442644098,56.324703020541705,31.8975059349802,1.45
31065,Furnas County,Nebraska,0.8229541793739291,0,0.2802579397773066,0.28729666668747217,3,31065,0.0385380335727285,0.0964159665812415,0.1283653093801832,0.0208176757573815,0.3528663235132731,80.22818915566977,28.43790221864649,1.45
31067,Gage County,Nebraska,0.6938469133651,0,0.234940547245466,0.36840459481114274,1,31067,0.0317380730910785,0.0890210527098117,0.10907552323757495,0.020732876841172684,0.3626819591125452,129.00703301296994,11.392452651520657,1.15
31069,Garden County,Nebraska,0.5601558065830039,0,0.2719419981790817,0.21515000754526958,1,31069,0.0358230516712794,0.0951624191425532,0.1290552619818298,0.0192739762265177,0.3630473060346414,36.83871167133113,32.53579569845902,1.15
31071,Garfield County,Nebraska,0.543631763304586,0,0.262170116362965,0.21055315607580544,1,31071,0.0343763577310103,0.0914298038852868,0.1237464874247989,0.0190236593603447,0.371842624660204,34.07413482599124,33.1213455686105,1.15
31073,Gosper County,Nebraska,0.5021597560891873,0,0.22499609504219986,0.2116645624266587,1,31073,0.0305616576556967,0.0820767219581512,0.1195836412121797,0.0189771036282013,0.3620548527770583,34.742541948506094,31.96928206742013,1.15
31075,Grant County,Nebraska,0.40065848610906485,0,0.24126555341233755,0.10713313016076231,1,31075,0.034689257478221,0.0865787028065479,0.1184658521013388,0.020144309746957,0.3556741408942599,-28.12335206007284,27.58195946664257,1.15
31077,Greeley County,Nebraska,0.54767244105694,0,0.2467897810042966,0.22944712426260783,1,31077,0.0337681827006521,0.0888986352184863,0.1209780117161408,0.0193840178033159,0.3622167104693261,45.437092126830784,32.29340759085464,1.15
31079,Hall County,Nebraska,0.8636569797247441,0,0.20755396822240227,0.3880715350360419,3,31079,0.03078884070239181,0.08163214287757162,0.10490073687038938,0.02119281878381222,0.3496819304748128,140.8348608045819,4.782526651013849,1.45
31081,Hamilton County,Nebraska,0.557336595684229,0,0.22107097870039832,0.3362656169838307,0,31081,0.028504150409781135,0.08271904725223077,0.11276702724750286,0.019792548673170967,0.3663759458471041,109.6784394039542,20.495914606448803,1.0
31083,Harlan County,Nebraska,0.51259025139172,0,0.25425450967796825,0.2583357417137517,0,31083,0.0345470754007296,0.0906726849790679,0.1264977210317573,0.019218756595085,0.3582966848241677,62.810897530341975,32.02980016762597,1.0
31085,Hayes County,Nebraska,0.47886966764577854,0,0.27583394129995764,0.14057446534854545,1,31085,0.0373753743651436,0.0945632128701567,0.1243526203632559,0.0206152290300432,0.3615160018818661,-8.011512129736193,30.30719716420799,1.15
31087,Hitchcock County,Nebraska,0.7443644846835548,0,0.26918970538062437,0.2441651116425169,3,31087,0.0354199473115824,0.0912880990669408,0.1294758714433903,0.0202485289065011,0.3587603315013526,54.2885869795119,32.757346860630335,1.45
31089,Holt County,Nebraska,0.6566777330927182,0,0.2318007690753772,0.3392233466574212,1,31089,0.03191149518405537,0.086011711293888,0.12169565116812703,0.01893294465265595,0.35726266858055095,111.45723757150436,19.41532392825501,1.15
31091,Hooker County,Nebraska,0.5736611343736108,0,0.2765026323551516,0.11912573617837308,3,31091,0.0348132712538962,0.0924798481150847,0.1267835362485126,0.0191504852129777,0.3788370440536821,-20.910919565395016,26.70232636917936,1.45
31093,Howard County,Nebraska,0.784715271388213,0,0.22845316351359524,0.31272978227137926,3,31093,0.03086206658134165,0.08690574304916329,0.11684876187781451,0.01941490997025275,0.35883308423372934,95.52383290556868,25.17136686070635,1.45
31095,Jefferson County,Nebraska,0.6716764532828102,0,0.2592272021017189,0.32483927901376825,1,31095,0.03610634808634357,0.09300781180215285,0.11920423123789974,0.0209540067995141,0.3546258112085015,102.8065642544304,21.83212900754789,1.15
31097,Johnson County,Nebraska,0.5949269041887677,0,0.21491213782321394,0.3024156049496276,1,31097,0.030440280017121298,0.08257199644982585,0.1161109981857508,0.01917472436547145,0.3547701274174639,89.32081851803434,26.42292306696416,1.15
31099,Kearney County,Nebraska,0.546428983919774,0,0.23083553120477118,0.3155934527150029,0,31099,0.031868372102609,0.08587118855614814,0.11598883649122721,0.01976859935947275,0.3591351520759149,97.24606323076318,23.52458792444868,1.0
31101,Keith County,Nebraska,0.8119445718685139,0,0.23105880103253337,0.32890297266989005,3,31101,0.031997863978595,0.08476945877230917,0.11606471787576532,0.020426121423333967,0.3555809897679863,105.2504964682286,22.170803886750303,1.45
31103,Keya Paha County,Nebraska,0.4952344783446318,0,0.3021506193785486,0.12848805744287042,1,31103,0.039297506820107,0.0996981809130435,0.1307979882292239,0.0198962141505202,0.372762642118686,-15.280357699649146,27.758083888378376,1.15
31105,Kimball County,Nebraska,0.6279534726246848,0,0.27977640981545926,0.26627008811904934,1,31105,0.0375107982853964,0.0960942902196816,0.1224625597421557,0.021015580812237,0.3630571271751414,67.5826658810711,31.26987305829186,1.15
31107,Knox County,Nebraska,0.833793956724684,0,0.24510074795896988,0.3299295670235709,3,31107,0.03541489934409497,0.0871537073346735,0.11647791912923891,0.019433369566766466,0.3656749931638468,105.86789709528728,23.27641246611089,1.45
31109,Lancaster County,Nebraska,0.7813941153041889,0,0.1411340564807981,0.3977584368324356,3,31109,0.022967641508013316,0.0641874980007914,0.09690877095909105,0.020032460635465203,0.3447602954695744,146.6606275467284,1.4642722076940335,1.45
31111,Lincoln County,Nebraska,0.8220300907448926,0,0.18754191710099566,0.37937538686099925,3,31111,0.030468764740308425,0.0724508488235002,0.1095469417356439,0.019823359933743873,0.3457719784738693,135.60493983626958,7.888967063948654,1.45
31113,Logan County,Nebraska,0.3963137017604648,0,0.23074499994294864,0.1138756102835425,1,31113,0.0332055833922122,0.0858141617104511,0.1164178377725524,0.0200371820458847,0.3531716925950829,-24.06837996636378,27.831405090538507,1.15
31115,Loup County,Nebraska,0.4319518386743259,0,0.2683446791153958,0.10726561538401805,1,31115,0.0354866413633252,0.0902537505726868,0.1268047167824779,0.0193409910094801,0.3702982166562847,-28.04367457147102,27.78321922145148,1.15
31117,McPherson County,Nebraska,0.4643272781520979,0,0.2480255924728002,0.07220011659761216,3,31117,0.035514818264162,0.0881255766022773,0.1176341758711902,0.0210754845817986,0.3528455251850883,-49.13229722094124,22.846487454192108,1.45
31119,Madison County,Nebraska,0.8397638519572905,0,0.19950571380924118,0.37964177029923507,3,31119,0.027853732886346634,0.07811784465766414,0.10705535781017123,0.020091006331398514,0.3583817569392968,135.76514459603194,7.965663147832293,1.45
31121,Merrick County,Nebraska,0.6260988165237882,0,0.21947054488169832,0.3249632086172479,1,31121,0.03200920589385956,0.08414481135976794,0.11417898020433698,0.019814083131311132,0.3516856071277184,102.88109633677152,22.89701813850585,1.15
31123,Morrill County,Nebraska,0.7401864905180343,0,0.22177633170032063,0.28869711003625476,3,31123,0.0348553068364043,0.0852241411887114,0.1131677255501329,0.0196500089447618,0.3484852138675732,81.07042503841974,30.045102402579488,1.45
31125,Nance County,Nebraska,0.5795686049661963,0,0.23751537509416004,0.26645732487644547,1,31125,0.0324045010870581,0.0867993733819294,0.1170356575681918,0.0198560771361521,0.3613014493931679,67.6952713040508,31.22003450709149,1.15
31127,Nemaha County,Nebraska,0.6026648576071043,0,0.20163621821891378,0.32242017970030745,1,31127,0.028499016997375552,0.07390368657125745,0.1050189336734167,0.020281047026266798,0.36708114509205014,101.3517019442172,23.055732806339545,1.15
31129,Nuckolls County,Nebraska,0.8286121810432485,0,0.2892921990105659,0.2821644775709848,3,31129,0.0384597392861731,0.09640482065900624,0.1268052994784338,0.0200218028343878,0.37121727017040806,77.14165671241018,30.054759987283287,1.45
31131,Otoe County,Nebraska,0.8502277741409515,0,0.22807903220517664,0.35828494996099686,3,31131,0.03085425263631104,0.08186912697911851,0.11703698614037217,0.02013130211231004,0.360175554599474,122.9210117391441,14.803379836905256,1.45
31133,Pawnee County,Nebraska,0.8206631597774026,0,0.32120752416364223,0.24476706878629054,3,31133,0.0413992397564027,0.1017557617539469,0.1329875335120073,0.0204576730590491,0.3773105135137737,54.650607982935256,32.88306876761165,1.45
31135,Perkins County,Nebraska,0.6787091065540447,0,0.2157378406369962,0.252337405262345,3,31135,0.029461544160079,0.0851453565729946,0.1138010572576576,0.0190194035041074,0.3590110149444127,59.2034583571876,31.351151864278496,1.45
31137,Phelps County,Nebraska,0.8091785408405839,0,0.22219006087805826,0.33586410521889615,3,31137,0.030987244878871167,0.0806149190904412,0.11721971551112603,0.019705738321587434,0.35835737437430526,109.43696757571632,20.715188038293288,1.45
31139,Pierce County,Nebraska,0.6135116811882381,0,0.2114744274587559,0.32201399096579897,1,31139,0.030444910856101952,0.07937982267722746,0.11024947008590215,0.01942686937027195,0.36307272574603633,101.1074173555766,23.756043271469487,1.15
31141,Platte County,Nebraska,0.8367391767703745,0,0.1981307350565923,0.3789307661643556,3,31141,0.030128670607475285,0.07761735372833474,0.10205968439802174,0.019478844081985386,0.3646087805124948,135.33754201167918,7.820837313520126,1.45
31143,Polk County,Nebraska,0.5461387007254666,0,0.2449734849884859,0.30116521573698063,0,31143,0.032605350317922346,0.08944929500309196,0.12068850398337155,0.01935406223454705,0.3629579082304901,88.56882618417075,25.080633495070064,1.0
31145,Red Willow County,Nebraska,0.8555667140542818,0,0.24760225028097527,0.34244375941163285,3,31145,0.033412088446987905,0.08495643268140457,0.11962423916928872,0.020779890758946467,0.3613081471617581,113.394015079299,19.06227105976353,1.45
31147,Richardson County,Nebraska,0.8588189091291395,0,0.26610432990651245,0.32618457294117,3,31147,0.0359776223267943,0.0946327085381641,0.12177228012338112,0.020397723369309402,0.36008774209692046,103.6156329107872,22.389597712531277,1.45
31149,Rock County,Nebraska,0.4791067118751649,0,0.24113189041569202,0.17548264164966876,1,31149,0.0336070957060995,0.0870250165217303,0.1213588627851451,0.018827737595233,0.3629573737829575,12.98249573764837,32.61293545369733,1.15
31151,Saline County,Nebraska,0.5667085901617239,0,0.2122420489942242,0.35446654116749976,0,31151,0.03303805190798567,0.07483343989528204,0.10880570390671798,0.0203376597640525,0.3596870095387846,120.6245954623365,15.49300132523174,1.0
31153,Sarpy County,Nebraska,0.5383881032833825,0,0.1422652126159406,0.3961228906674419,0,31153,0.02226865576661941,0.06286572018493798,0.09458356232774431,0.01900851891353185,0.3610343165962901,145.67699927697416,1.901216238507189,1.0
31155,Saunders County,Nebraska,0.6506346212929304,0,0.19585766241568212,0.36991157349121384,1,31155,0.02898451668427288,0.07453887223268314,0.1097240649762505,0.01961990502228536,0.3564367623627497,129.91333994784057,11.39366749854944,1.15
31157,Scotts Bluff County,Nebraska,0.8746025656750964,0,0.22335317920977346,0.379821004014431,3,31157,0.034818141999926985,0.08319127044195138,0.11160728415134231,0.020984748483149383,0.345582097670022,135.87293693655596,7.852658008626361,1.45
31159,Seward County,Nebraska,0.5226141387802826,0,0.16064285960125482,0.36197127917902777,0,31159,0.026155095027454972,0.07239614383791353,0.10302722808884246,0.019696677734277575,0.33871310378440134,125.13799448661064,13.154179846901696,1.0
31161,Sheridan County,Nebraska,0.8425933043396162,0,0.2827577963390043,0.2983410342400413,3,31161,0.03848396686807405,0.09601591405931634,0.12606844867447234,0.02161610713390635,0.3537981015721048,86.87034477241743,26.9468748552192,1.45
31163,Sherman County,Nebraska,0.5974518526312319,0,0.26392670019255576,0.25559664992155906,1,31163,0.0360911946821994,0.0912107801278381,0.119894442017373,0.0202043281142406,0.3669584479709906,61.1635896292148,31.404476448251533,1.15
31165,Sioux County,Nebraska,0.4952722483197554,0,0.26733236068729366,0.16333915959075454,1,31165,0.034314451611342,0.0925046707989856,0.1222577947955391,0.0203461102261228,0.3682133801582127,5.679325394885862,33.7365510140748,1.15
31167,Stanton County,Nebraska,0.5960262567660344,0,0.21070260831734425,0.30758109321833793,1,31167,0.0285850296542877,0.08145607621907915,0.1153864585741225,0.019791289203959,0.35287080449484154,92.42737729144976,25.34480737822476,1.15
31169,Thayer County,Nebraska,0.8378876585856609,0,0.28058606242305395,0.2972674952222295,3,31169,0.03595996437797165,0.09728852880561135,0.12756820185130754,0.01940848106706325,0.37011844064853694,86.22471131418487,27.787326119263817,1.45
31171,Thomas County,Nebraska,0.4051023550986928,0,0.23607142052437638,0.1161914969527478,1,31171,0.0309789822849365,0.0835795442190253,0.1228979567604824,0.0192574186512752,0.3633441567412523,-22.675590422336445,27.547953042768068,1.15
31173,Thurston County,Nebraska,0.849566769848412,0,0.26917125443982853,0.3167368626970074,3,31173,0.042313901230585746,0.08299108758849649,0.1002364580087508,0.0263547669097723,0.35374715302867654,97.93371754850185,23.878599281688665,1.45
31175,Valley County,Nebraska,0.5895950742174485,0,0.23255479661356893,0.280136572271169,1,31175,0.033042868389334554,0.09029189175729646,0.1201602685820876,0.01919176336287475,0.349429926682329,75.92206106663959,31.43071114209037,1.15
31177,Washington County,Nebraska,0.5599169713600196,0,0.19103958480536967,0.36887738655464997,0,31177,0.0270337186030936,0.07544151271517352,0.11436837342590515,0.01888419463283416,0.35298869492653684,129.2913730912715,11.17734561577882,1.0
31179,Wayne County,Nebraska,0.563393538207092,0,0.1513382893446313,0.33856913518327486,1,31179,0.02441686720396185,0.0681347239200098,0.0961989709011695,0.01988312123633855,0.3485611509716311,111.06379046854816,19.85340294075853,1.15
31181,Webster County,Nebraska,0.616785649128378,0,0.2683768857995985,0.26795846126855627,1,31181,0.03512593160702805,0.0927031280577379,0.1205250101826627,0.0202741276499002,0.3703296342470523,68.5980646483418,30.6618828409622,1.15
31183,Wheeler County,Nebraska,0.49170677316951816,0,0.2915809121280642,0.13599019497586468,1,31183,0.0377598604802801,0.0945907690106218,0.1265607285223395,0.0211660984881278,0.3697426845946481,-10.768522620346712,27.642103553347884,1.15
31185,York County,Nebraska,0.5652370497683431,0,0.21102593204271805,0.354211117725625,0,31185,0.031233747934371576,0.08392199837786332,0.10843059809554535,0.019568423935364575,0.3557303701866988,120.4709821167989,15.744319319562909,1.0
32001,Churchill County,Nevada,0.8363814798171433,0,0.20401444502032162,0.37280036864667376,3,32001,0.0307305100820973,0.07338717938498772,0.10625350890010413,0.0248971358954513,0.3280065539107341,131.6506804407335,10.23036382498682,1.45
32003,Clark County,Nevada,0.9021530697385461,0,0.22229276430969308,0.39988176654447666,3,32003,0.033301888201457824,0.07334223190721768,0.10768175768329707,0.02489682157031872,0.3391530804531054,147.93761206448465,1.0622834707262467,1.45
32005,Douglas County,Nevada,0.9277528394040903,0,0.2542398407001447,0.3855897037164692,3,32005,0.032015678492669515,0.08216253994647592,0.11913443429742926,0.023595797655921336,0.355316874988231,139.34227105141986,5.49015480831508,1.45
32007,Elko County,Nevada,0.7976461755638667,0,0.16343178053656307,0.3866690301971381,3,32007,0.0284616942605968,0.06588799120533287,0.09895939286926277,0.02425632760593709,0.31749707646435615,139.99138512805268,5.251322532248429,1.45
32009,Esmeralda County,Nevada,0.5673201601756476,0,0.3701376984773374,0.12318417993626918,1,32009,0.0473471043843023,0.1050242051966444,0.1408087101258449,0.0251734876641581,0.3623346550466972,-18.470144675076085,27.99280778297128,1.15
32011,Eureka County,Nevada,0.6428247944580664,0,0.23115814009196875,0.21216930436187012,3,32011,0.0316907722142849,0.0790756192758002,0.1170405376311108,0.0237117673405368,0.3383910825101642,35.04609708319488,33.37537640057408,1.45
32013,Humboldt County,Nevada,0.6607271604614646,0,0.21282844264383544,0.3617169142791773,1,32013,0.03085548463819275,0.07684752379135107,0.10929621235380285,0.024742909280180775,0.3284121660065874,124.98501775524024,13.187232553192684,1.15
32015,Lander County,Nevada,0.7832895034995461,0,0.23393905640101176,0.30626060118488213,3,32015,0.0334083289215239,0.0783682459003379,0.1135519756643472,0.0251944905363355,0.3324565410908771,91.63322465797926,25.773501795636264,1.45
32017,Lincoln County,Nevada,0.7287159961995009,0,0.2153077192298398,0.28725503676981606,3,32017,0.03045699169446455,0.0794331710745102,0.11576124052878725,0.023062479022472347,0.33083453726828227,80.20315264814064,28.453776261448397,1.45
32019,Lyon County,Nevada,0.95336472621392,0,0.2697879908749996,0.3877049237552901,3,32019,0.035508768313775876,0.08480034892356772,0.12445464935406812,0.0261846828583525,0.331589511584902,140.61437835812052,5.026889000241162,1.45
32021,Mineral County,Nevada,0.9550570678018807,0,0.36861238507446853,0.29004766168544915,3,32021,0.048860031019462,0.10315259404968641,0.13012184610126398,0.027394101321178102,0.35968451551741215,81.88265572340066,29.309557923275182,1.45
32023,Nye County,Nevada,1.020928283005971,1,0.31740902936012005,0.3866794416784807,3,32023,0.041357976835833456,0.09385993651089351,0.134517280410607,0.025391938317654524,0.3451860844469594,139.99764666172123,5.5921971201740055,1.45
32027,Pershing County,Nevada,0.7501362506977611,0,0.20227625395340815,0.3150590913553926,3,32027,0.0314763287489687,0.0791524166508309,0.1124786079021199,0.0228154189346522,0.3218607261385214,96.9246947785441,24.148417575001947,1.45
32029,Storey County,Nevada,0.7870791789050791,0,0.2610288502645518,0.28178437656653726,3,32029,0.0329015321312677,0.0843841039614513,0.124065549667798,0.023461332206788,0.3504404013039037,76.91306145699107,30.68763831466398,1.45
32031,Washoe County,Nevada,0.8685901090200561,0,0.20053318109536603,0.39849448029777607,3,32031,0.025895145386934278,0.0670972453779275,0.11527182677950694,0.02360513748091817,0.3410007056405548,147.10328894985636,1.2909680723896813,1.45
32033,White Pine County,Nevada,0.8425681252490547,0,0.2482063192881048,0.33287514640089844,3,32033,0.0337616181813458,0.08204720961897323,0.11567780494963396,0.02377173940892753,0.3488817011002532,107.6393879943873,20.610840624814827,1.45
32510,Carson City,Nevada,0.8893664619332122,0,0.22611081485350257,0.3872453657900921,3,32510,0.03329089270500441,0.07893657081196451,0.11357224898465279,0.02393665729310884,0.33304562054423803,140.33799716153035,5.1871350110883485,1.45
33001,Belknap County,New Hampshire,0.7462332282918261,0,0.2602845771567663,0.3886138822274303,1,33001,0.02884286145892196,0.0805897215273217,0.11469923937522176,0.025695550046641733,0.36280282356876115,141.16103198879514,4.601416650945249,1.15
33003,Carroll County,New Hampshire,0.7456450570529698,0,0.26264222034394996,0.38574478578906723,1,33003,0.03016398489062721,0.08009077523728343,0.12069218892305687,0.02555653157682679,0.35453264207281204,139.4355384345145,5.801679198717927,1.15
33005,Cheshire County,New Hampshire,0.6601115604429901,0,0.18354081209852302,0.39046924046059883,1,33005,0.024516180121804357,0.06883606535091163,0.09302943621262325,0.026730904811059157,0.3346966728145006,142.27685668865786,3.9844140779255777,1.15
33007,Coos County,New Hampshire,0.7589342391824058,0,0.2825997721309903,0.3773430445493626,1,33007,0.03482806284500774,0.07950995723799419,0.11509245647699488,0.026373318230214663,0.36799845628482275,134.3826757422744,8.513354959320967,1.15
33009,Grafton County,New Hampshire,0.8914432706178387,0,0.22306115389434067,0.39172730860072047,3,33009,0.02622289684729839,0.06663664996607128,0.10196944140748607,0.02589517923852121,0.36842242125172997,143.03346718023974,3.518562581770147,1.45
33011,Hillsborough County,New Hampshire,0.9060122632110661,0,0.22640327034822066,0.398432773245618,3,33011,0.025696953657593846,0.06968878789197269,0.10026482288397524,0.027468165112791095,0.35948033737321083,147.06617792098726,1.2256802674776657,1.45
33013,Merrimack County,New Hampshire,0.8794805806585188,0,0.21140673052262268,0.39513160096601097,3,33013,0.02333432735848604,0.06979691237066837,0.09511376366611833,0.026241069730881753,0.36639030907216724,145.08083110103803,2.2071591651051965,1.45
33015,Rockingham County,New Hampshire,0.883153218366826,0,0.2115745828532946,0.39749660222727506,3,33015,0.023447118057431045,0.0716900545624429,0.10725413333431477,0.023679003874835784,0.36393353125405115,146.50315848523184,1.5053740316099589,1.45
33017,Strafford County,New Hampshire,0.6924361053124323,0,0.2079660101873918,0.39415234225820156,1,33017,0.023742758852788676,0.06644077491582595,0.10146876280025036,0.02613908890857125,0.35751356441797444,144.49189844415517,2.5829475763487757,1.15
33019,Sullivan County,New Hampshire,0.73328752363661,0,0.2540984971292421,0.3835428277721579,1,33019,0.02987537652072344,0.07652519997991998,0.1116780369226694,0.02705163079186615,0.3541396032937029,138.1112663347097,6.47874855257062,1.15
34001,Atlantic County,New Jersey,0.7962115095704644,0,0.29530207065879316,0.39705576375030627,1,34001,0.03582040844108612,0.08583008771459287,0.11052585853896238,0.024584657941538877,0.3905480125955414,146.2380353125432,1.5870317077507394,1.15
34003,Bergen County,New Jersey,0.6110039501473099,0,0.21184339248270695,0.3991605576646029,0,34003,0.026051077625584066,0.07230821029294511,0.11006529315731299,0.020342669375364546,0.3779206442533349,147.50387227906913,1.0938532244868708,1.0
34005,Burlington County,New Jersey,0.7669019923958916,0,0.26855698299710057,0.39831431473845735,1,34005,0.02992644758929466,0.07826816497924677,0.10783770997648041,0.024392151271326063,0.39309782799717163,146.99493619212018,1.283068410259433,1.15
34007,Camden County,New Jersey,0.7473644042733834,0,0.2514813686338576,0.39840072203864973,1,34007,0.029642685998571332,0.07534567700079026,0.1029493717053166,0.025200991325066063,0.3813670728943267,147.0469021133528,1.2869525693739792,1.15
34009,Cape May County,New Jersey,0.7684182183953719,0,0.27660565062163384,0.39158410450477665,1,34009,0.030980520386800034,0.08150747269199145,0.11448885929912464,0.02307395580954589,0.39394663062915364,142.94734329078324,3.4495926532820507,1.15
34011,Cumberland County,New Jersey,0.7665643077896044,0,0.27197747660500826,0.3946001823424739,1,34011,0.034367683308359855,0.0820322598516024,0.10523303760690568,0.02539161121207436,0.37691150481850494,144.76123242973614,2.3598265002861893,1.15
34013,Essex County,New Jersey,0.9720592827395744,0,0.27126566304146277,0.39912004919272653,3,34013,0.03419756573171298,0.07762299243794989,0.10065877030698948,0.027427752116491053,0.37479604109047737,147.47951021644138,1.1362518794445542,1.45
34015,Gloucester County,New Jersey,0.615882244981489,0,0.21840429643928796,0.3974779485422011,0,34015,0.025302810889313066,0.0703892579087103,0.1010596257480991,0.02359376166135353,0.3790118969913596,146.4919400357826,1.53164471573538,1.0
34017,Hudson County,New Jersey,0.6947365186260287,0,0.2053125354030506,0.39880617644567007,1,34017,0.03007249964786342,0.07257929464859175,0.10538827948521029,0.021438806558395127,0.3597928562836086,147.2907450725903,1.1385590537089756,1.15
34019,Hunterdon County,New Jersey,0.6576731597505339,0,0.17846968457269669,0.39342001955820227,1,34019,0.022209985564759314,0.06384362776436835,0.099746053319809,0.02165693243951454,0.3702545516788839,144.05147473388664,2.8363802672935607,1.15
34021,Mercer County,New Jersey,0.9285832309335051,0,0.24260890662607631,0.3977933216039273,3,34021,0.030479678341739425,0.07517559165014485,0.10180748414585991,0.02433872768268203,0.37843672924592103,146.68160747878872,1.4323930134932092,1.45
34023,Middlesex County,New Jersey,0.6971125354320638,0,0.2071617981770796,0.39902301524210637,1,34023,0.026397133426750926,0.07137432562106588,0.10682034906755922,0.020743216189530827,0.3754988403276772,147.42115335743074,1.1512601423102118,1.15
34025,Monmouth County,New Jersey,0.6979639402426571,0,0.20821677385421591,0.39870839157418153,1,34025,0.02591904900594105,0.07023918021380514,0.10423954975986402,0.02231068631478899,0.37160807656925643,147.23193660480803,1.2005128059366927,1.15
34027,Morris County,New Jersey,0.6670536883329166,0,0.18165527512677587,0.39839141038010806,1,34027,0.02323747134570989,0.06717868084794974,0.11082608766002584,0.019106993003978372,0.36824157551527253,147.04130202038328,1.2229384068559197,1.15
34029,Ocean County,New Jersey,0.776737892723045,0,0.2766637139880199,0.3987605405537585,1,34029,0.029949433586512923,0.08072388513056912,0.11120313937720788,0.024259703395767784,0.3938109758233722,147.26329934567627,1.2306032048398152,1.15
34031,Passaic County,New Jersey,0.75722838750571,0,0.26001761755235797,0.3984418498439116,1,34031,0.03529452957510013,0.08072480273858708,0.1103929852868564,0.023280138863379183,0.3717614869006655,147.07163664717052,1.2028916246939667,1.15
34033,Salem County,New Jersey,0.9657688248995426,0,0.278486227737542,0.38756123771041845,3,34033,0.033370723209631165,0.081543379845003,0.10780374964159489,0.02534477113538529,0.3833414780477025,140.52796462139457,4.867898771705305,1.45
34035,Somerset County,New Jersey,0.6646767495553388,0,0.1803821397017803,0.3975976425202535,1,34035,0.02351587043106605,0.06629627710138797,0.10564959422777162,0.01976637943036463,0.3706117195257849,146.56392478500683,1.4793111957604343,1.15
34037,Sussex County,New Jersey,0.6121319741054847,0,0.21769383153676686,0.3944381425687178,0,34037,0.02440629246877866,0.06810335230164316,0.10324211829676332,0.02271157509738622,0.3870884815103351,144.66378063919512,2.3838909481771733,1.0
34039,Union County,New Jersey,0.7149783740873612,0,0.2231624597052803,0.39855786558807726,1,34039,0.029197909809359473,0.07367421460169714,0.10560536506677554,0.02212779458462366,0.37380823376707123,147.14140928223298,1.2040048323251815,1.15
34041,Warren County,New Jersey,0.7045269707168764,0,0.2200967272853133,0.3925354211641445,1,34041,0.025813948438946615,0.07143290605996151,0.10331313529854767,0.02344140373956214,0.3756659328327267,143.519471415119,3.036984488469776,1.15
35001,Bernalillo County,New Mexico,0.8320500794869066,0,0.1748190507153138,0.399008590310139,3,35001,0.029907586537460028,0.06385326507575863,0.09530655350112616,0.024102596474089594,0.33606871357780704,147.4124781080394,1.123250619697301,1.45
35003,Catron County,New Mexico,0.8762736635621883,0,0.32513102403633065,0.27919564048931644,3,35003,0.0481733144484712,0.0973017863070572,0.1257754073578487,0.0233465361578317,0.3610470036852805,75.35617847625491,29.187166481123107,1.45
35005,Chaves County,New Mexico,0.9306223802696371,0,0.25307683857363356,0.3887316995433576,3,35005,0.0371795185001489,0.08050717091564434,0.11660258200874574,0.02490383829249749,0.3380451372615798,141.2318881010181,4.703966339877653,1.45
35006,Cibola County,New Mexico,0.9828590083042252,0,0.3026701173664449,0.3751636814640553,3,35006,0.046827846812168485,0.08346944267345183,0.10378356127488865,0.029444787738117734,0.3489099576990733,133.07199238362074,9.410854068211174,1.45
35007,Colfax County,New Mexico,0.9316875564583277,0,0.2923190546472951,0.3502240877377586,3,35007,0.04455398249728736,0.08702638020352232,0.1208534747439066,0.0237316628434133,0.3547272504706467,118.07315593960978,16.180450431342038,1.45
35009,Curry County,New Mexico,0.8459036813925411,0,0.19862087904980835,0.38476097018642685,3,35009,0.032638956356816434,0.0735485005121865,0.09719901988869642,0.025447030333550058,0.32737865996187865,138.8438652309727,6.12423153251306,1.45
35011,De Baca County,New Mexico,0.7645352586433981,0,0.32139455818716317,0.2058711374289735,3,35011,0.0476983058001933,0.0943460615752142,0.1229410900917478,0.0250272758161261,0.3542576746543514,31.258337877479,32.51531709556807,1.45
35013,Doña Ana County,New Mexico,0.9171231278750216,0,0.2359334660061146,0.39656524287321065,3,35013,0.03801973364513342,0.073793743884328,0.10378028276888866,0.024843278346954028,0.34815330134973854,145.94303281616442,1.7442076202308372,1.45
35015,Eddy County,New Mexico,0.9032278706026964,0,0.23479151625229777,0.388124256577148,3,35015,0.035146450676790744,0.08013272720240919,0.10811343428506015,0.023623847887603758,0.34698247877508787,140.86656788773666,4.747869985782766,1.45
35017,Grant County,New Mexico,0.9241750890829079,0,0.26241884047428565,0.37494328992771986,3,35017,0.04161855863528585,0.08381639723296161,0.11792699158779106,0.022777003371825286,0.346449664992716,132.93944745753183,9.235368431379763,1.45
35019,Guadalupe County,New Mexico,0.7100196773328185,0,0.20389784245547785,0.28577090053267284,3,35019,0.0423924446561101,0.0753348862356809,0.1047609089829872,0.0208876908844295,0.3295113242931596,79.31058330936791,30.644347383476045,1.45
35021,Harding County,New Mexico,0.525507488136325,0,0.3479365551075546,0.10902647805446715,1,35021,0.050344252920853,0.100692102275346,0.1344179615728545,0.0222729674384966,0.3697702593255057,-26.984680127364165,27.43018698013041,1.15
35023,Hidalgo County,New Mexico,0.7903517749562472,0,0.2636280257229249,0.28144216390207316,3,35023,0.042784877675107746,0.08416554382419085,0.11503251243576179,0.02363397647724055,0.3424261046382976,76.70725249956793,30.82607652539699,1.45
35025,Lea County,New Mexico,0.8714830444023486,0,0.21122653995043097,0.389796249292568,3,35025,0.03414001409786765,0.07914636870534389,0.10265693886379383,0.0237779380771899,0.3330574055305114,141.87211535372126,4.385229105659642,1.45
35027,Lincoln County,New Mexico,0.9084691810827096,0,0.2601705158469946,0.3663599538652189,3,35027,0.0354594359039195,0.08501307257821629,0.12099721568001252,0.02295121727537968,0.3510695457858828,127.77737243905678,12.29147895978642,1.45
35028,Los Alamos County,New Mexico,0.5308902350379592,0,0.16627200704645792,0.3646182279915013,0,35028,0.02287937030918155,0.06699245826092268,0.10911877581043525,0.020706791503233075,0.34346448700094223,126.7298869909419,12.514149112856712,1.0
35029,Luna County,New Mexico,0.9716390465461238,0,0.29622075819612814,0.37387513597361244,3,35029,0.04999991164104752,0.08829441031558401,0.11385462538176067,0.0251958637584784,0.3436686003551883,132.29705261219044,9.676866332444456,1.45
35031,McKinley County,New Mexico,0.9937157179934953,0,0.2960679648096766,0.38925322001342355,3,35031,0.050094287491738825,0.08024276879819683,0.09918015386763984,0.03255799092759993,0.3222866505744573,141.54553395742494,4.623655679857598,1.45
35033,Mora County,New Mexico,0.8151064704977711,0,0.2816544661180185,0.28048792732872013,3,35033,0.0514917971085704,0.0853399635695993,0.1161930127261848,0.0220463228873332,0.3490987144950434,76.13336831966947,30.304676559790124,1.45
35035,Otero County,New Mexico,0.893010893063973,0,0.22624314040316193,0.38962644102026767,3,35035,0.035488186062442396,0.07447875564036008,0.11209272218026342,0.024790438624857233,0.3302974788709802,141.76999153682897,4.172253058959431,1.45
35037,Quay County,New Mexico,0.9099689862038512,0,0.29483187137712885,0.33273294669449277,3,35037,0.0431817476616035,0.09188389690488397,0.11937165831529456,0.024340699785528202,0.3512450621021872,107.55386815143508,20.96683857697209,1.45
35039,Rio Arriba County,New Mexico,0.9264671550616893,0,0.25691042652175483,0.38203243903803086,3,35039,0.045609118332146176,0.07646902679650554,0.10258367228466199,0.02468068377566068,0.3513399389831129,137.20290857079948,6.915444001147082,1.45
35041,Roosevelt County,New Mexico,0.823075284229974,0,0.20232032363786726,0.36531780341728726,3,35041,0.03215284180166742,0.07108442092424387,0.09616526644385899,0.02553509572262924,0.3371106622282271,127.15061627413584,12.274277539550848,1.45
35043,Sandoval County,New Mexico,0.8671502841662583,0,0.2028136734827976,0.3952210052525529,3,35043,0.0334484232090202,0.07089599199469286,0.10280786394312372,0.025750513128779573,0.32274134793910075,145.13459942966247,2.267755400442637,1.45
35045,San Juan County,New Mexico,0.8733208919068879,0,0.20859193469264517,0.39369833558796713,3,35045,0.03687647196752425,0.07624580522533159,0.09224718795849654,0.027739891237102535,0.3141266741827997,144.21885583303373,2.809766705617992,1.45
35047,San Miguel County,New Mexico,0.9157687797616658,0,0.2575894680777259,0.37397520761997466,3,35047,0.04700111330449923,0.07862801920692512,0.10270681856709185,0.024117121151009713,0.3495817524065051,132.35723636149055,9.88853336990752,1.45
35049,Santa Fe County,New Mexico,0.8097000272655304,0,0.16317982826494795,0.39523398364231443,3,35049,0.028881422155154723,0.06554548491860952,0.10232423488548253,0.02189918541245505,0.3293424698582519,145.14240471901388,2.2616292336916213,1.45
35051,Sierra County,New Mexico,1.032350953569768,1,0.3649453868693015,0.34702078800640046,3,35051,0.05073879523024655,0.10201815939210068,0.13304722994303372,0.025030330825860175,0.3662533006534136,116.14667031682576,17.12197641829863,1.45
35053,Socorro County,New Mexico,0.9012071446451241,0,0.2631395115041294,0.35838265721664586,3,35053,0.04353412134483473,0.07931079333372262,0.10446169172125924,0.02689219448882555,0.33909338458909805,122.97977352824763,14.836211741050777,1.45
35055,Taos County,New Mexico,0.906235978841482,0,0.24515861077685858,0.37983171945864624,3,35055,0.04179373624496258,0.08044524781423196,0.11189839898886501,0.022934058542370385,0.3408068036109595,135.87938127550444,7.7492565415652415,1.45
35057,Torrance County,New Mexico,0.917045279569985,0,0.27493563835951235,0.3575093820335808,3,35057,0.04293788746231435,0.08416266991135388,0.11144125120492959,0.02557665981462375,0.3450268158122298,122.45458006338394,15.052955085038516,1.45
35059,Union County,New Mexico,0.5117524463165462,0,0.23089344258564137,0.28085900373090483,0,35059,0.0375829371946688,0.081990109543557,0.1125589470960357,0.0227568198272544,0.3337810502213829,76.35653611966181,31.08954689633833,1.0
35061,Valencia County,New Mexico,0.8871203531932548,0,0.22141396260600654,0.3903931775272726,3,35061,0.03777904427547986,0.07386565977625664,0.10084872139134433,0.02446970362459054,0.3405303322108277,142.23111193800426,4.030589583670407,1.45
36001,Albany County,New York,0.920943575851047,0,0.23739769047561393,0.3977358101113151,3,36001,0.02594238640380638,0.06630750055705412,0.10453548033080298,0.02548277514287879,0.3840324532609402,146.64701968715073,1.4913706874079988,1.45
36003,Allegany County,New York,0.9578110844769903,0,0.2759066430883647,0.3846527255164562,3,36003,0.029685710666375993,0.07573448878107657,0.1116984116957409,0.025849782552514917,0.38818110518667726,138.77876617127495,5.897445470117337,1.45
36005,Bronx County,New York,1.0323535754602162,1,0.31238792621464323,0.3995800568613681,3,36005,0.03924560640016958,0.07858104693565116,0.10244451497063646,0.027976646058962676,0.39815427606616216,147.75616186765376,1.0713651120436232,1.45
36007,Broome County,New York,1.0187048309859155,1,0.3063620798917387,0.39619297596061687,3,36007,0.03077246519681509,0.08347190704344477,0.11578740316473916,0.026465799337214133,0.3955800059657594,145.7191490353463,1.912161119150581,1.45
36009,Cattaraugus County,New York,1.0003386139477672,1,0.299662024473202,0.3902266748011203,3,36009,0.032596327222788685,0.07978627564451611,0.11722170666516865,0.025964147238106552,0.391014565118507,142.13097609840528,4.023910296355905,1.45
36011,Cayuga County,New York,0.9834887510150847,0,0.28817111195743206,0.39009699219090216,3,36011,0.028493174242437243,0.07955704184920029,0.11984208433741467,0.025174813556171207,0.39089884027661204,142.05298411980127,4.1428718144571945,1.45
36013,Chautauqua County,New York,0.992773017247737,0,0.2905685984422248,0.3941024479355249,3,36013,0.03166438515909351,0.08310465731801574,0.11211775452611016,0.025946654050674093,0.3867610054356153,144.4618916688434,2.563442225463826,1.45
36015,Chemung County,New York,0.9830391838925507,0,0.28694902986639925,0.3910090279905323,3,36015,0.03153386366379591,0.0818394737321331,0.11032062155080444,0.025843721864997934,0.3886752482288488,142.60148847556033,3.7270758897663705,1.45
36017,Chenango County,New York,0.6687598484519581,0,0.2842177643058258,0.3845420841461324,0,36017,0.030832280746795664,0.07866397470973503,0.11269774105701326,0.025177890204840042,0.3934884612819729,138.71222572014972,6.213916405227565,1.0
36019,Clinton County,New York,0.9302085483252884,0,0.250688544172447,0.390834592603614,3,36019,0.027302238449644575,0.07286947056752344,0.10153458599389235,0.026504842724269638,0.38217438765278616,142.4965818813652,3.9263803000945767,1.45
36021,Columbia County,New York,0.9543859302032558,0,0.2703814275329325,0.3878157657106922,3,36021,0.03009810385051347,0.07651799569285093,0.11396583976251289,0.02379463090209327,0.392164334403789,140.68103944243717,4.952191668278473,1.45
36023,Cortland County,New York,0.8959640321178394,0,0.23394678264813798,0.3839594463986479,3,36023,0.02479403326829592,0.06922477636306572,0.10066814197376175,0.026032357237276618,0.3806897009497475,138.36182352929876,6.102048795591749,1.45
36025,Delaware County,New York,0.9720529782420398,0,0.2866146924139539,0.38376667189090113,3,36025,0.030226643308337135,0.07823154686405182,0.11716922846460662,0.024751917620189287,0.39439158560912513,138.24588766667003,6.489909331795202,1.45
36027,Dutchess County,New York,0.6447306202496634,0,0.24718795686369915,0.3975426633859642,0,36027,0.025894122808877346,0.07540950291655596,0.1050303369214432,0.02444576277211728,0.388240273884689,146.53085997039562,1.4201512764625437,1.0
36029,Erie County,New York,1.0173503523810021,1,0.3022884586768178,0.39933247399973537,3,36029,0.03130995691400756,0.07844610811892364,0.10908205114722706,0.026298848269422793,0.4091286576492923,147.60726389887674,1.1427669870985788,1.45
36031,Essex County,New York,0.7651445731840619,0,0.2846912782165274,0.3806518289000482,1,36031,0.029493292010237086,0.0817251038784211,0.11802866286609674,0.023911347229888098,0.3939751090376102,136.37260051206349,7.298859419203458,1.15
36033,Franklin County,New York,0.9763487513155987,0,0.2886365068690412,0.38470745955550967,3,36033,0.031401010345457406,0.08132539575667498,0.11157893208711134,0.025527579351621046,0.3919923555986905,138.81168358399196,6.3269010455532655,1.45
36035,Fulton County,New York,0.9841381704211207,0,0.2927930141078034,0.38592296549296945,3,36035,0.030175912420834526,0.08461614932773298,0.11233360237395248,0.0257865516656416,0.39138630929091545,139.5426968856826,5.682318934180655,1.45
36037,Genesee County,New York,0.9696215572741623,0,0.2809498422325828,0.3877546800254602,3,36037,0.03079070342335704,0.07715794572417162,0.10839674093670884,0.025464272692920085,0.3968849273126524,140.64430210774276,4.759701525744065,1.45
36039,Greene County,New York,0.9780160297628635,0,0.28956767969226155,0.3849261339372996,3,36039,0.030209342681046268,0.07934934102424981,0.11864750616813065,0.024621100913743185,0.3946146813999173,138.94319580199186,6.080623506255486,1.45
36041,Hamilton County,New York,0.7313953810207728,0,0.3354787637057543,0.3005172197905699,1,36041,0.03449610966452482,0.08916453536867305,0.12726413981434032,0.025188455327191002,0.4009897783264487,88.17911714066099,26.89461414836888,1.15
36043,Herkimer County,New York,0.9926862902506506,0,0.2964248002197918,0.38818643443582934,3,36043,0.030358621174333234,0.0866671083781346,0.11295611885255785,0.02521863846316491,0.3951270674102149,140.90396206275955,4.799665478755708,1.45
36045,Jefferson County,New York,0.9273417552506591,0,0.2458867897767947,0.39365924832710814,3,36045,0.026184128961786728,0.074138582962851,0.10151741572993202,0.02465771733067794,0.3919192343856434,144.19534849610184,2.776579241651763,1.45
36047,Kings County,New York,0.9160215647975825,0,0.23196923966123564,0.39976977054399365,3,36047,0.03112170262428137,0.06795160465482827,0.09180501849981729,0.024702277165513202,0.38910075361473845,147.87025692983158,1.0622799816512996,1.45
36049,Lewis County,New York,0.9362071611999151,0,0.27151941824335113,0.3741406929290041,3,36049,0.029529449804387715,0.07812096296718113,0.11113578407286781,0.02487561818491057,0.38861137804114104,132.45676031970973,9.622329406394767,1.45
36051,Livingston County,New York,0.7147347800999501,0,0.23309015931966834,0.3884183451150709,1,36051,0.02603327352417114,0.07050295932904407,0.10334027427185159,0.025132340838347065,0.3775264992838031,141.04343467749968,4.765896775817272,1.15
36053,Madison County,New York,0.940554482735162,0,0.2595624284168988,0.38909583553838534,3,36053,0.02573824898646941,0.0714271281227871,0.11134950743227699,0.02523728324439432,0.391842870250083,141.45088189429063,4.474385251044001,1.45
36055,Monroe County,New York,0.9632919709434069,0,0.2652197397669988,0.399119550538799,3,36055,0.03043107506803719,0.07477129525921718,0.10051732454286229,0.026922660150158727,0.3857360711349302,147.47921032267476,1.134844334110022,1.45
36057,Montgomery County,New York,1.0000970517107741,1,0.3038449646349275,0.38587713999319256,3,36057,0.03534641439974722,0.08412991947204332,0.11412536265852657,0.02655275145113079,0.3827724603605525,139.51513712734567,5.337163662620909,1.45
36059,Nassau County,New York,0.6319545359667007,0,0.23239598582183554,0.39955855014486513,0,36059,0.023450009099872986,0.06958257369967147,0.11454767893314952,0.02059350601827785,0.4013135755356852,147.74322758625303,1.0797500935941788,1.0
36061,New York County,New York,0.838222246526067,0,0.17833036320099566,0.3997539447480161,3,36061,0.024113500395946796,0.05851053427578309,0.09929327685923149,0.022175646741998657,0.37015956119616134,147.86073919156897,1.165730531534782,1.45
36063,Niagara County,New York,1.0181818049250295,1,0.3056573590623176,0.3965369891618408,3,36063,0.03133185602173589,0.08136425659393016,0.11265418460382458,0.026369501545613044,0.4022281743486799,145.92604084747305,1.8048591592275185,1.45
36065,Oneida County,New York,0.9977580953720505,1,0.29125601551040986,0.39685301578065957,3,36065,0.030212357842093803,0.07817400797267615,0.11570634514959655,0.026219202660847336,0.3906265375192614,146.1161013440327,1.746709728850783,1.45
36067,Onondaga County,New York,0.97202956253707,0,0.2719818204030893,0.3983833951397176,3,36067,0.03004864588413176,0.07306539200163062,0.10799241872014319,0.02547046505245328,0.39573856939279856,147.0364816018554,1.289235559729635,1.45
36069,Ontario County,New York,0.9425795054576205,0,0.2567880942106672,0.3932667371394159,3,36069,0.026309606064287044,0.07653916475136553,0.1104055775761705,0.02396338274289435,0.39107184068242434,143.9592896744847,3.0197832234404576,1.45
36071,Orange County,New York,0.9407919890763532,0,0.2507225146467664,0.39809954678520126,3,36071,0.027506847235952557,0.06966549491642794,0.10689302746276018,0.02584930251037976,0.3830444045231994,146.86577332605043,1.3463705508614698,1.45
36073,Orleans County,New York,0.9793467621021634,0,0.29386595309466795,0.3815456069757896,3,36073,0.03037501813306708,0.08114243673749645,0.11395185228580018,0.02615065836255516,0.3918960155007642,136.91012455204628,7.371960793764783,1.45
36075,Oswego County,New York,0.9482408883829754,0,0.26052812173143725,0.3934311116361319,3,36075,0.028427014902122204,0.07663622589906902,0.10456856466495337,0.026523642409577722,0.37950037601905884,144.0581455828394,2.856361120962273,1.45
36077,Otsego County,New York,0.7376782239554445,0,0.2530405320633104,0.38841879311533706,1,36077,0.027337091606622718,0.0657731610533049,0.10341287666841002,0.026208661351905346,0.3944182028718966,141.0437041078197,4.609743599678967,1.15
36079,Putnam County,New York,0.8972090224844993,0,0.22654521062135852,0.39221963247139957,3,36079,0.023166889647205705,0.0671252518527691,0.10871618163651835,0.02307215214786305,0.3896964150937087,143.3295540088721,3.267345315630306,1.45
36081,Queens County,New York,0.9247438997623483,0,0.23792212909501007,0.3998322845341956,3,36081,0.03282416471742924,0.06785936932681408,0.10498450952623628,0.022226720622269915,0.3896332438988847,147.9078532565718,1.0347964518083366,1.45
36083,Rensselaer County,New York,0.6460046418196106,0,0.25064846526596296,0.3953561765536477,0,36083,0.02581549643641257,0.07039977241106929,0.10368714306878925,0.02527396211224377,0.39536410047273113,145.21589234322374,2.117338962345299,1.0
36085,Richmond County,New York,0.914450067730895,0,0.23217992267101617,0.398475296453739,3,36085,0.027427190100289753,0.06889377406796841,0.10085704562513945,0.02247521623714509,0.3996165996246929,147.091751659304,1.1946230704775047,1.45
36087,Rockland County,New York,0.9283092851026534,0,0.24228790549587212,0.3979253945749234,3,36087,0.027826737273877473,0.06827212713143892,0.10561442539465049,0.023784940949341627,0.39298582998548065,146.76103703615783,1.3821731865651958,1.45
36089,St. Lawrence County,New York,0.9710282887087814,0,0.27640786649590215,0.39326681537222297,3,36089,0.028218676729188878,0.07597193465328472,0.10636208201568584,0.02623585166007585,0.3973454965758544,143.95933672421177,2.817336614402412,1.45
36091,Saratoga County,New York,0.6284744754296397,0,0.23155807861378433,0.3969163968158554,0,36091,0.022273141264899616,0.07119985726904239,0.10812313643253908,0.023506503095555686,0.38882155755464953,146.15421911736084,1.6296238097397164,1.0
36093,Schenectady County,New York,0.9505910317341413,0,0.26017513915755947,0.3954048827280552,3,36093,0.02729951692393265,0.07368193239149087,0.10990309613971795,0.024637868472438786,0.39219147068769583,145.2451845583163,2.1783982043330616,1.45
36095,Schoharie County,New York,0.8993456806025277,0,0.24389689730291436,0.37634150311262204,3,36095,0.02620407208322289,0.07143115845600086,0.10351185616821158,0.024953042821761664,0.3883866123426111,133.78034210498933,8.98877059266622,1.45
36097,Schuyler County,New York,0.9621519996307698,0,0.30160748959249756,0.3619456136011368,3,36097,0.03206777937886732,0.08423596933529894,0.1171288621405778,0.02560317338683692,0.39067364573536295,125.12255903849338,13.6473742501693,1.45
36099,Seneca County,New York,0.9363230926059737,0,0.26728994542270074,0.3784501184434881,3,36099,0.02878556546655481,0.074498482963395,0.11228463677733551,0.02489816988611476,0.38928435800325767,135.04847729668836,8.122141927782918,1.45
36101,Steuben County,New York,0.9886229356434476,0,0.2896525731798707,0.3921563479535415,3,36101,0.030307626101180776,0.08510826834748696,0.11551015674629214,0.025762656993567102,0.3821880046903895,143.2914942817086,3.3329633552035607,1.45
36103,Suffolk County,New York,0.6169041181082554,0,0.21731437759356073,0.3995897405146947,0,36103,0.02429757233695073,0.06699210090443775,0.1018643821529594,0.02258117134729468,0.39173854312043394,147.76198568074471,1.0810970760556295,1.0
36105,Sullivan County,New York,0.9602027107959819,0,0.27152757995237864,0.39068118611381575,3,36105,0.031274316151441876,0.07896970356297016,0.11166666503386541,0.024907850602758155,0.382059264789629,142.404322204837,3.7847269063931726,1.45
36107,Tioga County,New York,0.9418402168191944,0,0.26459528960597906,0.38494968751070674,3,36107,0.02938138606448916,0.07684413562567122,0.1115177288744879,0.02443407455360764,0.3862102441268363,138.95736107665846,5.956052242042349,1.45
36109,Tompkins County,New York,0.7978372360340467,0,0.1573136734610322,0.39291890311417244,3,36109,0.01890366438396332,0.054017699774975815,0.0861056943603967,0.024670111903355805,0.3686758838464799,143.75009999354825,3.1576198580389057,1.45
36111,Ulster County,New York,0.9588283114025883,0,0.2654433783939223,0.3958175260216559,3,36111,0.027503133120949978,0.07708755471668872,0.11352512839318657,0.024863466093044625,0.3849055760694704,145.4933509614405,1.9942889380094544,1.45
36113,Warren County,New York,0.9464235761160603,0,0.26335107805969654,0.38935483650310365,3,36113,0.026811222506296143,0.07912754035858273,0.11069174574186365,0.024224270786844398,0.39061357579874095,141.60664678570328,4.388857041645552,1.45
36115,Washington County,New York,0.9434421270703837,0,0.2625826350552747,0.3880671077518864,3,36115,0.028068278177401713,0.0759689515810312,0.11118027646452384,0.02510753750901057,0.38395185221019673,140.8321982066395,4.908921745695433,1.45
36117,Wayne County,New York,0.6539233382520389,0,0.26186782664286695,0.39205551160917196,0,36117,0.028210331600827504,0.07623366399044994,0.11484298416979145,0.024751330252643828,0.3794203498049161,143.23085063797447,3.371738798354816,1.0
36119,Westchester County,New York,0.8889361965609741,0,0.21366066672147774,0.3993987791826423,3,36119,0.026965743436537393,0.06599003687268734,0.10011022713641798,0.02222801615859363,0.3882768065809067,147.64714027395829,1.141717052305479,1.45
36121,Wyoming County,New York,0.9391965805610742,0,0.26520004502181316,0.38252173467547945,3,36121,0.027658886770218247,0.07669611333398615,0.11333714745440505,0.024653744253895837,0.38673383420728547,137.49717419995935,6.727954046966783,1.45
36123,Yates County,New York,0.9458148519065869,0,0.2805426449517327,0.37174345981143064,3,36123,0.02896417810528754,0.08004681873948474,0.11418436966832324,0.0253534863102534,0.38837761808412913,131.01504848417417,10.387731272526558,1.45
37001,Alamance County,North Carolina,0.794945286857006,0,0.29755627032262155,0.39370050085738373,1,37001,0.034272886875268534,0.08753586355171736,0.11773406113432834,0.022956880196741507,0.3952534443498892,144.22015804036693,2.7636668028394302,1.15
37003,Alexander County,North Carolina,0.9379237906112762,0,0.275938686191919,0.370905307333099,3,37003,0.032882921814521855,0.08244707311160329,0.12040911855481613,0.022274000468323087,0.3840349641960481,130.51097804599445,10.662969138007659,1.45
37005,Alleghany County,North Carolina,0.9759872302492774,0,0.34967995061318957,0.3234146909380362,3,37005,0.04196170147724727,0.09582161339427869,0.13377439389205037,0.023232111259291602,0.3928853779241677,101.94980757336772,22.72552437380165,1.45
37007,Anson County,North Carolina,1.052850374898872,1,0.37025345326721276,0.3558502535595955,3,37007,0.04534285067350437,0.10196032181024248,0.11917272675996535,0.025059402676563366,0.4065949246867856,121.4567692371928,14.550635551462072,1.45
37009,Ashe County,North Carolina,0.9898003152757576,0,0.31924336418575894,0.36337754290097046,3,37009,0.03624499501160375,0.09256153837839437,0.13104332120146422,0.021958370768084365,0.3929645716592018,125.98373078023458,12.536195317175173,1.45
37011,Avery County,North Carolina,0.9310373620392951,0,0.2941250202199114,0.3479697122209819,3,37011,0.03384808876998514,0.0874044352462386,0.12505654258390592,0.02200513720106074,0.3885677335037057,116.71735960905995,16.45254982825056,1.45
37013,Beaufort County,North Carolina,1.0608087034202947,1,0.3541219579967884,0.3774702512585873,3,37013,0.04122679648438674,0.09847645285597997,0.12585695292163554,0.023502767148243474,0.40582823167749804,134.45917869766254,8.011703660281462,1.45
37015,Bertie County,North Carolina,1.104677870319994,1,0.4160275107320527,0.3458192963851846,3,37015,0.0511716643794128,0.10980291590610905,0.12202574667008909,0.026449186248651627,0.4147884286216184,115.42408531751744,17.1930627780755,1.45
37017,Bladen County,North Carolina,1.0588828726982753,1,0.3654084600002542,0.36485559013648744,3,37017,0.043902881580335916,0.10009900733154951,0.1231649494496947,0.024969997950323102,0.40208694440547665,126.87263815319895,12.512681127959665,1.45
37019,Brunswick County,North Carolina,1.0441332680366187,1,0.32750180594717776,0.3925901030435939,3,37019,0.035390998057011375,0.0910079037857999,0.13357938511343148,0.02169686071417003,0.4041792598439162,143.55235745870544,3.064471918136875,1.45
37021,Buncombe County,North Carolina,0.9210426169466539,0,0.2392817665098626,0.3959200382809332,3,37021,0.028806479944789395,0.07496817644284368,0.11072092617469124,0.02139989409359024,0.3875933845586081,145.55500251147302,1.9798511811963184,1.45
37023,Burke County,North Carolina,0.7947588278641208,0,0.30300397654453814,0.3880906563807844,1,37023,0.03518670596960701,0.0874258970773146,0.12052776099741784,0.022953064812083118,0.394681668791724,140.84636050764558,4.664841249343719,1.15
37025,Cabarrus County,North Carolina,0.9549215726925319,0,0.26328559490074016,0.3952810069561784,3,37025,0.02998466763520672,0.07911236733102926,0.11350106669552225,0.022487913788796075,0.3916579498711568,145.1706848506568,2.1184581100357325,1.45
37027,Caldwell County,North Carolina,0.7991347629087397,0,0.30801406533801795,0.3868857284956689,1,37027,0.035112158332976595,0.09055939993320059,0.12455937975881608,0.023328541802522397,0.3864175856288095,140.12170891652448,4.94792787084673,1.15
37029,Camden County,North Carolina,0.8563987176275689,0,0.26924167368417995,0.3213781315762124,3,37029,0.0315847724266122,0.08220336477718704,0.11627811832736384,0.02226174735190945,0.38694172094924084,100.72500731752773,21.81473173527651,1.45
37031,Carteret County,North Carolina,0.9792376473198594,0,0.2909315431046754,0.3844047653917794,3,37031,0.03240928278479623,0.0853929541550643,0.12585537136970673,0.02102527241906505,0.3978050893269112,138.62964131401066,6.075742298276592,1.45
37033,Caswell County,North Carolina,1.0133382748028685,1,0.34279201250653124,0.3560619701161367,3,37033,0.040962465553646896,0.09695531937920243,0.12192502496589075,0.0240824152585748,0.3983619243214982,121.58409697311754,14.604347967211648,1.45
37035,Catawba County,North Carolina,0.7790165772836602,0,0.2841146426238339,0.393291076753262,1,37035,0.032051925491595634,0.08492273991818326,0.1192584890471432,0.022496206962584826,0.39124104598263654,143.97392767906467,2.845627316567186,1.15
37037,Chatham County,North Carolina,0.7678449298590494,0,0.2811098527361955,0.38658139061949964,1,37037,0.0327998805004172,0.0832105808582367,0.11918519547356932,0.020949082299204492,0.4006095521060473,139.93867810702227,5.364881768021979,1.15
37039,Cherokee County,North Carolina,1.0453958880403924,1,0.35509395004892835,0.3658687313582389,3,37039,0.04077465882412008,0.09588194855598435,0.13510362493452066,0.0229105137757968,0.4018218921509846,127.48194797782982,12.10763346545363,1.45
37041,Chowan County,North Carolina,1.015495571827673,1,0.36432071432193414,0.336021059352323,3,37041,0.04258246053020167,0.10067282825629947,0.1271860967455608,0.0237551270508887,0.4062001092695031,109.53136082856224,19.70079806080518,1.45
37043,Clay County,North Carolina,0.957822762819935,0,0.33592766703027854,0.32463975560415936,3,37043,0.0371919406725933,0.09481495425838896,0.1364240761681375,0.0216665543394271,0.398964482229837,102.68656955763149,22.175050839932094,1.45
37045,Cleveland County,North Carolina,0.8255143151203176,0,0.32898944241862005,0.3888490924686127,1,37045,0.038652268539998855,0.09404960640583618,0.12057089115086661,0.02385273570691645,0.397366701962123,141.30248898188685,4.393293850774006,1.15
37047,Columbus County,North Carolina,1.072602293036294,1,0.3611513034060043,0.3785744159293709,3,37047,0.04398061177199915,0.09944937214923726,0.1233245258200579,0.024550433041939723,0.4012432581977927,135.1232306259374,7.879975178285104,1.45
37049,Craven County,North Carolina,0.964939308984959,0,0.27620944912674544,0.3892659363801229,3,37049,0.033395454605208486,0.082930654273599,0.10930945098123729,0.022935098288684785,0.3947278080568095,141.55318166437553,4.039728482638875,1.45
37051,Cumberland County,North Carolina,0.9427395769914105,0,0.253487427341828,0.3966777981694896,3,37051,0.03205901537530838,0.0768304429762407,0.09419833574026408,0.024476579823577718,0.3946599461390386,146.0107243150045,1.7735853582019985,1.45
37053,Currituck County,North Carolina,0.6295726156706356,0,0.2631232173666049,0.36644939830403067,0,37053,0.029707220677887627,0.08160586265582542,0.118881461818288,0.02146558397902873,0.3878012114372294,127.8311649155216,11.909906596010526,1.0
37055,Dare County,North Carolina,0.6245355719963726,0,0.25205862550572344,0.37247694649064905,0,37055,0.02808242237660408,0.07974167454075798,0.12176254298151505,0.020633788724375823,0.3844701485737232,131.45617221923555,9.790149422748144,1.0
37057,Davidson County,North Carolina,1.0055688357126733,1,0.2999946731694969,0.39350107559786407,3,37057,0.03310496318969948,0.0867835949784258,0.12053502738459027,0.022645646829076358,0.3997817184372517,144.10022237168016,2.8414126679804865,1.45
37059,Davie County,North Carolina,0.9522642502668741,0,0.2813031522162294,0.375430813485063,3,37059,0.0319811895918821,0.08280408004085853,0.12209509412693313,0.021519036364186544,0.3945190793218688,133.23264734600804,9.130986576310724,1.45
37061,Duplin County,North Carolina,1.0485357389657188,1,0.34466574706574865,0.3784623487726781,3,37061,0.04357188251407088,0.09551572370597913,0.12056990839210267,0.024630186532963654,0.39413696291578176,135.05583269746955,8.156748605907598,1.45
37063,Durham County,North Carolina,0.9232989107845689,0,0.24006770365472305,0.3966901658518762,3,37063,0.030200005672544415,0.07300096516016148,0.09278970317013895,0.023477816567038016,0.4002719432405185,146.01816232090562,1.691852874398268,1.45
37065,Edgecombe County,North Carolina,1.1196149045294121,1,0.39536498950476845,0.37678322051551594,3,37065,0.04850326268250116,0.1045054165004333,0.1196444675277587,0.02655857430284052,0.4099011813924996,134.04599386953643,8.638825871847434,1.45
37067,Forsyth County,North Carolina,0.9840072817933296,0,0.28142991739201106,0.3971957941895956,3,37067,0.033638145258875936,0.08171660454501035,0.11121879033262683,0.02234670264339141,0.40299635964231467,146.3222505439192,1.5192687399926894,1.45
37069,Franklin County,North Carolina,1.0122975483836427,1,0.3128518568240774,0.3852843834405038,3,37069,0.0379381245863776,0.09042098640528937,0.11817455814109507,0.023656175218238495,0.39245757868769976,139.15864942018948,5.70472951401068,1.45
37071,Gaston County,North Carolina,0.9874808083932972,0,0.2858519272684706,0.3951693198993207,3,37071,0.032444119896808156,0.08867958000489161,0.11867644522464116,0.022435764750823657,0.3879566096028129,145.1035155167412,2.1314720168928805,1.45
37073,Gates County,North Carolina,0.9435301691173665,0,0.33197482049443544,0.3187356409658173,3,37073,0.038999054058131505,0.09324895001208083,0.11978127733761298,0.023564560538070364,0.40432794664092436,99.13579600538192,22.95379974081756,1.45
37075,Graham County,North Carolina,0.9074258600353189,0,0.3252054455023367,0.3006054924530556,3,37075,0.037501075893150736,0.09169386410362179,0.1301670531188327,0.023020243492097036,0.39089175245302354,88.23220490310135,26.79438300848229,1.45
37077,Granville County,North Carolina,0.9939099638613698,0,0.30261808065705237,0.38283706683354757,3,37077,0.036706682590317966,0.08850694827862773,0.11435939893549556,0.023281462752494222,0.39615062136788665,137.68681704323524,6.419199627896778,1.45
37079,Greene County,North Carolina,0.9649945990561096,0,0.31427398615193225,0.3512395304384882,3,37079,0.0401807522177966,0.09344596024506945,0.11459070338424307,0.023858447339991026,0.3881413667906542,118.68384988890412,15.659812263542625,1.45
37081,Guilford County,North Carolina,0.9666387442835945,0,0.26870501544568465,0.3979423944050703,3,37081,0.031813601482851804,0.08016094802388296,0.10810979844409546,0.02269846632231452,0.39831177991356614,146.77126084632684,1.3234780836055833,1.45
37083,Halifax County,North Carolina,1.1448805402298932,1,0.41221275560863346,0.3773600307568102,3,37083,0.05042852171336389,0.10914082077086812,0.12260850803581883,0.02636753282616415,0.41319771870735944,134.39289135966197,8.154501447211233,1.45
37085,Harnett County,North Carolina,0.9497799525776045,0,0.2630817584077389,0.3919388985423331,3,37085,0.03211111059409367,0.07923162592110013,0.10636414142682918,0.023109563290891953,0.3925662715326264,143.16071876910982,3.2587863273809416,1.45
37087,Haywood County,North Carolina,0.7817598726574541,0,0.2968615410566304,0.3829296525585471,1,37087,0.034882688364204016,0.08514536091405966,0.12542531297985876,0.021993213449208328,0.3918443629520609,137.742498709968,6.390832528457731,1.15
37089,Henderson County,North Carolina,0.9797785708571504,0,0.28522145096270596,0.3904879082491219,3,37089,0.03173456257907752,0.08348629788965443,0.1274459582310137,0.020419568749693542,0.3982645270350072,142.28808362001453,3.737558013632176,1.45
37091,Hertford County,North Carolina,1.067562970452487,1,0.38322675474639084,0.3530235697036001,3,37091,0.047716265054822404,0.10459402445477373,0.11743996761691892,0.025610504828855678,0.4093463681230405,119.75678289016996,16.003697687545735,1.45
37093,Hoke County,North Carolina,0.9898029240890526,0,0.3024358789385428,0.3801868273297693,3,37093,0.03849120280262945,0.08506211039799855,0.1050990082374051,0.025597535648278675,0.3936494392853661,136.09294549541153,7.222474214527126,1.45
37095,Hyde County,North Carolina,0.8680877700446626,0,0.34355492158593026,0.25512629913452683,3,37095,0.0419570336573596,0.0987877190877914,0.1227604853618723,0.0234260998442981,0.3977287899049982,60.88071755826482,30.6115935669796,1.45
37097,Iredell County,North Carolina,0.9691635870843045,0,0.2741582085468022,0.39423047220099405,3,37097,0.03184308520833181,0.07931824132120606,0.11723854308977885,0.02195203515461747,0.3966916654152174,144.53888630795862,2.406024339262146,1.45
37099,Jackson County,North Carolina,0.9580699548217501,0,0.2856330237289523,0.3751048761481168,3,37099,0.03257424276978615,0.08295201266037168,0.122399216176381,0.02249058041713208,0.3896415203414694,133.03662647808594,8.982568724268459,1.45
37101,Johnston County,North Carolina,0.9716498215460757,0,0.2749214887858494,0.39518183641834076,3,37101,0.03357162860191469,0.08323104008646404,0.11463615148379831,0.02261905651488624,0.3865375549507611,145.11104303397707,2.154823680791135,1.45
37103,Jones County,North Carolina,1.019507150613583,1,0.39418931286330483,0.3089190668702008,3,37103,0.04820856471796644,0.10428718665688468,0.12754584639127542,0.025277687616787933,0.4070327727953585,93.2320434857321,25.21385231710524,1.45
37105,Lee County,North Carolina,0.9768751524166346,0,0.29052514312769157,0.383181858538953,3,37105,0.036444303322878555,0.08593395049296838,0.11292982688795278,0.02314909248843394,0.39090786281661716,137.89417705292033,6.4448390770177975,1.45
37107,Lenoir County,North Carolina,1.137756613461022,1,0.40476981498348386,0.3798899184379107,3,37107,0.04987897626094177,0.10710384333448295,0.12017524006652994,0.02748821000173684,0.404889039903,135.91438252615737,7.753922338209161,1.45
37109,Lincoln County,North Carolina,0.9520512750221917,0,0.2684805270203808,0.3881065592018204,3,37109,0.030127164480360236,0.07782103435110424,0.11833296614589615,0.021644187496572254,0.39761854928314405,140.8559245692873,4.537283905129478,1.45
37111,McDowell County,North Carolina,0.9707775398090503,0,0.2932364579123371,0.3762652936801114,3,37111,0.03463692862636482,0.08670683570487854,0.12221160344078344,0.02257106767019136,0.386897254686342,133.73450924875826,8.71974211271104,1.45
37113,Macon County,North Carolina,1.0209105096529898,1,0.3307774968632263,0.3732987166905598,3,37113,0.03699473223809302,0.09117452751409885,0.13743007129238557,0.021222656518576844,0.4011193438483748,131.9503902469345,9.461416148494123,1.45
37115,Madison County,North Carolina,0.9534440007148722,0,0.3027243311865579,0.354823255513354,3,37115,0.03469301960482655,0.08768039185412393,0.12663604643523657,0.022207163601457584,0.3913001887513474,120.83912582676096,14.96383923248797,1.45
37117,Martin County,North Carolina,1.0970435371386305,1,0.40179351802382385,0.35478823172695584,3,37117,0.04801183604132385,0.10663820531865222,0.12568499139715897,0.02543838801492465,0.4138539519925074,120.81806229021737,14.831956561097833,1.45
37119,Mecklenburg County,North Carolina,0.8785128173168638,0,0.206718450353141,0.3991524581412479,3,37119,0.027270760120309583,0.07134561563374678,0.09777714746201058,0.021365001117743847,0.3823898957481074,147.49900117220952,1.104694324286566,1.45
37121,Mitchell County,North Carolina,0.9381023919531699,0,0.30907923603386633,0.3378879308303888,3,37121,0.034662927920925624,0.08878042991713014,0.12945301856423497,0.0219995796368697,0.39370491210101355,110.65410966997474,19.804724941498264,1.45
37123,Montgomery County,North Carolina,1.0033410582278843,1,0.3303049730859527,0.36165437741603657,3,37123,0.039921114181820795,0.09376611768750882,0.1230267515589962,0.023388248226540818,0.39579893597819704,124.94740767256354,13.072524407950771,1.45
37125,Moore County,North Carolina,0.6919115110494433,0,0.3022603366393148,0.3896511744101285,0,37125,0.03327382504682336,0.09204882251429793,0.1266676375017777,0.020623927656717066,0.39974502336261947,141.78486636090585,4.257872245052882,1.0
37127,Nash County,North Carolina,1.0447981250326457,1,0.33190819515651315,0.38864223590048397,3,37127,0.038978781230570546,0.09190509820326577,0.11721591763091892,0.024345866639275654,0.40438115135029024,141.1780840751036,4.517299172137449,1.45
37129,New Hanover County,North Carolina,0.9377011825149357,0,0.2515101526576538,0.39518031804230186,3,37129,0.029410249980924685,0.07933370374286737,0.11097718628360402,0.022454794834963404,0.384333942450114,145.11012987259528,2.177593963626961,1.45
37131,Northampton County,North Carolina,1.1295173561150516,1,0.43364989333431037,0.3453275936415873,3,37131,0.05189170494953986,0.11373444296901872,0.12977741870071643,0.02575571496096694,0.41919356967314736,115.12837203881591,16.762568403843424,1.45
37133,Onslow County,North Carolina,0.6569685871123561,0,0.1767687927824825,0.39450823948913144,1,37133,0.02247167182342787,0.0632507337161918,0.08977840522466544,0.021959866192782732,0.3819870430008219,144.7059373902654,2.4511499166326765,1.15
37135,Orange County,North Carolina,0.8194840258331898,0,0.17281918080444586,0.3923422163218919,3,37135,0.022047399701436488,0.0631931814685537,0.09308594776844911,0.021113226845770047,0.3801251019523799,143.4032767464752,3.1369043677901756,1.45
37137,Pamlico County,North Carolina,0.9797616227142774,0,0.3496816258149453,0.3260160450224874,3,37137,0.040400810823007074,0.09947410752982255,0.1317845836315775,0.02230300483963545,0.4014309351545947,103.51427910701996,22.29064200417667,1.45
37139,Pasquotank County,North Carolina,0.9979211916640884,1,0.3131861254702197,0.3750353860222551,3,37139,0.03772935718550428,0.08885252644484833,0.1106779573185283,0.0244395735621009,0.40143419971864475,132.99483465726837,8.875048634895926,1.45
37141,Pender County,North Carolina,0.9894725095376332,0,0.29918832456290734,0.38320650960097763,3,37141,0.0349862048965204,0.08802795584056172,0.12472688329980068,0.022232163045970792,0.3890936370604618,137.90900236449264,6.316408055431909,1.45
37143,Perquimans County,North Carolina,0.9985832162695247,1,0.3575590810109597,0.3311189991749195,3,37143,0.04123603343645057,0.0991745650182078,0.13025966828790486,0.0232505538648553,0.40346851637681735,106.58322944973996,20.5595994027477,1.45
37145,Person County,North Carolina,1.0205453254151038,1,0.3301823311793432,0.3736420311759008,3,37145,0.038787442309375655,0.09304999869829825,0.11851099146094982,0.02363294041689817,0.4046884847906349,132.1568618467128,9.650475293641854,1.45
37147,Pitt County,North Carolina,0.949310763396114,0,0.2611904808919584,0.3935065973122581,3,37147,0.0307377011726495,0.07937162751666425,0.1046109182090669,0.024557233560993437,0.3854204900154039,144.10354316719892,2.843387571429375,1.45
37149,Polk County,North Carolina,0.9983375803959607,1,0.33641423450716923,0.35209444162797604,3,37149,0.03670231926713417,0.09560458668323524,0.13528319138228634,0.021147220497605486,0.40523100557639175,119.1979991266987,15.688092177288542,1.45
37151,Randolph County,North Carolina,0.7881142326422128,0,0.292864161795351,0.3924525622413559,1,37151,0.03500339932937315,0.08518699185050518,0.12087640373832165,0.022670310927061618,0.38919844450029917,143.46963951150127,3.112513766804739,1.15
37153,Richmond County,North Carolina,1.0690737787038431,1,0.36170667788398825,0.3755855832910761,3,37153,0.04309761441263369,0.0970469769473417,0.11994065910986837,0.025809884969059334,0.4032712953148952,133.32572692991536,8.909212432056062,1.45
37155,Robeson County,North Carolina,1.1264524604371082,1,0.3863285573001138,0.39053520851858153,3,37155,0.04669352528797924,0.0991445072663442,0.11903680714921511,0.0279372210583216,0.40304658968400947,142.3165303145826,3.773771472086932,1.45
37157,Rockingham County,North Carolina,1.0455160699217918,1,0.3329867933124497,0.38805877215085505,3,37157,0.03926695547923672,0.09377343414400972,0.12310516175120698,0.023669194250724324,0.397985549788221,140.82718512110557,4.7501589930750505,1.45
37159,Rowan County,North Carolina,0.9987358541764636,1,0.29613889832602786,0.3926444493818781,3,37159,0.03583328269439184,0.0859499441129872,0.11633547492975778,0.022992635255449614,0.3942228862131164,143.58504170561827,3.197356447127874,1.45
37161,Rutherford County,North Carolina,1.021690851010399,1,0.3218054809471446,0.38280889906002713,3,37161,0.03769601098578074,0.09115178519777897,0.12334946428855169,0.023530436985802008,0.394388241700833,137.6698767581343,6.516627119157146,1.45
37163,Sampson County,North Carolina,1.0332217655962872,1,0.3305458576163164,0.3820208772776749,3,37163,0.041914026435719,0.09524485578877442,0.11898752568542248,0.02407577423399818,0.39014327230297463,137.19595525173236,6.8554706005993085,1.45
37165,Scotland County,North Carolina,1.0881581509731686,1,0.38054977889030284,0.3699041183325721,3,37165,0.04622197803342751,0.10014784966722916,0.12186574976886388,0.0262155405018047,0.40516463010174675,129.90885636617685,10.51387954078663,1.45
37167,Stanly County,North Carolina,0.765899058380808,0,0.2827073448680357,0.38329183633266695,1,37167,0.03344168098439492,0.08335536156911665,0.1200772413610946,0.022319624287116223,0.38874732741933465,137.96031842468815,6.380562337701422,1.15
37169,Stokes County,North Carolina,0.9669357967020594,0,0.29036911099215457,0.3764831625954727,3,37169,0.033203806132261,0.08417175869386795,0.1231718240201982,0.022596644085891224,0.38935953885391317,133.86553705392626,8.717285419530173,1.45
37171,Surry County,North Carolina,1.0022491368489628,1,0.3064190778968676,0.38478722337827914,3,37171,0.03632285155002844,0.08806721047384683,0.1251076767722994,0.022717776483147552,0.38924569563534517,138.8596540740087,5.783777207236631,1.45
37173,Swain County,North Carolina,0.9812430386384332,0,0.3423821826218677,0.3343371543701552,3,37173,0.0407674818150242,0.09208181758118245,0.1258471548166586,0.02472803382991155,0.3945690350075401,108.51864924665064,20.13477452135377,1.45
37175,Transylvania County,North Carolina,1.01260498864948,1,0.32908977163212927,0.3692584964019948,3,37175,0.03572762946008287,0.09217695495707416,0.1339528953267986,0.021396718012472574,0.40502437281758086,129.52057507147458,10.386657504769923,1.45
37177,Tyrrell County,North Carolina,0.8476653205391764,0,0.354973478997228,0.22962329378841095,3,37177,0.0442496431744692,0.1008043519281387,0.1230891818891783,0.0237646947718096,0.3983124690731282,45.54304164360874,33.288198543011404,1.45
37179,Union County,North Carolina,0.7066229087061368,0,0.21909763988602904,0.39535706333669857,1,37179,0.026248048121180877,0.0717721983510279,0.10761282751861456,0.02094390211566845,0.3852699049416977,145.21642566040958,2.109760839510856,1.15
37181,Vance County,North Carolina,1.1029776440005261,1,0.3858074138557583,0.37486682338598376,3,37181,0.04679939785942776,0.10322507033269736,0.1203036015903754,0.02648719945325071,0.4052154411286566,132.89345997411385,8.99314143718978,1.45
37183,Wake County,North Carolina,0.8541041214301367,0,0.18982937222265062,0.39920795290158156,3,37183,0.023498119338831516,0.06706000107354484,0.0986602006519874,0.020151694421195573,0.3876450438113182,147.53237608773057,1.1414442070449289,1.45
37185,Warren County,North Carolina,1.0996060915140886,1,0.41030469575374134,0.3480443328766647,3,37185,0.04992106906163132,0.10956912309627381,0.12870783882163866,0.024879628638350533,0.41349770812338393,116.76223696440964,17.24477954305164,1.45
37187,Washington County,North Carolina,1.0298994712284781,1,0.3901860588824994,0.3200894385164511,3,37187,0.04671861818675987,0.1047526791761907,0.12753858782780247,0.024977549058551367,0.4079632892046495,99.94997879693432,22.56480272415384,1.45
37189,Watauga County,North Carolina,0.8760248334772196,0,0.22295627504867166,0.3811987825218246,3,37189,0.025423912743536732,0.07109171383328955,0.11110108470399556,0.022189471979771436,0.37748331588448863,136.70154203394696,6.813822735072062,1.45
37191,Wayne County,North Carolina,1.0446868970595449,1,0.33000831966416794,0.39046540244586314,3,37191,0.04108087451839493,0.08990128894332561,0.11143736566880305,0.024692789903455307,0.406636604324998,142.2745484812379,3.780829756744533,1.45
37193,Wilkes County,North Carolina,1.0198813569933232,1,0.32023363696182566,0.38313281613701794,3,37193,0.03681785270072517,0.08935613313690337,0.1288567631363893,0.023059057041406386,0.39244896793489237,137.86468262837124,6.476321418428882,1.45
37195,Wilson County,North Carolina,1.0957318087559254,1,0.36973257240907675,0.3859445370777683,3,37195,0.04578615128002824,0.09741034229580378,0.11852530308954945,0.02614413744144401,0.4044791187543875,139.5556701793051,5.44339269693497,1.45
37197,Yadkin County,North Carolina,0.9678624435288419,0,0.29503396761458717,0.3724573727501314,3,37197,0.035158793503183676,0.08669611236786871,0.12590101691846556,0.022632077206833627,0.38133058470108877,131.44440044236364,9.45761924223692,1.45
37199,Yancey County,North Carolina,0.9920166203751649,0,0.33434327496184724,0.3498061184003355,3,37199,0.03767546442275334,0.09405092555286716,0.13216260131409854,0.022515443340072522,0.39745818068663274,117.82178641854132,16.040244970060254,1.45
38001,Adams County,North Dakota,0.48110358259672886,0,0.2519494074108358,0.22915417518589304,0,38001,0.0334115853222925,0.0889107376642534,0.1193425873899897,0.0211838820413975,0.3574778093438978,45.26091061656678,33.01314188349601,1.0
38003,Barnes County,North Dakota,0.5708456024657288,0,0.2275769759381743,0.3432686265275545,0,38003,0.0309461367061268,0.08038699096993188,0.11422396209112227,0.021736683946028675,0.35382815612877594,113.8900956127484,18.385323012040377,1.0
38005,Benson County,North Dakota,0.9079437975186576,0,0.31507796477918426,0.3110901714405796,3,38005,0.04380683157031137,0.0910249820485475,0.10919637623069207,0.0273442697538011,0.3657829789077862,94.53776011894338,23.636488522080384,1.45
38007,Billings County,North Dakota,0.4621924292677905,0,0.24026021349978657,0.16164624673307482,1,38007,0.0314325644386095,0.0858520798715253,0.1199180665372944,0.0211490141057957,0.3536660998338241,4.661196417125982,34.957920927837,1.15
38009,Bottineau County,North Dakota,0.8198322547925978,0,0.25086090738824324,0.31454064764113454,3,38009,0.03276433459734104,0.08665055519377683,0.1200922286045858,0.021225845093196433,0.35973617138158565,96.61289930340835,24.207721222387352,1.45
38011,Bowman County,North Dakota,0.7171304049264781,0,0.24004726841530669,0.2545254246374369,3,38011,0.03101583442979405,0.0861779342332652,0.11821209846348449,0.021157272213421452,0.3565743516373105,60.51934766571014,31.641084034429987,1.45
38013,Burke County,North Dakota,0.7191360626145942,0,0.26651704566070333,0.22943885959074098,3,38013,0.0334721320142675,0.0901372207886661,0.1241712773733448,0.021295842254435,0.3626819973982949,45.43212169856501,32.626132696899475,1.45
38015,Burleigh County,North Dakota,0.661456802706157,0,0.18253625001412227,0.3926435784260144,1,38015,0.024530991277081738,0.06963247601540633,0.10570484569940275,0.022296249942498472,0.3462247619327161,143.5845179070074,3.1396326993766213,1.15
38017,Cass County,North Dakota,0.8020291721467827,0,0.15705602478527736,0.3960675422125038,3,38017,0.024059871777991786,0.06402695353262332,0.09271989720951469,0.022883956817956637,0.34428934961111235,145.6437123504847,1.9359375351700119,1.45
38019,Cavalier County,North Dakota,0.817220258914473,0,0.2930747276986099,0.27052545086309554,3,38019,0.035583175727304156,0.0952880212294184,0.129447892772021,0.02107383487128075,0.3717622602066212,70.1418691507133,30.196971621282664,1.45
38021,Dickey County,North Dakota,0.5322563162715661,0,0.2344320827046856,0.2978242335668805,0,38021,0.029297501280889333,0.08568135613809069,0.11613668956838892,0.020896300902543366,0.36069995937707083,86.55953743305321,26.78765481702062,1.0
38023,Divide County,North Dakota,0.6097176001982738,0,0.30172562192409796,0.22846359563961843,1,38023,0.0383302602054608,0.0981649697079801,0.130575325974974,0.0216094074811607,0.3642654790374853,44.84559151474717,32.329684676124415,1.15
38025,Dunn County,North Dakota,0.7541125972027647,0,0.23807284668229212,0.28200480656099397,3,38025,0.0319425118184377,0.0822867046802806,0.1164311576534063,0.0215467189781314,0.3578105387489428,77.04562951204821,30.12828530225713,1.45
38027,Eddy County,North Dakota,0.7663158137551347,0,0.2944348581323308,0.23405880652638286,3,38027,0.0369996986906515,0.0942376975340467,0.1273726253469559,0.0219459528312779,0.3679679808527624,48.210588309856966,32.42602354368818,1.45
38029,Emmons County,North Dakota,0.8383608363258038,0,0.3136351854774032,0.26454470164384086,3,38029,0.0387083696445139,0.1026991963486284,0.1290514551256963,0.0214947954004857,0.3726275251150715,66.54500705517479,31.71292866940898,1.45
38031,Foster County,North Dakota,0.5288939351556701,0,0.26091721371134513,0.267976721444325,0,38031,0.0331846985524233,0.0881566773888607,0.1196333573993023,0.0215280122067291,0.3656657268808811,68.60904643869493,31.40336081623781,1.0
38033,Golden Valley County,North Dakota,0.5554165880567069,0,0.2737631210783106,0.20920782505795632,1,38033,0.0344108904896298,0.0907606012148692,0.1210830117465518,0.0215767412948537,0.3699357252100207,33.26504386319432,31.086522361055515,1.15
38035,Grand Forks County,North Dakota,0.7851193692988064,0,0.15195001967476846,0.3895116143244084,3,38035,0.023281373406344237,0.0649261222868354,0.09013951988700428,0.022551195732403943,0.34595118743526404,141.70093400327406,4.28772986845644,1.45
38037,Grant County,North Dakota,0.8166199801809847,0,0.33154800277049934,0.23163819045776607,3,38037,0.0411367506155179,0.1001744296105046,0.1307667701297434,0.0221463365839146,0.3820032091529889,46.75481381307171,31.71404276416872,1.45
38039,Griggs County,North Dakota,0.7537461467002395,0,0.2895217651787391,0.23030316358004682,3,38039,0.0367661311057874,0.0948208914242349,0.1263507383196302,0.0212823634082692,0.3690544604431426,45.95191982822881,32.742983687674766,1.45
38041,Hettinger County,North Dakota,0.8012423169654342,0,0.31531471178114334,0.23726619647088032,3,38041,0.038618175152053055,0.09882754519375955,0.12585276341929336,0.02303908470171585,0.37365941268755426,50.13953381384718,32.7003355542941,1.45
38043,Kidder County,North Dakota,0.7447616767629356,0,0.2803926759113608,0.23323606668376723,3,38043,0.0372792161198464,0.0937041204960659,0.1231288864246508,0.0219065892867767,0.3600087457878225,47.71578713262883,33.09681230314295,1.45
38045,LaMoure County,North Dakota,0.8199740365297217,0,0.2818707357135651,0.2836285998241741,3,38045,0.0376416311290681,0.0950059214082329,0.125903765659211,0.021791962677458497,0.35530898214957535,78.02218950899979,29.80454478522608,1.45
38047,Logan County,North Dakota,0.7481235345773517,0,0.3010867746421573,0.21486049058360257,3,38047,0.0375598090603763,0.0967253379572596,0.1308317375456181,0.0209924941879717,0.3718623617257826,36.664594257733015,33.528503194601505,1.45
38049,McHenry County,North Dakota,0.6488839466779062,0,0.26326239595862516,0.3009845141960759,1,38049,0.03312095738783605,0.0887197712308742,0.12096992736384204,0.021066903124548002,0.3689018490571134,88.46015108356744,25.928043292192733,1.15
38051,McIntosh County,North Dakota,0.8512481025769474,0,0.3452791936569183,0.24178846329270068,3,38051,0.0428042198325122,0.1041369002170743,0.1372049365271327,0.0223635746996611,0.3750490313868345,52.859254959310014,32.739225370200074,1.45
38053,McKenzie County,North Dakota,0.8409198542367086,0,0.22837709073272425,0.35156763632707483,3,38053,0.03424731888506258,0.07771158307057748,0.10329169368785285,0.0248772146809873,0.3439220956327518,118.88117493811046,15.90122008804314,1.45
38055,McLean County,North Dakota,0.8971618165877057,0,0.2809308685080866,0.33780141879377945,3,38055,0.035117559174110205,0.0960183849320895,0.12088571534575965,0.0215197988902825,0.36884495758194513,110.60208075956896,19.20406298944193,1.45
38057,Mercer County,North Dakota,0.8284974854918788,0,0.24062889510815746,0.3307486810931384,3,38057,0.03160230175797247,0.08581759623604657,0.11497420925619534,0.0218103052520072,0.3564211343855363,106.36051770864856,21.202887207237016,1.45
38059,Morton County,North Dakota,0.6161391683889412,0,0.23702204924938436,0.37911711913955687,0,38059,0.02978616266718364,0.0796756536748886,0.11786436057788181,0.02252762529532442,0.35608767930101015,135.4496159222077,8.005339435171523,1.0
38061,Mountrail County,North Dakota,0.8416741249774515,0,0.24404648924745492,0.33641842453009785,3,38061,0.0338228179443453,0.08348321053728204,0.10732029086559923,0.02428240010520093,0.351368901018158,109.7703388718856,19.749015038411308,1.45
38063,Nelson County,North Dakota,0.8025916013305637,0,0.2975867394588182,0.25592470973467407,3,38063,0.0374977489153708,0.0967691796395086,0.1292768819318756,0.0210359716541083,0.3703097583557085,61.36088696832808,31.696432718129863,1.45
38065,Oliver County,North Dakota,0.5449129702998395,0,0.2599046525130214,0.2139327129651,1,38065,0.0322378112385814,0.086926663886439,0.121540480791043,0.0216256593519,0.3649711781352497,36.10662266809717,32.38512957293708,1.15
38067,Pembina County,North Dakota,0.8208488006995428,0,0.2509157242042253,0.3151868969678733,3,38067,0.03247358707486244,0.08733317303752232,0.11837770270295818,0.021475956626794843,0.36027471221355173,97.00155791830734,25.053368329360016,1.45
38069,Pierce County,North Dakota,0.7992737562883192,0,0.2708092526452908,0.28041402755355005,3,38069,0.036538763300777405,0.09487575346792865,0.11556840117675515,0.021880134695913,0.3618598501329453,76.08892450662307,30.45356807773936,1.45
38071,Ramsey County,North Dakota,0.8405117353358719,0,0.23267318777393983,0.34699007797493736,3,38071,0.030918877622254932,0.08098271658457856,0.1127157949712106,0.021948832835299133,0.3592127083668136,116.12820110100132,18.282508241105337,1.45
38073,Ransom County,North Dakota,0.814036428576998,0,0.2553528168803711,0.3060516166210069,3,38073,0.0329518868852858,0.08950328082256524,0.11915820329136034,0.021353292601696834,0.36035654227245967,91.50753996049428,25.46104518760462,1.45
38075,Renville County,North Dakota,0.5401586167772422,0,0.24293227413516924,0.22677087088851966,1,38075,0.0312474784407555,0.0883704885489638,0.1200772973600857,0.02112220386158,0.3531976419332523,43.82757566552788,33.91863826481445,1.15
38077,Richland County,North Dakota,0.8210071532644532,0,0.2050400306695717,0.36117179916798225,3,38077,0.0295352011235554,0.07376318583641109,0.10766496894073642,0.02164592201185335,0.35391370653028,124.65718192576752,13.685329815020287,1.45
38079,Rolette County,North Dakota,1.0053951021016467,1,0.34585428391767825,0.34752164856621603,3,38079,0.04676806420267132,0.09667461576371406,0.11277935150066085,0.028451093239343903,0.3691399680347228,116.44789116670708,17.700882686291777,1.45
38081,Sargent County,North Dakota,0.5234361346870282,0,0.24731166155575451,0.2761244731312737,0,38081,0.031849509449817154,0.0850030195223333,0.1236224850527914,0.0209707466996866,0.3570058192638935,73.50915813578729,30.052569982238527,1.0
38083,Sheridan County,North Dakota,0.5090119095735351,0,0.32858427819602953,0.18042763137750562,0,38083,0.0415696868380411,0.1019093370596428,0.1304155149501073,0.0221735207627922,0.3755600672080594,15.956445231738716,32.373306962162225,1.0
38085,Sioux County,North Dakota,0.8619023935240048,0,0.31898088217414744,0.275434561635511,3,38085,0.0477881929416855,0.0864041441410329,0.09616777749653921,0.03172533287394975,0.3542919521434802,73.09424080395937,29.06668946355025,1.45
38087,Slope County,North Dakota,0.41707559259038574,0,0.24755162090565483,0.11512280743381108,1,38087,0.0334409033294312,0.0866499963998311,0.1208908736575961,0.0213143312724115,0.3526365704774334,-23.318307359904654,27.625319473630945,1.15
38089,Stark County,North Dakota,0.5874191872071988,0,0.2087390186480409,0.37868016855915787,0,38089,0.027413655470717137,0.07876375224646247,0.11066248706939008,0.021448054886979186,0.3524155898600805,135.18683095620364,8.607436465167396,1.0
38091,Steele County,North Dakota,0.45471344694249355,0,0.24536666105219856,0.20934678589029498,0,38091,0.0321305116892874,0.0873465229206109,0.1201359585032735,0.0201249353524966,0.3626554506357588,33.34861582588324,32.28901281571966,1.0
38093,Stutsman County,North Dakota,0.6830171832424962,0,0.22467728280556898,0.36925070262268855,1,38093,0.02950913074661505,0.07809220572065018,0.11335125468216775,0.022222213986903848,0.3552879082314173,129.51588784110595,10.825922083289909,1.15
38095,Towner County,North Dakota,0.7857817762677759,0,0.31929896951638836,0.22261949687518123,3,38095,0.0391602504065921,0.1017999642030055,0.1309861943207651,0.022072882175203,0.371502340824539,41.33091190559155,33.03726610630015,1.45
38097,Traill County,North Dakota,0.5441248683490896,0,0.21681776827406396,0.3273071000750256,0,38097,0.0286293605807768,0.07923599478296653,0.11157860024039608,0.0211772222249884,0.35803059988838754,104.29072814567516,22.46038083377021,1.0
38099,Walsh County,North Dakota,0.8784486812119217,0,0.2656627032078923,0.34016397348998473,3,38099,0.0355251934492301,0.09096101405815125,0.11789891717657129,0.021944295500031116,0.36047230256979457,112.0229367633718,18.811989531041256,1.45
38101,Ward County,North Dakota,0.5646227497112541,0,0.174959013127755,0.3896637365834992,0,38101,0.023928910209508658,0.07375464613865071,0.09723595491688666,0.021270176873797945,0.35452825848961933,141.79242133496982,4.046262468917268,1.0
38103,Wells County,North Dakota,0.8122753628452745,0,0.2785452744809747,0.28164463092955944,3,38103,0.0374850850207115,0.0964480298590491,0.12495325992721056,0.02100191319189025,0.35748309835004666,76.82901750760692,29.965464255511627,1.45
38105,Williams County,North Dakota,0.8555595832449033,0,0.20886978558145164,0.3811713063115852,3,38105,0.029166015852677998,0.08064371524923397,0.1088778604776741,0.02207730663856766,0.343543238795178,136.68501765957245,6.948994323006356,1.45
39001,Adams County,Ohio,1.0529834130081663,1,0.3540335517818302,0.372161905465181,3,39001,0.04244650952178648,0.09457552745683516,0.12219187467605261,0.027615933036866835,0.3830680927315909,131.26670446502888,10.322674585021977,1.45
39003,Allen County,Ohio,1.0186283384776573,1,0.3103142205409146,0.3921880818574698,3,39003,0.03908402040838166,0.08649938227549628,0.10406003376045797,0.026779344152519254,0.3911648887291225,143.3105792611984,3.270869278547284,1.45
39005,Ashland County,Ohio,0.7684145344855492,0,0.2830003261329198,0.3851862255936448,1,39005,0.03522599211287649,0.08338422438158861,0.11058379580567666,0.025167138798546117,0.37794268020593225,139.09961664255516,6.014227635036888,1.15
39007,Ashtabula County,Ohio,1.0421863915851153,1,0.32679903811981525,0.39195019745612636,3,39007,0.04007863026926051,0.09044064721020414,0.12162251534713082,0.02622448655552857,0.37725988049160314,143.16751401051752,3.483218348005404,1.45
39009,Athens County,Ohio,0.9186730252694183,0,0.2472229571385857,0.3863446464954959,3,39009,0.029244277817426226,0.07065782679435872,0.0861067781501945,0.028743417836414133,0.3842000188711041,139.79629862666735,5.443976105436926,1.45
39011,Auglaize County,Ohio,0.7493879163618629,0,0.26935748264139187,0.38228418376022805,1,39011,0.03361792561960342,0.0854178791951335,0.10698896496779316,0.02341955942325131,0.38313529496143484,137.35430951001757,6.868596981107077,1.15
39013,Belmont County,Ohio,0.9937039550895386,0,0.29747748331566864,0.3878355891598752,3,39013,0.03774440921742682,0.08489217263096731,0.11702163593332982,0.02445445969671665,0.3804176076013328,140.69296139575022,4.830969337522111,1.45
39015,Brown County,Ohio,0.9889882423135967,0,0.30002343680424837,0.38203741996374935,3,39015,0.03606829622539317,0.08782417915719713,0.11441955605855722,0.02525721071165949,0.38084149911671056,137.2059041324358,6.8260427412162885,1.45
39017,Butler County,Ohio,0.963519010752053,0,0.2665071067800151,0.3979887627041594,3,39017,0.03241017670927219,0.07829964720386239,0.1042928049793016,0.024649422425498297,0.3884379929256467,146.79914704775646,1.3662634708898822,1.45
39019,Carroll County,Ohio,0.9523443389639099,0,0.28587573856805787,0.3709134607173973,3,39019,0.03704380673580207,0.0855634950119505,0.11123095651790536,0.024188257078595714,0.3798034477857502,130.5158815451812,10.683806620232064,1.45
39021,Champaign County,Ohio,0.7487433175888578,0,0.2708800812066092,0.3802010645228324,1,39021,0.03312157743601898,0.08502424314814382,0.10786871319707467,0.02440863718744979,0.37766322024222354,136.10150783738544,7.379620721411374,1.15
39023,Clark County,Ohio,1.0777983911512692,1,0.34917115571052243,0.394138079566215,3,39023,0.04157597496731955,0.09451990067487905,0.12057506540913468,0.026813905408293717,0.388680552828789,144.48332076696022,2.62574964218852,1.45
39025,Clermont County,Ohio,0.9511071164515923,0,0.25989176208787845,0.39604418029253013,3,39025,0.030419484302381315,0.07840547307153366,0.10650843205695344,0.024915720469156202,0.38054080533199836,145.62966233745928,1.8776875665279584,1.45
39027,Clinton County,Ohio,0.9680092503346526,0,0.28623111828042686,0.3813614681572647,3,39027,0.03556457488165715,0.0818076089401767,0.10977232756688213,0.026140785057629987,0.37679050497792643,136.79938224997196,7.141832396005372,1.45
39029,Columbiana County,Ohio,1.0371920662120253,1,0.32339312945687915,0.3919117437927935,3,39029,0.039665442329765266,0.09009944359710298,0.11198857414550284,0.026270472407902958,0.38986001691293226,143.14438772332406,3.4592772904703097,1.45
39031,Coshocton County,Ohio,1.0133449188536388,1,0.31961079107163076,0.3792477736550167,3,39031,0.0398379513437921,0.08994875364325897,0.11379246438005376,0.02564811912452342,0.38752045182776107,135.5281924110455,7.69108633871239,1.45
39033,Crawford County,Ohio,1.027182116439789,1,0.32801766306741736,0.3803837965462302,3,39033,0.03886613921413344,0.092174477144125,0.1233033246187759,0.02524842324812051,0.3837120122052257,136.2114040835756,7.489469063616945,1.45
39035,Cuyahoga County,Ohio,1.0514908000309973,1,0.3256776154375334,0.39948845354936124,3,39035,0.042905746553720765,0.08875900668076721,0.10735198392610894,0.02726784623061011,0.3861237262455471,147.70107103058564,1.0377570170695538,1.45
39037,Darke County,Ohio,0.7873065572232505,0,0.29915116670867015,0.38546323087676515,1,39037,0.035460518322554424,0.08475076127381781,0.11632930806786661,0.024577248998484933,0.38810317384879983,139.26620945001008,5.816857391911988,1.15
39039,Defiance County,Ohio,0.765113828298727,0,0.28544236287238883,0.3798740095612868,1,39039,0.03516558598844558,0.08532830578410776,0.11071308906416455,0.0241029897961165,0.3856979086212777,135.9048148226451,7.5752238610468945,1.15
39041,Delaware County,Ohio,0.8696108006765972,0,0.2033592146397042,0.3963723720338111,3,39041,0.026216329612299694,0.06680569648461993,0.09825426508155374,0.022406372734004875,0.37942196925742167,145.8270390190432,1.8016548004279498,1.45
39043,Erie County,Ohio,1.0402614389871978,1,0.3281431456344333,0.3892785364257032,3,39043,0.03749863147023871,0.09274251807753499,0.11970489846134272,0.02444749807541935,0.3980335013024478,141.5607594150366,4.342682145244955,1.45
39045,Fairfield County,Ohio,0.9501433408597607,0,0.2600527687003882,0.39521850085806753,3,39045,0.031330836452570815,0.0804756846844452,0.10686417190480191,0.024104681536143275,0.3810393136968988,145.13309327027235,2.2172459549296564,1.45
39047,Fayette County,Ohio,1.0014523660726042,1,0.31678765380069207,0.37386915038731083,3,39047,0.038894966520573684,0.09021847117367593,0.11295073387375842,0.025916027147094227,0.3856717177705186,132.2934528410416,9.137867644751395,1.45
39049,Franklin County,Ohio,0.9657085904714787,0,0.26654804556371375,0.39945787889937506,3,39049,0.034508964812708695,0.07744124479069328,0.09923331516129709,0.026171757265891517,0.3810323628585759,147.68268323407585,1.0764380817662158,1.45
39051,Fulton County,Ohio,0.644620068679715,0,0.26324035539127083,0.3813797132884442,0,39051,0.033064593183403566,0.08128365800864833,0.10760608503515864,0.023767147599030466,0.3804508068351361,136.8103549924097,6.965754127904486,1.0
39053,Gallia County,Ohio,0.98562953957379,0,0.3059178746364928,0.3738266354143968,3,39053,0.04031247916789313,0.08820816249285769,0.1106319031251679,0.02566901759281187,0.3790955795598751,132.2678840554328,9.737588141751832,1.45
39055,Geauga County,Ohio,0.6733170766581107,0,0.28170512551308086,0.39161195114502984,0,39055,0.031991188253979896,0.08273861053268458,0.11727349107215645,0.02385963603516887,0.38480330448055,142.96409044421551,3.4816037405909936,1.0
39057,Greene County,Ohio,0.9372170752621555,0,0.25092922206467627,0.3954273815643965,3,39057,0.030211566851390453,0.07700491454838952,0.10253482924804525,0.024052075209604788,0.38631234758489974,145.25871550714277,2.16450396271082,1.45
39059,Guernsey County,Ohio,0.8076770938041057,0,0.3224809129461922,0.37984699470955197,1,39059,0.03875499878553329,0.08898924919784773,0.11424678756997375,0.02551222164605754,0.39495461513575736,135.88856791232345,7.640490223310005,1.15
39061,Hamilton County,Ohio,0.9963114931013095,0,0.2879761507324581,0.3991352238201692,3,39061,0.03743608965961357,0.08164165187476283,0.09565018813388686,0.02675353122905484,0.3918277963226327,147.48863633764483,1.094759920132043,1.45
39063,Hancock County,Ohio,0.7255482622556916,0,0.24180572903372866,0.389105803362525,1,39063,0.03147203893713694,0.07433940207555041,0.10999672490729032,0.023344064364917115,0.37113904975019013,141.45687660958612,4.31868168918993,1.15
39065,Hardin County,Ohio,0.9503392276460106,0,0.279802706023682,0.37560365787011846,3,39065,0.03348325399368256,0.08472132627511762,0.10784842915526559,0.02533879212377084,0.3797470605737315,133.33659710117098,8.89122639171656,1.45
39067,Harrison County,Ohio,0.983960048245547,0,0.3268566813709475,0.3517364553501194,3,39067,0.04012889559627268,0.09425953264299385,0.11709450156798942,0.02525255222288962,0.3860140212786344,118.9827038139643,15.637972455376053,1.45
39069,Henry County,Ohio,0.6463100024068464,0,0.2727659323047996,0.37354407010204677,0,39069,0.03328647093529134,0.08339972865590474,0.10943126493796379,0.023503326704643272,0.3861109989203058,132.0979474096638,9.505302159741175,1.0
39071,Highland County,Ohio,1.0111997398102464,1,0.3153197932077434,0.38205933769587486,3,39071,0.03920181986802838,0.08904161279770799,0.11348102456185408,0.0266829186006843,0.37844887792753545,137.2190856013475,6.77913592506408,1.45
39073,Hocking County,Ohio,0.9825358064247807,0,0.30536805861340277,0.3722428423692046,3,39073,0.03618860036766806,0.08551974066167453,0.11486985606807822,0.02601841093866203,0.3831931980433444,131.31538045386242,10.37444191982678,1.45
39075,Holmes County,Ohio,0.7381474930120214,0,0.25939962406140576,0.38246776116643905,1,39075,0.032869265433655565,0.07922994055281037,0.10684029467933287,0.027142704824015963,0.35543225457787747,137.46471417501704,6.615588122368878,1.15
39077,Huron County,Ohio,0.7626462043672491,0,0.2767561656972773,0.3864144467959829,1,39077,0.035971511408409935,0.08031362971756809,0.1069565910390244,0.025248917220042563,0.37906370121182026,139.838276988554,5.277015094315395,1.15
39079,Jackson County,Ohio,1.0353101724606462,1,0.33725609316705746,0.3767509223230434,3,39079,0.03999875332038344,0.09190730502818673,0.11858273547564073,0.027138797184457303,0.38428290282349664,134.02656952318782,8.65523529146677,1.45
39081,Jefferson County,Ohio,1.0535801404051937,1,0.3391361661349334,0.3874708272479588,3,39081,0.04286128908486255,0.09543415355660088,0.11451575816638956,0.026563772655336753,0.38486820603653565,140.47359117192536,4.994105352144324,1.45
39083,Knox County,Ohio,0.9223331500065655,0,0.2487549955627008,0.387336832028034,3,39083,0.03206387788390539,0.0797015514124264,0.10294159331915638,0.024244348858414685,0.373409881277183,140.39300556135015,5.2121617249577215,1.45
39085,Lake County,Ohio,0.9503691180361441,0,0.25886584570447074,0.39656113225149076,3,39085,0.03291190611733907,0.07821543230048313,0.11074307479761127,0.023307409697792977,0.3792636173822556,145.940560661103,1.773760141847025,1.45
39087,Lawrence County,Ohio,1.0459851231835697,1,0.3348642289725271,0.38650482149890025,3,39087,0.03742212611941292,0.09452863048422208,0.1184362664100102,0.02726235351137848,0.3833798366761324,139.8926289319982,5.373889923706524,1.45
39089,Licking County,Ohio,0.6801686851879676,0,0.28458928192573296,0.39557940326223456,0,39089,0.03450498145852766,0.08220319001049704,0.10928648077791166,0.025712013667270144,0.3810325782221062,145.3501423606368,2.224006157740839,1.0
39091,Logan County,Ohio,0.9734725192814112,0,0.2884318932233782,0.382928464901733,3,39091,0.03541201424598291,0.08685679397709258,0.11237048271265597,0.024636324915537692,0.3793907950463679,137.74178444531307,6.748856976166072,1.45
39093,Lorain County,Ohio,1.017194199227322,1,0.3038814547232377,0.3976317861231911,3,39093,0.038564871238034995,0.08497920230121474,0.10871680593951431,0.025351185461357475,0.39134479575739567,146.58445897340184,1.4822044393536098,1.45
39095,Lucas County,Ohio,1.0562546760312181,1,0.3302101745682887,0.3982413261428962,3,39095,0.04144220481604547,0.08677632931645851,0.10191943480104215,0.029498480749504858,0.3890254538423753,146.95104036851075,1.2747444321591597,1.45
39097,Madison County,Ohio,0.7299031874261962,0,0.252402989532507,0.3822954343163593,1,39097,0.0322486029934803,0.08028401581832155,0.1053563227023182,0.024059333664264007,0.373624265973727,137.36107566880784,6.565377919190447,1.15
39099,Mahoning County,Ohio,1.0917491577178025,1,0.35644267665001567,0.39648777694846876,3,39099,0.04685505106452736,0.09515380317067082,0.11586454353829029,0.027374032057149146,0.3858483869206099,145.8964442972038,1.7934295216637095,1.45
39101,Marion County,Ohio,1.0470375914310914,1,0.33443730253820814,0.387657588103924,3,39101,0.03923727764290433,0.0930752200463393,0.11557836822572186,0.027368518253255633,0.3843453311092145,140.5859103846402,4.9512606362677,1.45
39103,Medina County,Ohio,0.9246986996778604,0,0.24210588423190824,0.395617356925237,3,39103,0.02939444311654911,0.07751590303033233,0.10777804459431446,0.022997168735718776,0.37789930177980724,145.372967944328,2.0362612984155963,1.45
39105,Meigs County,Ohio,1.01844262269367,1,0.33621507865802525,0.36615914388933335,3,39105,0.04040799252780075,0.09273779811427128,0.12035761677028839,0.025872982994899,0.3877784331363397,127.6566039927987,12.022596638996683,1.45
39107,Mercer County,Ohio,0.6366070913904112,0,0.25470367106375086,0.38190342032666025,0,39107,0.032690387187438136,0.0805500449585198,0.10943804402865795,0.023211420711742578,0.3746655115461484,137.1253158653488,6.813207467853342,1.0
39109,Miami County,Ohio,0.9413996656036885,0,0.2566593849476927,0.3925817637445062,3,39109,0.033102497647200226,0.08105602847085369,0.10944203183198992,0.024149745350676467,0.36787975908379017,143.547342149136,3.1151403478401947,1.45
39111,Monroe County,Ohio,1.006017291454297,1,0.3450072925333217,0.34879773605584874,3,39111,0.0412448220360005,0.09422667869268743,0.12458133814401234,0.02520913433313105,0.3913738130167636,117.21533861413955,16.759680063245526,1.45
39113,Montgomery County,Ohio,1.0771434838661107,1,0.3442360038028722,0.3986215712772042,3,39113,0.04148244099659572,0.09074914649456446,0.11042157019829905,0.02733156453091976,0.40118114790490217,147.17972230458028,1.1833942845378265,1.45
39115,Morgan County,Ohio,1.0074125252661483,1,0.3453047087933044,0.3494625500109359,3,39115,0.043043864800183254,0.0963685635348214,0.11711304362901508,0.026549365167822525,0.385681041875468,117.61516211918465,16.716992084647323,1.45
39117,Morrow County,Ohio,0.7582061104009581,0,0.28085515027959934,0.3784545109386251,1,39117,0.03311987639918993,0.08558680064004216,0.11005945833222364,0.024933074911734132,0.3800895776002558,135.05111897228517,7.882365514305166,1.15
39119,Muskingum County,Ohio,0.815678287288628,0,0.31886807743085527,0.3904173897766474,1,39119,0.03850597219140526,0.09079769457313103,0.11490232187938908,0.025981388020323366,0.3844295165818665,142.2456733447497,3.958420618265496,1.15
39121,Noble County,Ohio,0.7926283061568995,0,0.3375211382302559,0.35172086712356976,1,39121,0.042130505102486,0.09630176357172764,0.1253016644752526,0.024318009350651267,0.3837871980812848,118.97332895152525,15.630581394580439,1.15
39123,Ottawa County,Ohio,0.6950467011731833,0,0.3143965113702076,0.3806501898029758,0,39123,0.036948248025536146,0.08753155771388442,0.1203996246972971,0.024064787603178785,0.39419995934764807,136.3716147482546,7.533573775885666,1.0
39125,Paulding County,Ohio,0.6419012234200626,0,0.2804420432648078,0.3614591801552548,0,39125,0.03405846696990804,0.08454946210970149,0.11240507535599648,0.024385116920218098,0.3793959892518935,124.8300147502523,13.26163318994015,1.0
39127,Perry County,Ohio,0.9821581638332916,0,0.2994287073413984,0.3779217504746648,3,39127,0.03486135504196235,0.08973689148486932,0.11587455709165341,0.02557367647290503,0.3756180422126679,134.73071330928715,8.578774346641682,1.45
39129,Pickaway County,Ohio,0.7551253395859824,0,0.2702130951588079,0.38641763491595943,1,39129,0.0340796980084279,0.08436937507372595,0.10450189029920691,0.025035737773156767,0.3761089997326524,139.8401943449719,5.597449917218601,1.15
39131,Pike County,Ohio,1.0447233915042955,1,0.3478998569617128,0.37259903373090486,3,39131,0.04136380817281777,0.09413851291360809,0.12220490980538151,0.02759491212249935,0.3799191484329121,131.52959629216127,9.854395976569602,1.45
39133,Portage County,Ohio,0.9305371824854044,0,0.24677248223997922,0.39497729878443755,3,39133,0.02960452084166478,0.07674730031812593,0.10575879800129867,0.0249662004972837,0.37173258396486974,144.98803274955833,2.3787896043777184,1.45
39135,Preble County,Ohio,0.6612415078306886,0,0.2803557998583134,0.38088570797237525,0,39135,0.03491933859741933,0.08198232948499802,0.11324190375604859,0.024223656816757574,0.38093355346223706,136.51325693141052,7.376223226654647,1.0
39137,Putnam County,Ohio,0.7001126943010825,0,0.23080989308462552,0.3779837541337071,1,39137,0.03153186235912477,0.07795738260748643,0.10267075129541611,0.022824927121591957,0.3692916143207169,134.76800271949614,8.15391957404377,1.15
39139,Richland County,Ohio,1.0487167566059539,1,0.32950388782472495,0.39374904776558806,3,39139,0.04054998275977478,0.09217025892405349,0.11633684871329247,0.026093253789774156,0.3857218001657972,144.2493544717126,2.6156681203319097,1.45
39141,Ross County,Ohio,0.984631221038979,0,0.2894970260085409,0.3895589885010998,3,39141,0.03656491052591942,0.0900661273273703,0.10249674501387344,0.0266168401833847,0.37341034535841316,141.7294251461396,4.194872083158288,1.45
39143,Sandusky County,Ohio,0.9734914768359929,0,0.28502481268917923,0.3863486196115055,3,39143,0.036235971864245486,0.08419617618253024,0.1067611896942371,0.02436585986691394,0.3885259857586193,139.7986880848861,5.598927346040028,1.45
39145,Scioto County,Ohio,1.0762424969673758,1,0.3533724646736185,0.3888637401314683,3,39145,0.04143334199953843,0.09079175744518748,0.12147556086041952,0.028063183147428856,0.3881446316799116,141.31129818310595,4.359575125639542,1.45
39147,Seneca County,Ohio,0.656976712137123,0,0.27174138593567876,0.38523532620144424,0,39147,0.03460538911507448,0.08434065378828161,0.10684862556181175,0.024420854993630198,0.3775050112089852,139.12914607249567,5.797290543837987,1.0
39149,Shelby County,Ohio,0.6342193177613048,0,0.25038457059780383,0.38383474716350097,0,39149,0.03199135569141155,0.07843649958931913,0.10363395487513462,0.02418090829216289,0.37659852100108,138.28682858538795,6.369517021002371,1.0
39151,Stark County,Ohio,0.9859891053156199,0,0.2821961328139984,0.397796353610567,3,39151,0.037979365367886375,0.08221711988827686,0.10541886038304091,0.02483079565413009,0.3827787878444797,146.68343094761445,1.3898347767242083,1.45
39153,Summit County,Ohio,0.9744285835464186,0,0.2734425357109702,0.3985771770796633,3,39153,0.036139916503342404,0.08201972298981774,0.09890579618188775,0.025999228289565655,0.37949660285164727,147.1530233408647,1.1919003023862562,1.45
39155,Trumbull County,Ohio,1.0417300410120425,1,0.32249262221291397,0.395941888829874,3,39155,0.04163519075213544,0.08391620017969206,0.11085917417381064,0.02674034812024962,0.391479399704678,145.5681435759736,2.0247970328003047,1.45
39157,Tuscarawas County,Ohio,0.9920201432362706,0,0.29294360520865614,0.39120821771290987,3,39157,0.03499551622278193,0.08848627816535087,0.10537570791913196,0.025379808787421018,0.38812056296968017,142.72128249065364,3.616503965664817,1.45
39159,Union County,Ohio,0.670532679673998,0,0.1950590428256827,0.3880128525430113,1,39159,0.02647729519332522,0.06800391904020532,0.0967106742291807,0.02286232175953555,0.36709590942384074,140.79956876555545,4.825594868109858,1.15
39161,Van Wert County,Ohio,0.9571721870887105,0,0.287005926618345,0.3731128230980071,3,39161,0.03559253325921113,0.085213501885423,0.11469618196964643,0.024181306158963235,0.37967396100516226,131.83859261216597,9.963068392878128,1.45
39163,Vinton County,Ohio,0.9911384233140453,0,0.33823521508718757,0.34530852512939547,3,39163,0.041205379103723204,0.09078706396893967,0.12107229849609122,0.026783855512738767,0.38286062677149385,115.11690410959724,17.738816950529912,1.45
39165,Warren County,Ohio,0.9044933754767491,0,0.22712645880611299,0.3966620760054382,3,39165,0.02769912332560857,0.07062346984117843,0.10453570488859719,0.023205018652090025,0.3796930260006293,146.0012689016669,1.7501700692528417,1.45
39167,Washington County,Ohio,0.9800693863191827,0,0.28939113676280803,0.3865187848366283,3,39167,0.035853325654186884,0.08945985962896776,0.10740453547000901,0.024613610942079617,0.3834413883338929,139.90102657556423,5.334016863391303,1.45
39169,Wayne County,Ohio,0.6584609618813028,0,0.265279459827665,0.3931815020536378,0,39169,0.03247086023149444,0.07913345334565719,0.10741721289718159,0.025767568310727886,0.3723635296546966,143.90802873074566,2.930449747420393,1.0
39171,Williams County,Ohio,0.7557787300445358,0,0.27808746932285106,0.37911142636804973,1,39171,0.03480833828876426,0.08358159727171872,0.1066723993796272,0.02436313992368043,0.3856369632189472,135.4461922518109,7.859059745524243,1.15
39173,Wood County,Ohio,0.901219862445806,0,0.22796425061946735,0.3935666889983299,3,39173,0.029171878334068424,0.07541473463549907,0.09904153158142184,0.024678539623480156,0.36734354162017574,144.13968270423098,2.722511048264031,1.45
39175,Wyandot County,Ohio,0.6737900356148615,0,0.3080322975962719,0.36575773801858963,0,39175,0.035819261325683846,0.0908452079972096,0.1156976343901374,0.024687676369288997,0.38785863082744776,127.41519585002678,11.736341007213424,1.0
40001,Adair County,Oklahoma,1.1199635878901184,1,0.4213780118727581,0.35101066943077186,3,40001,0.049632113426332,0.10489555354826206,0.1302826070480741,0.031550529776618805,0.37985200584938916,118.54621136676856,15.729942814824689,1.45
40003,Alfalfa County,Oklahoma,0.8732330512114918,0,0.32691686645808343,0.27531282403260054,3,40003,0.0358130923526806,0.09949186013330184,0.13218864225332927,0.02284770412030177,0.3834119578762743,73.0210270052432,28.592221543075247,1.45
40005,Atoka County,Oklahoma,1.0331757013423588,1,0.37583266008265637,0.3367023063603497,3,40005,0.0424057545294591,0.10057478404740292,0.12810257288369753,0.027849800634424927,0.3865648572824937,109.94106728021907,19.094562334323264,1.45
40007,Beaver County,Oklahoma,0.861926138070224,0,0.32802728646016954,0.26640453289860566,3,40007,0.03735162045801937,0.09519931972202533,0.12376575000097974,0.024995416653146668,0.3841108168587038,67.66352185977897,30.693056355358504,1.45
40009,Beckham County,Oklahoma,0.7673296669203757,0,0.31334472970992555,0.3538984589164882,1,40009,0.036378053036312925,0.09125224996127547,0.12167494831256295,0.02580299499482165,0.3737566842473301,120.2829470432332,15.305299737965637,1.15
40011,Blaine County,Oklahoma,0.9172511450370656,0,0.3289574780027635,0.3036295185745232,3,40011,0.03912174011296564,0.09554776828064318,0.12534859114520702,0.02490100905711158,0.3785383094221199,90.05087419242838,26.22694924308296,1.45
40013,Bryan County,Oklahoma,1.0449879500133823,1,0.3419989686530873,0.3786823761837281,3,40013,0.03656374463603979,0.09506500576062471,0.12417488724480484,0.028019452804706343,0.37756234804314137,135.18815863620603,8.06354624110067,1.45
40015,Caddo County,Oklahoma,1.0427105102049987,1,0.3565106246432563,0.3626000720498463,3,40015,0.04238961486792661,0.09902108768859283,0.1207126578263695,0.027429206124965636,0.38300681246989493,125.51615467358364,12.82512510605592,1.45
40017,Canadian County,Oklahoma,0.9798376539824335,0,0.282432645971276,0.39331746022350567,3,40017,0.03074576494781158,0.07759522845251458,0.11905609174621726,0.02552343517243272,0.38079255526640776,143.98979487238597,2.7481406555466723,1.45
40019,Carter County,Oklahoma,1.0416766014620131,1,0.340350789699514,0.37804686648118474,3,40019,0.03721965463409682,0.09708820515085884,0.12382414363098238,0.02637251115385757,0.3842665990958973,134.8059589022553,8.24282328216943,1.45
40021,Cherokee County,Oklahoma,1.075007561949116,1,0.36316537653323916,0.37821914894890973,3,40021,0.040851083786979527,0.09421821837552716,0.11994015906473388,0.029115523041545133,0.38937011363019375,134.9095707166231,7.948493281181759,1.45
40023,Choctaw County,Oklahoma,1.1125316278731179,1,0.4319272716025856,0.33533592003404744,3,40023,0.05024390090745978,0.11246799884187048,0.13101785279448763,0.029716434407176518,0.39121079556879146,109.11931351580505,19.357018543937357,1.45
40025,Cimarron County,Oklahoma,0.8362623231195583,0,0.3864715934950378,0.19026104313914038,3,40025,0.04254513823034705,0.10510072414968194,0.13874604380537234,0.02507223972745835,0.3953223855423069,21.870324034979127,31.682739548539217,1.45
40027,Cleveland County,Oklahoma,0.9266312510122392,0,0.24271290233407855,0.3963431328467761,3,40027,0.027149897354420464,0.0791553781405865,0.10355374661458788,0.025633180033774548,0.3681643508826476,145.80945437877574,1.82017329862716,1.45
40029,Coal County,Oklahoma,0.9688683004594658,0,0.3965184580226863,0.2716665767769453,3,40029,0.04454382127087855,0.10646968735734824,0.13183004791468333,0.028497018733143,0.38402631404959053,70.82814981477271,29.01572787102352,1.45
40031,Comanche County,Oklahoma,1.0091061179911718,1,0.30486914726287717,0.39106610652413787,3,40031,0.035472024070410973,0.09031059857255466,0.10936688160388987,0.027380657176524378,0.37557890139405214,142.63581588279112,3.716096937592634,1.45
40033,Cotton County,Oklahoma,0.735379290527747,0,0.36740076749081,0.27205948514201345,1,40033,0.040158425183172156,0.10305515177543309,0.1321968338255146,0.0267582951070662,0.38119747073360083,71.06444750148792,29.39785439998053,1.15
40035,Craig County,Oklahoma,1.0441006027620392,1,0.3837750630660729,0.33629431814912664,3,40035,0.0442638371672178,0.10391496302678174,0.12770660678609128,0.02754076812916376,0.3885759023358419,109.69570047439306,19.197355496707555,1.45
40037,Creek County,Oklahoma,1.0297670010687459,1,0.32466179824535335,0.38552234042274725,3,40037,0.036840058201089536,0.09430707498484464,0.1200237362640744,0.026565050723842288,0.377016516784341,139.30175832150317,5.5184518618801235,1.45
40039,Custer County,Oklahoma,0.9863873097511298,0,0.31701876227427395,0.3632483478989191,3,40039,0.03558320177546908,0.0892450879125858,0.117308191767621,0.0272549363284411,0.3783985768606348,125.90603205240367,12.576378003711218,1.45
40041,Delaware County,Oklahoma,1.130177616368306,1,0.40471136128553803,0.37472147758915586,3,40041,0.04611333351509057,0.10891085578127227,0.13053523455854088,0.028094909305689836,0.39044945822673904,132.80604805159535,8.88043991316112,1.45
40043,Dewey County,Oklahoma,0.8738212419564142,0,0.3508711398689258,0.2517641994113599,3,40043,0.03900600276031483,0.100809338986978,0.1306375558341768,0.024798167375644598,0.38696093167351725,58.85872857120835,31.267450659594576,1.45
40045,Ellis County,Oklahoma,0.8782442914886142,0,0.37044775765240073,0.23523796061560898,3,40045,0.039202213355072055,0.10311611751844195,0.13605412248590126,0.0254268485274384,0.3907501466272605,48.919739369841615,32.48146185101192,1.45
40047,Garfield County,Oklahoma,0.9855711648290864,0,0.29772585648002564,0.3819783951262408,3,40047,0.03306758798013906,0.09186687798095144,0.11455443106977718,0.025376963190699126,0.37855097511946245,137.1704062051784,6.835187475125245,1.45
40049,Garvin County,Oklahoma,1.0494384606880762,1,0.36044369410940363,0.36330696843409727,3,40049,0.03809549083577153,0.09768065367181172,0.13375500667233248,0.02675497410849177,0.3842995902131282,125.94128682956834,12.279916547997985,1.45
40051,Grady County,Oklahoma,0.9018081473653907,0,0.3131584764103419,0.38054009848611253,2,40051,0.03403506483628143,0.09469553561072681,0.12365472458443831,0.025665185569603358,0.3720838433192199,136.30540510291473,7.3142958173463235,1.3
40053,Grant County,Oklahoma,0.8376105846260387,0,0.33201803256170304,0.24564443959418575,3,40053,0.035139587866111405,0.09760614146301755,0.13097818476654793,0.02395222595989285,0.3868012577489183,55.17826458363177,31.62165929231562,1.45
40055,Greer County,Oklahoma,0.8653147336076875,0,0.32265287344144994,0.27411590835695526,3,40055,0.03793220929182135,0.09880169970121665,0.12505017341488445,0.02484187122138445,0.37077815861041963,72.30119400983449,29.02049424209683,1.45
40057,Harmon County,Oklahoma,0.8084621066825091,0,0.3623299278705305,0.19523014570361363,3,40057,0.0421419874355957,0.1006688103512555,0.1290258065392571,0.0260806568411746,0.3846105418345975,24.85877514833721,33.03531172933322,1.45
40059,Harper County,Oklahoma,0.8243438552079974,0,0.34622856076179537,0.22228444282992693,3,40059,0.03775083721157245,0.09991610265648565,0.1307016492470508,0.024980378744046003,0.38487709287648275,41.12940818905848,31.96190814124106,1.45
40061,Haskell County,Oklahoma,1.0277985714566236,1,0.3824223352779534,0.32640426572661474,3,40061,0.042480998174334574,0.10379180857902659,0.12927358218809396,0.0280551079711807,0.38527411612160267,103.7477576034738,21.59051575633369,1.45
40063,Hughes County,Oklahoma,1.0368863563482684,1,0.3818104249341881,0.3332836139266867,3,40063,0.04424410790623781,0.10491827414233817,0.12857375788194209,0.02764396707609476,0.38289634191722927,107.88504306315967,19.95495962633329,1.45
40065,Jackson County,Oklahoma,0.9598746568182711,0,0.30229685643848075,0.35968566550515446,3,40065,0.0379767670670878,0.0868111962446049,0.11746657016212791,0.025949722093240413,0.3701193704095771,123.763411321991,13.922646027678567,1.45
40067,Jefferson County,Oklahoma,0.9815773038549154,0,0.4052736081342764,0.27167625659325145,3,40067,0.04564978560958707,0.10775867052886834,0.1360242258586731,0.0276004163182424,0.389038942594583,70.83397132025424,29.429031237703537,1.45
40069,Johnston County,Oklahoma,1.0112728014529897,1,0.379378604371114,0.3180509138723272,3,40069,0.04120391136342593,0.10090515858681207,0.13005937382742128,0.0284197919856877,0.38538905063861517,98.72399660733431,22.749006025416467,1.45
40071,Kay County,Oklahoma,1.0729040503810492,1,0.364123029994368,0.3758107978546315,3,40071,0.03886935004254493,0.09819099728715927,0.13199077872488676,0.02764797432001013,0.3815865668534438,133.46117245644032,8.81050957777221,1.45
40073,Kingfisher County,Oklahoma,0.6515808986119991,0,0.3119296739338766,0.3396512246781224,0,40073,0.03428242617451335,0.0912351688411076,0.12543343960790768,0.024884915387170352,0.3784315052900569,111.71456624016338,18.5902637117777,1.0
40075,Kiowa County,Oklahoma,0.9939690298950014,0,0.3825601958015157,0.30293568688469225,3,40075,0.04321301417770187,0.10556527148935207,0.13392128049230714,0.0266137481703826,0.3846863555220781,89.63359922998693,26.78287657385414,1.45
40077,Latimer County,Oklahoma,1.0045020322294897,1,0.37850809406781766,0.3142519281594166,3,40077,0.042132937363128904,0.10190419904584318,0.12793768802686228,0.027714712831411,0.38940233801749413,96.4392614995206,23.86183992539607,1.45
40079,Le Flore County,Oklahoma,1.1071572600817041,1,0.38524430969665935,0.37831242139417104,3,40079,0.0423960085189555,0.10433240494108888,0.13147742819821215,0.02871584133787991,0.37923077787710824,134.9656653814585,7.858130278319152,1.45
40081,Lincoln County,Oklahoma,1.0261500761454496,1,0.3375409088923326,0.37014879879418433,3,40081,0.037291602110752796,0.0976352511863502,0.12895526093308865,0.0262000465211245,0.3735526603621354,130.05600881240525,10.401290685416704,1.45
40083,Logan County,Oklahoma,1.0051725838651886,1,0.31372881072719777,0.37949366090396675,3,40083,0.03395136408174211,0.08982173900433978,0.11505100130555873,0.026642221364654724,0.38616687375746594,135.67607062715217,7.582423762138483,1.45
40085,Love County,Oklahoma,0.9820801941890018,0,0.36187343558864277,0.3154232500589448,3,40085,0.0410051925330098,0.10087587422368337,0.13042604460458762,0.0267235383627516,0.3794979506839009,97.14370222887324,24.35295638646024,1.45
40087,McClain County,Oklahoma,1.0006815149197925,1,0.31321363893087445,0.37691154377243086,3,40087,0.032890340352526,0.09305778557821952,0.12599967177858473,0.0253862376989476,0.37578735356281134,134.12316832408257,8.48444240719322,1.45
40089,McCurtain County,Oklahoma,1.1167795688210205,1,0.4038670607378075,0.366325745345655,3,40089,0.04529688915380509,0.11044284819362714,0.12903597829976673,0.02903861553263329,0.3844407362068986,127.75679920937382,12.010622260635923,1.45
40091,McIntosh County,Oklahoma,1.13121667621078,1,0.43002783168738756,0.35012160018211597,3,40091,0.04990989068087587,0.11387028342990166,0.1392632589119733,0.0280840269847651,0.3873943782270397,118.01151924650642,16.266477721212212,1.45
40093,Major County,Oklahoma,0.9036664581011442,0,0.32828371335620843,0.29493453361009786,3,40093,0.03598577492995953,0.09533934740305836,0.13197088139994217,0.024337396549515333,0.37963519863218054,84.82165278666672,27.63065978116543,1.45
40095,Marshall County,Oklahoma,1.0620281724447334,1,0.39106909855203864,0.3413641238236396,3,40095,0.0443700804467548,0.1043370816943122,0.13601974442470957,0.0271830781112126,0.38519172831157145,112.74471510347904,19.46087620390902,1.45
40097,Mayes County,Oklahoma,1.0888584966499513,1,0.3773415390800178,0.373595355161328,3,40097,0.0429720109582932,0.10064481604409385,0.12836120749276556,0.027988605491184055,0.3852437546727633,132.12879058315823,9.460638104417272,1.45
40099,Murray County,Oklahoma,0.9878591313845914,0,0.34882953974561964,0.33245261982996066,3,40099,0.0393738945272581,0.09842601309951622,0.1297202946282107,0.02609802865971657,0.378983507954891,107.38527772297331,20.787049373881864,1.45
40101,Muskogee County,Oklahoma,1.1084133683414512,1,0.3804929559826939,0.3839300566665828,3,40101,0.04322656163094996,0.10315044083988045,0.12372482903920591,0.02899044009096283,0.38394172007666316,138.34414835025555,6.160024946005133,1.45
40103,Noble County,Oklahoma,0.9434357289712428,0,0.3291934868708497,0.3214518434541453,3,40103,0.0344478069986533,0.09656780453561412,0.1274868010767446,0.025364142472066427,0.3817432360189841,100.76933812793423,22.96845574722588,1.45
40105,Nowata County,Oklahoma,0.9885531974392003,0,0.37070023949072584,0.3110605863294124,3,40105,0.04167668070704617,0.10169176527683804,0.12834157933171145,0.027279683464870176,0.38514345204467326,94.51996743761724,25.066499880925758,1.45
40107,Okfuskee County,Oklahoma,1.063615434066333,1,0.4121439216088711,0.32138396395411734,3,40107,0.04875646526837093,0.10917862401247527,0.1289440485256806,0.029165498858390124,0.38596001983750017,100.7285149481345,23.18852112457789,1.45
40109,Oklahoma County,Oklahoma,1.0145546875839555,1,0.3010399049807624,0.39865298300817237,3,40109,0.036437886278107255,0.0835352048304316,0.11058118060983524,0.02633484391057316,0.38521209325539524,147.19861352712323,1.221924392369137,1.45
40111,Okmulgee County,Oklahoma,1.0975549063242287,1,0.38475823664391845,0.37217618151072207,3,40111,0.044850494294297015,0.1041745268715434,0.12290835229605243,0.02897588714120777,0.3844400993593077,131.27529017313972,10.01478378246006,1.45
40113,Osage County,Oklahoma,1.076589028110081,1,0.3652840355086789,0.3771911562913769,3,40113,0.04145298245199473,0.10248853969551625,0.1279814924521207,0.026713641550634947,0.3835750872010961,134.2913291403892,8.34612693322735,1.45
40115,Ottawa County,Oklahoma,1.084860073645482,1,0.3810445877191795,0.3671347734156357,3,40115,0.04303943930795812,0.10300044572754628,0.1255275941706306,0.02894065460096402,0.382762279201683,128.24335403594503,11.21140657698838,1.45
40117,Pawnee County,Oklahoma,1.0273214182496406,1,0.3661931097868707,0.3423044200404676,3,40117,0.039111343877990576,0.10123146185828837,0.13159218961403102,0.027066709038270756,0.38374896875555015,113.31021546085874,18.157050708778467,1.45
40119,Payne County,Oklahoma,0.9198576665402345,0,0.24770014155003411,0.38668445606392066,3,40119,0.027900772070146955,0.07651395564772724,0.1013637693006011,0.027660062177092885,0.363630815072893,140.0006623462551,5.18132717061339,1.45
40121,Pittsburg County,Oklahoma,1.06950807084884,1,0.3615669960179559,0.37602477698124426,3,40121,0.03976238156513628,0.0991291686144,0.1286841711516508,0.027228123457175117,0.38366496713174064,133.58986091695493,8.899244543384617,1.45
40123,Pontotoc County,Oklahoma,0.997666750133317,1,0.31641814356265757,0.3716278910120438,3,40123,0.03469222457742477,0.08708270612681492,0.11766055854685074,0.02680255122449966,0.38599921354151756,130.94554464465466,9.966684582046597,1.45
40125,Pottawatomie County,Oklahoma,1.049061002152983,1,0.3390008768070169,0.3844894695053851,3,40125,0.03604729376717623,0.09802741857276263,0.12283398591659547,0.02763900735066079,0.3762098098867725,138.680582927577,6.206633186305674,1.45
40127,Pushmataha County,Oklahoma,1.047006666564012,1,0.4028973708742093,0.3191761922733852,3,40127,0.04640225155338527,0.10615570135516954,0.13465627741199138,0.027828981009947802,0.38745454513580047,99.40074647249553,23.032996158126657,1.45
40129,Roger Mills County,Oklahoma,0.6573517992058577,0,0.3453683397919909,0.22624192038701585,1,40129,0.0380910647831771,0.1006701996058991,0.1299864147162045,0.025579279784843,0.3785898834331657,43.509461339123774,32.74583929881942,1.15
40131,Rogers County,Oklahoma,1.0262580454750863,1,0.3188192859175792,0.3889448833755838,3,40131,0.03258145405285195,0.09188443248740537,0.12682970969673873,0.026415627241758197,0.37515322191521316,141.3600982662341,4.3542122377856,1.45
40133,Seminole County,Oklahoma,1.0878770753399012,1,0.3918984814666551,0.3583615704918975,3,40133,0.044748036251601654,0.10462078104164542,0.12995584749409939,0.028700059286820036,0.3827217973161552,122.96709183266304,13.938694901076712,1.45
40135,Sequoyah County,Oklahoma,1.0978873628937358,1,0.38361468402109195,0.373549014526312,3,40135,0.04448728721657744,0.10368507422326469,0.12592311646717208,0.0291304579380438,0.3789281980800785,132.10092101908492,9.417253291322966,1.45
40137,Stephens County,Oklahoma,1.0238539780133165,1,0.33088142190522124,0.3752247698281005,3,40137,0.03731708268283397,0.09779137988330938,0.12113559303080462,0.02654818999571841,0.37573987148854243,133.10873132937107,9.09574255294047,1.45
40139,Texas County,Oklahoma,0.9286357684839637,0,0.28898837288039547,0.35145008814302775,3,40139,0.03502539677254172,0.08502807838784321,0.11611457299819578,0.02573608185630668,0.3694191694916224,118.81048068357842,16.48389903711717,1.45
40141,Tillman County,Oklahoma,0.9648976188240294,0,0.3755235103514702,0.2899231233202742,3,40141,0.04386791924662946,0.10514703109201981,0.13191333869969132,0.026268636332343644,0.3819579348660018,81.80775752775386,27.66804305054176,1.45
40143,Tulsa County,Oklahoma,1.0119848111532597,1,0.29940221028841013,0.398518349127631,3,40143,0.033414424649655244,0.08576254014928397,0.1153088857396603,0.02678557961000485,0.37666594839641865,147.11764382183358,1.176625046574508,1.45
40145,Wagoner County,Oklahoma,1.0112799173108933,1,0.3100852733777156,0.3873491523539349,3,40145,0.033691077036714666,0.0920054237973777,0.12354265913249864,0.025963516849174577,0.37152465227978704,140.4004150867479,4.993082313617669,1.45
40147,Washington County,Oklahoma,1.0333278597587765,1,0.33293267051737724,0.37970723276453766,3,40147,0.03745076610132764,0.09549320156348831,0.11675887967348907,0.02740407335250204,0.3813675915352499,135.8045141551784,7.5342198346955875,1.45
40149,Washita County,Oklahoma,0.942186249703639,0,0.32837184792399265,0.3214117725612757,3,40149,0.03574738556217497,0.0946244327353182,0.12768186961410724,0.024781463843205523,0.384710258909611,100.74523922821224,22.124978648145664,1.45
40151,Woods County,Oklahoma,0.6639276599703424,0,0.27095182561354436,0.30637657436066645,1,40151,0.0306791465355638,0.08548114186086003,0.11292843919065357,0.024480233290002866,0.3745163091263401,91.70297169213592,25.19174487829404,1.15
40153,Woodward County,Oklahoma,0.9112334306316263,0,0.2753287212576677,0.35310812745379877,3,40153,0.0317284813155458,0.08826067854053501,0.11599052147196792,0.02414676797345062,0.37027547086921814,119.8076364798163,15.365753898525941,1.45
41001,Baker County,Oregon,0.7550318890714788,0,0.29571136990737207,0.3608380988504357,1,41001,0.03382070464247031,0.08840615626366014,0.12262094616522681,0.025253469690233368,0.3680022954527869,124.45649235002205,13.780748655024096,1.15
41003,Benton County,Oregon,0.8061243735860338,0,0.16354828256568585,0.39239956128675124,3,41003,0.021875462891965233,0.05788535180361768,0.08729769217979315,0.025693640373065083,0.35277881356470464,143.43776438722233,3.3016818677655517,1.45
41005,Clackamas County,Oregon,0.8898115778534064,0,0.21534016039367795,0.3983229967466023,3,41005,0.025230858357581713,0.0753921070120647,0.1044270575238782,0.023971863709711275,0.3603601974032711,147.00015760918097,1.3158096697250965,1.45
41007,Clatsop County,Oregon,0.915833358506211,0,0.24830293669325973,0.3833062760696444,3,41007,0.029828515403936297,0.07768643879845841,0.10727732788100729,0.02592523084135221,0.36177804386545226,137.96900257791037,6.37365321335005,1.45
41009,Columbia County,Oregon,0.9057445330681508,0,0.2380541706527235,0.3865972314632426,3,41009,0.028883871937588183,0.07535513645158147,0.10446864467359601,0.026026099566439868,0.36019164005484927,139.94820489511045,5.3729261220451185,1.45
41011,Coos County,Oregon,1.0052944119320317,1,0.30447156259512476,0.3888349283924833,3,41011,0.03470623762970382,0.08831200084703125,0.11984293003698065,0.026800996898323663,0.36796535678424425,141.29397061291994,4.750028807238219,1.45
41013,Crook County,Oregon,0.9719190966816481,0,0.2967907834281893,0.3734982487660507,3,41013,0.03437707794794058,0.0888437382752339,0.1160745609330532,0.02613423011533265,0.3707246948062582,132.07039015545212,9.699988403718942,1.45
41015,Curry County,Oregon,1.011126822669578,1,0.32738823958421304,0.36994060363618547,3,41015,0.037846770151920756,0.0924143464768876,0.12321871474455268,0.0254862900343351,0.3834808872706949,129.93079886882998,11.236525057842869,1.45
41017,Deschutes County,Oregon,0.9070660540706791,0,0.22918386135347799,0.39637893455733525,3,41017,0.027389410006068038,0.07207472342209867,0.1079953360018649,0.02467746490803858,0.3639003232225171,145.83098576404953,1.822526903240531,1.45
41019,Douglas County,Oregon,1.014089556081412,1,0.3061366255335438,0.39323548210880926,3,41019,0.03452719715588175,0.08425148632231376,0.11872254269147259,0.026364338643461965,0.38126024655001456,143.94049269257445,2.8223013014516987,1.45
41021,Gilliam County,Oregon,0.7479973678281502,0,0.29780844761902914,0.21805180605555718,3,41021,0.0352307873313864,0.087422764883477,0.1188454441342708,0.0256265376962628,0.3713631593093188,38.58387246773123,34.02910720403518,1.45
41023,Grant County,Oregon,0.9462270289239592,0,0.3301888525009743,0.32238151227417,3,41023,0.0383587310251648,0.09243550697994826,0.124560508480054,0.02634201542247665,0.3766066921244282,101.32844709866076,23.73015964016866,1.45
41025,Harney County,Oregon,0.6874976256220254,0,0.2730189074938698,0.3248051147861524,1,41025,0.03302145037309625,0.08370707860933715,0.11312186292244811,0.025651893883756,0.3644798078748368,102.78601766221766,22.906956871464555,1.15
41027,Hood River County,Oregon,0.8309562468082061,0,0.2027033851179908,0.37036988854284103,3,41027,0.028517646326448775,0.06935065571220803,0.09820146563297742,0.02488024892291325,0.35067910945837105,130.18897364799727,11.018827528146502,1.45
41029,Jackson County,Oregon,0.9624209498181412,0,0.26715175827473864,0.3965868278067381,3,41029,0.029506141566388134,0.07369800102918903,0.11468474393037081,0.026568723540178373,0.37213593217684965,145.95601413780042,1.7320282196627792,1.45
41031,Jefferson County,Oregon,0.9302892830334866,0,0.2685837301811768,0.3729950857039863,3,41031,0.03382721162405286,0.07786854107389823,0.10715851055093714,0.02709024289133795,0.3648470193863235,131.76778456550565,9.959730843047454,1.45
41033,Josephine County,Oregon,1.0458630908288802,1,0.32975513922862426,0.3915297509981897,3,41033,0.037531743154119196,0.0861700797333556,0.12240717392436434,0.027647904319973757,0.3808812116851004,142.9146547328058,3.525329610833666,1.45
41035,Klamath County,Oregon,0.9736775233081267,0,0.2820865315190693,0.38941520869343194,3,41035,0.03472570998374002,0.08239544182768369,0.11262639837810597,0.02734486915438712,0.35991189454357203,141.64295501984847,4.249932391751585,1.45
41037,Lake County,Oregon,0.9551568640287579,0,0.32845454321792333,0.3302743285260477,3,41037,0.03926150620896565,0.0926430359466873,0.12059508416010535,0.0268927396595788,0.37428560675434525,106.07523894073157,22.15001408088077,1.45
41039,Lane County,Oregon,0.923092763271805,0,0.2385140990454181,0.3981015997627233,3,41039,0.02745994762932029,0.06987662376900072,0.10283154146801943,0.02778072945100228,0.3614885083526697,146.86700800029632,1.3287271114996333,1.45
41041,Lincoln County,Oregon,0.9829697386471831,0,0.29174850812446823,0.38616165645979605,3,41041,0.03526562663020192,0.08738757969193532,0.11341766336732442,0.02624084680287917,0.3686863117939444,139.6862472101741,5.481426994613838,1.45
41043,Linn County,Oregon,0.7357171692167234,0,0.2452563119519016,0.39449774823655354,1,41043,0.029817449798549233,0.07766881274538881,0.0963554934901174,0.02684140729624142,0.3687196380455649,144.6996278816489,2.5162356142330693,1.15
41045,Malheur County,Oregon,0.940787768053635,0,0.2705164135585165,0.3783027368233007,3,41045,0.035963358549716926,0.07965666093440371,0.11039113628358405,0.026128792187514446,0.36132675636926964,134.95984101655066,8.23118670054111,1.45
41047,Marion County,Oregon,0.9061790735023926,0,0.22704317908378274,0.3979079060902811,3,41047,0.02909005168531578,0.07311871170343062,0.09344158163517564,0.026237956679399793,0.3668866620740008,146.75051934594677,1.3759102259784195,1.45
41049,Morrow County,Oregon,0.8893168554875484,0,0.2648589654314932,0.3484630038702643,3,41049,0.0339514568569273,0.08062921708390386,0.108099341227653,0.02651978233007005,0.35933321572315485,117.01402846613848,16.828028287883,1.45
41051,Multnomah County,Oregon,0.8052124748846313,0,0.15636637926488284,0.3989525689314147,3,41051,0.02375961893564139,0.06165521448053782,0.09022414018124854,0.024300413672622066,0.3409460596978696,147.37878648073882,1.1709479505993552,1.45
41053,Polk County,Oregon,0.8931415830238741,0,0.22439281715216491,0.3915668952780931,3,41053,0.02786611474994137,0.07197573074451628,0.09791562716515635,0.02628474100598761,0.3613501623100622,142.9369935481536,3.4857402457523987,1.45
41055,Sherman County,Oregon,0.746324784597047,0,0.2939111181933424,0.22079562980462097,3,41055,0.0332975363830463,0.0846348810626267,0.1178815380320518,0.0255834896572442,0.3778440449384501,40.23402619898496,34.044664621123346,1.45
41057,Tillamook County,Oregon,0.9641100302449819,0,0.29138792262616325,0.37351554650830704,3,41057,0.03481903817863904,0.08626204886438991,0.11470538935449999,0.025697134460047275,0.373160392672531,132.08079313193204,10.024020313074889,1.45
41059,Umatilla County,Oregon,0.8979593617715381,0,0.2285141294781136,0.3907681889850162,3,41059,0.03226524036085428,0.07204145986899384,0.09952283601703257,0.0259767022776063,0.3548211554157626,142.4566463064088,3.720750179929572,1.45
41061,Union County,Oregon,0.9184164647181422,0,0.25986468198108964,0.37352598334176706,3,41061,0.031042724895683,0.07798723852438809,0.10654226517154719,0.026564562371787875,0.3670510708533014,132.08706991253152,9.575035441952336,1.45
41063,Wallowa County,Oregon,0.7258126619067825,0,0.30626911936516377,0.3248723257711688,1,41063,0.0343160022639935,0.08755353117127307,0.12249782765488565,0.0253628583683749,0.3787162287871962,102.8264387926725,23.08967416999617,1.15
41065,Wasco County,Oregon,0.9308027385056434,0,0.2677577606317707,0.37417516247556964,3,41065,0.03246771269117309,0.0793418365621271,0.11134170822693697,0.026325488030126902,0.36433249680532,132.4774905327561,9.433404705564632,1.45
41067,Washington County,Oregon,0.829074425609199,0,0.17292721295011965,0.39884825298725896,3,41067,0.022403627275765173,0.062317567365571876,0.08991908459193373,0.024159660662978578,0.3625062835897817,147.31605018270344,1.1954168231417297,1.45
41069,Wheeler County,Oregon,0.794070232911348,0,0.35785754890916116,0.18977709447797544,3,41069,0.041404502509039,0.098388642321244,0.127727717258711,0.0265679875672577,0.3833241916106616,21.579274112683983,33.584284367856135,1.45
41071,Yamhill County,Oregon,0.8800291397298532,0,0.21415844353755506,0.39275820455199884,3,41071,0.02637947854307572,0.06906639901876897,0.10058947028345207,0.025598446182701393,0.3593393304809041,143.65345481651443,3.0064080008057426,1.45
42001,Adams County,Pennsylvania,0.6494099220696274,0,0.2571320852186174,0.39227783685101,0,42001,0.029225188923046472,0.07630738769517253,0.11311651626903267,0.023798400063762715,0.3817250702349603,143.36455850732872,3.2826301029555967,1.0
42003,Allegheny County,Pennsylvania,0.9752230888580546,0,0.273208334791241,0.3993593126970726,3,42003,0.032502209278693746,0.07883255710664586,0.10286419893848353,0.0251123410591825,0.39331450440414417,147.62340486877983,1.0613185610375049,1.45
42005,Armstrong County,Pennsylvania,0.9968752744613361,1,0.29952218837590666,0.38797800090777335,3,42005,0.03437439481973812,0.08469812419826657,0.11374612801841376,0.024931140402714665,0.39256813364048,140.778608761857,4.744295148693497,1.45
42007,Beaver County,Pennsylvania,1.0299016358070083,1,0.31513269798319976,0.39514429222853015,3,42007,0.03412075166799919,0.08534495864454214,0.12235466877439277,0.024607323576197947,0.39789661269412707,145.0884637101688,2.2392392424039964,1.45
42009,Bedford County,Pennsylvania,0.9958100198478794,0,0.3030772514868154,0.38368827944275663,3,42009,0.03499836715200356,0.08483121605993055,0.11837198026729026,0.02478789080473492,0.3885047812224564,138.19874193041352,6.369008584590387,1.45
42011,Berks County,Pennsylvania,0.9634551725574336,0,0.26636252743293776,0.3980893157101199,3,42011,0.03404607429786009,0.07598244926707358,0.10772478715505587,0.024535321903311442,0.38324202780222616,146.85962028989934,1.3455556568825149,1.45
42013,Blair County,Pennsylvania,0.8042835954004778,0,0.30589348039803305,0.3934835590806433,1,42013,0.03451857510947909,0.08470265460062788,0.11606285427650447,0.025256310487359275,0.39292897943747085,144.08968782249116,2.8097714431156278,1.15
42015,Bradford County,Pennsylvania,0.7829908301153937,0,0.294510443320476,0.38635114808421434,1,42015,0.03469450479911261,0.08339863820837079,0.11594510778555303,0.024744067712248095,0.38633410309101057,139.8002087250789,5.164451535847119,1.15
42017,Bucks County,Pennsylvania,0.639341001732219,0,0.24050709995283095,0.39883390177938804,0,42017,0.025882480766301764,0.074543736989088,0.11129250538045703,0.022508825800185955,0.3873047122685278,147.30741927147082,1.1198452744764258,1.0
42019,Butler County,Pennsylvania,0.9372898372659582,0,0.2504920933216511,0.39591469099969934,3,42019,0.028680178424448706,0.07010236047496642,0.10623040767322028,0.023986078670440277,0.394489505830416,145.55178662120923,1.9762503036804224,1.45
42021,Cambria County,Pennsylvania,0.8065692012297424,0,0.307240072655786,0.3941244501526857,1,42021,0.037299354177868685,0.08741651244622944,0.11529275704375229,0.02515402454426898,0.3855946757024111,144.47512394761358,2.503420838481266,1.15
42023,Cameron County,Pennsylvania,0.9134926098952731,0,0.34834278333910934,0.2816521200369411,3,42023,0.039188686202527,0.093593474158088,0.1268219102762136,0.025250307784536803,0.3970397768583313,76.8335215062671,28.731781813546807,1.45
42025,Carbon County,Pennsylvania,0.7916933608855998,0,0.30053767897820305,0.38789133048753593,1,42025,0.03412261570188627,0.08360406087356735,0.11883672502287995,0.024359267871226144,0.39225425171358297,140.72648459849083,4.980183541315808,1.15
42027,Centre County,Pennsylvania,0.6868695737752496,0,0.2024164598240217,0.3948614304153258,1,42027,0.02289828680047552,0.06306235849643294,0.09098000308433087,0.025171422988072886,0.3823964366354159,144.918348746827,2.370382052159625,1.15
42029,Chester County,Pennsylvania,0.8955178989155343,0,0.21911112518415793,0.3984874257920727,3,42029,0.02599131256070937,0.0672715173545676,0.10615530794064296,0.022649465059968357,0.38190454533118784,147.09904632351692,1.176481306620094,1.45
42031,Clarion County,Pennsylvania,0.9575093303344167,0,0.2808431864774028,0.3795080758221949,3,42031,0.03270945262533156,0.07828235406156861,0.11053837826216627,0.02541065878400449,0.38751010833061905,135.6847398542146,7.638078661218462,1.45
42033,Clearfield County,Pennsylvania,0.7947831156272998,0,0.30140305911973714,0.38971269359965405,1,42033,0.034863936617947615,0.08521629940623464,0.11509569067221107,0.02484631144921733,0.3911567232491349,141.82186440794658,4.268397013237223,1.15
42035,Clinton County,Pennsylvania,0.776946984552992,0,0.29620088883340634,0.3794051846909347,1,42035,0.03242308014073668,0.08315943137915346,0.11349592258935931,0.02534044020688389,0.3933079831549467,135.62286044806837,7.847458608724816,1.15
42037,Columbia County,Pennsylvania,0.6679308024439599,0,0.28052272937519057,0.38740807306876934,0,42037,0.030518740151679987,0.0800973713548921,0.11129346433941482,0.025341991713835287,0.38912810119607016,140.43585039394114,5.090523479617905,1.0
42039,Crawford County,Pennsylvania,0.9957799120087487,0,0.29636445686679747,0.3903803100357879,3,42039,0.033809976359479674,0.083832371378404,0.11413478289660609,0.024720430140426648,0.3928320171306942,142.22337334360927,3.918347868546697,1.45
42041,Cumberland County,Pennsylvania,0.7235894086728908,0,0.23241203237417812,0.39679614908050953,1,42041,0.026758712546554375,0.07387401099651177,0.1029002831682146,0.022900465060855624,0.38768417491654544,146.08190133484163,1.67624705443667,1.15
42043,Dauphin County,Pennsylvania,0.9938219009689925,0,0.2881306648740421,0.39726374958733207,3,42043,0.03330285832039318,0.07881181521031155,0.11023236974508253,0.025506551779726057,0.39283202833328834,146.36311936910226,1.5407364071659475,1.45
42045,Delaware County,Pennsylvania,0.9678113408454848,0,0.2688230846206833,0.39863301251413386,3,42045,0.03180642320461928,0.08067321704184363,0.10395504138177328,0.02385694432455964,0.39540829058095156,147.18660314006254,1.176942849629377,1.45
42047,Elk County,Pennsylvania,0.6636105637929497,0,0.2881943269554972,0.37541623683745257,0,42047,0.032988589470623955,0.08510006228961381,0.12012770829888755,0.02386377813084251,0.3813286254318647,133.22388085382656,9.097498622258652,1.0
42049,Erie County,Pennsylvania,0.990441887424973,0,0.28617791744078114,0.3968854531971313,3,42049,0.03439402280674516,0.07929310795795402,0.11437933895741123,0.025255240954106296,0.38280160018743375,146.13560942061432,1.5557513363208977,1.45
42051,Fayette County,Pennsylvania,0.8113827036434436,0,0.3120705828692889,0.39347959421196643,1,42051,0.036929158871341225,0.08443273185571203,0.11601157587941913,0.02500942375928229,0.39604668072756755,144.0873033242728,2.8142653702359937,1.15
42053,Forest County,Pennsylvania,0.9283552276188298,0,0.33092419226475456,0.3093207922999557,3,42053,0.04033055102335113,0.09574604598837014,0.12216262287989577,0.023654006565240568,0.3918732665183741,93.47364381340466,25.53862429103084,1.45
42055,Franklin County,Pennsylvania,0.7682627479201835,0,0.2730254804515128,0.3950290829573425,1,42055,0.03121832878229268,0.08237594114732613,0.10989261536976992,0.02462639928011742,0.38366815699911916,145.01917609328373,2.18932460901107,1.15
42057,Fulton County,Pennsylvania,0.9380194393900582,0,0.2942398566341763,0.3526701015658639,3,42057,0.033147894030862435,0.0823630801488512,0.11820428419349281,0.024396181194872968,0.39042927999779997,119.54420481675558,15.445390368371964,1.45
42059,Greene County,Pennsylvania,0.7598852012002154,0,0.28189849839694364,0.3788712417771567,1,42059,0.03188634179914884,0.08241617592263178,0.111114637759257,0.024649292754591167,0.38939057401546556,135.30174365193747,8.043732654597328,1.15
42061,Huntingdon County,Pennsylvania,0.9651861983630544,0,0.28394503893014533,0.3817006151133406,3,42061,0.03364783057867295,0.08381307729692802,0.11456992363152597,0.024543051153175524,0.38063846813467833,137.00334747011516,7.282935022441462,1.45
42063,Indiana County,Pennsylvania,0.9613897576125251,0,0.27248537602655665,0.39054204301656414,3,42063,0.03086012801097588,0.07776287420442929,0.10746512779501051,0.02578381943581808,0.3858029330556344,142.32064062682517,3.9621872565231424,1.45
42065,Jefferson County,Pennsylvania,1.0010499128411268,1,0.3084828005537616,0.3818964496814983,3,42065,0.03610168882278067,0.08524173520553258,0.11784410438066022,0.025199130394020695,0.3887082767833021,137.12112367329303,7.1370771744955785,1.45
42067,Juniata County,Pennsylvania,0.6765090409547774,0,0.30834014088248235,0.36816890007229497,0,42067,0.03490445967429758,0.08620661845803573,0.11900886527652131,0.02518763753304822,0.38829197947218147,128.8652846397812,11.419806815732551,1.0
42069,Lackawanna County,Pennsylvania,0.7594548631758883,0,0.2641800658870476,0.39621546730937707,1,42069,0.03267647414711028,0.07654818197416718,0.10609163868422081,0.024472252204073404,0.38642567058103433,145.73267548109203,1.9787286345315176,1.15
42071,Lancaster County,Pennsylvania,0.9538790838737535,0,0.2591449133483494,0.39870273070251516,3,42071,0.030751075526177257,0.0750047782612961,0.10318548259846862,0.024702684779937284,0.39079353751411283,147.22853211918624,1.1689780047116312,1.45
42073,Lawrence County,Pennsylvania,0.7024166990587561,0,0.31170672202230953,0.39070997703644655,0,42073,0.03728748661183131,0.086525219554304,0.11223204256552657,0.025294839801846616,0.39544270350280963,142.42163725593005,3.817466957219677,1.0
42075,Lebanon County,Pennsylvania,0.6745386807082243,0,0.28046526227789464,0.39407341843032967,0,42075,0.033628675963559326,0.08055236635142785,0.11123930045461061,0.024354646121907946,0.3884366158170637,144.44443313261976,2.60590965284047,1.0
42077,Lehigh County,Pennsylvania,0.779667559214697,0,0.28007936278118994,0.3978924278402857,1,42077,0.03343089483125339,0.07744597908812023,0.11022138832521676,0.024693550154650523,0.3921233426540052,146.74121062413406,1.3989120646956743,1.15
42079,Luzerne County,Pennsylvania,0.807132787499378,0,0.30431222297067534,0.39754237485487076,1,42079,0.03627378463347126,0.08077522499718957,0.1170355076320686,0.024764498039274805,0.395009623972842,146.5306864458897,1.5013051183247066,1.15
42081,Lycoming County,Pennsylvania,0.7578289952799865,0,0.26616481983714163,0.39281691518893364,1,42081,0.03102049057296056,0.07768255968469069,0.10791925658988002,0.02446489319803309,0.38807573753859786,143.6887637814708,2.985807891842972,1.15
42083,McKean County,Pennsylvania,0.9843204222164299,0,0.29847484085034165,0.3803668296437479,3,42083,0.034805794201499804,0.08336776808147799,0.1144932429766912,0.025071708042635442,0.39013543080230095,136.2012000763216,7.5139355070261935,1.45
42085,Mercer County,Pennsylvania,0.8030363079986553,0,0.30587656006023506,0.3924158816777261,1,42085,0.034032429391153265,0.08398965575207297,0.11390222773752993,0.02497452522060793,0.40066673314136947,143.44757957818422,3.189850871774622,1.15
42087,Mifflin County,Pennsylvania,0.7060702475773537,0,0.322942606568966,0.38312764100838775,0,42087,0.036176184565879184,0.08654877005624896,0.11819955038440567,0.026545753287191002,0.3912757178217601,137.86157027182074,5.988254595983455,1.0
42089,Monroe County,Pennsylvania,0.6660449492388172,0,0.2710829890152428,0.3949619602235743,0,42089,0.032822841446824284,0.07595138184681843,0.10579688198000825,0.025146657117288383,0.3896778870663022,144.97880803771264,2.288132069241096,1.0
42091,Montgomery County,Pennsylvania,0.7124938582344728,0,0.22047608683351155,0.3990837898921169,1,42091,0.026793551980661023,0.07054940584832202,0.10424692997571722,0.021274699064511276,0.3899914382228994,147.4577036334879,1.1021722659383777,1.15
42093,Montour County,Pennsylvania,0.6546295646128755,0,0.29329907094491586,0.3613304936679596,0,42093,0.03244941721856355,0.08278479349708695,0.1181856033743938,0.0241377680857007,0.3924824971660046,124.7526218465556,13.110836511198489,1.0
42095,Northampton County,Pennsylvania,0.8468767637211644,0,0.2539635936927413,0.3974800707081543,2,42095,0.030653582701225496,0.07621330338743193,0.10645135700818331,0.023656938000886817,0.3865249368564396,146.49321632040812,1.5181809781163011,1.3
42097,Northumberland County,Pennsylvania,0.817252617557443,0,0.3193508136241862,0.3913036364257644,1,42097,0.035533590322185844,0.08721755096574796,0.12054835804682534,0.02521212342033335,0.39444816263914,142.77866793500004,3.628428967036492,1.15
42099,Perry County,Pennsylvania,0.6537699431230215,0,0.27117901246493575,0.38259093065808575,0,42099,0.03130440537923201,0.0799205782229422,0.11275375334718307,0.02453102006315822,0.3813643115473233,137.53878912107973,6.357207183702389,1.0
42101,Philadelphia County,Pennsylvania,1.0329556089667822,1,0.3128072022809363,0.3995759763168445,3,42101,0.03885133972512817,0.08089005178040624,0.10258279637926823,0.02948341005829541,0.3844849638063745,147.75370780121693,1.0890711664216026,1.45
42103,Pike County,Pennsylvania,0.6751845597765433,0,0.2883248358193406,0.38685972395720275,0,42103,0.033051095455597757,0.08002695955223382,0.11834200632092975,0.023506438634257748,0.3943359896835361,140.1060696152778,5.094668760177665,1.0
42105,Potter County,Pennsylvania,0.9857246731103333,0,0.32376883672103995,0.35604128266539686,3,42105,0.0380609699696274,0.08915231476546516,0.12185075684109488,0.024789761349702778,0.3913503289147984,121.57165540355965,15.34470040455226,1.45
42107,Schuylkill County,Pennsylvania,0.7933645840550979,0,0.29529863717765276,0.3945836098267803,1,42107,0.03468171725005475,0.08576122672335253,0.1187923610178766,0.024343324810483572,0.38229406429259943,144.75126560930266,2.537457866790044,1.15
42109,Snyder County,Pennsylvania,0.6284420389032688,0,0.24802928946766784,0.38041274943560094,0,42109,0.028697619632346,0.07359437630599992,0.10339509650322602,0.025388731981925573,0.38043559319943093,136.22881654253618,7.3217954099436495,1.0
42111,Somerset County,Pennsylvania,1.014373584598566,1,0.3105828183787221,0.38898517099959934,3,42111,0.03525889775326714,0.08637587679096545,0.11960806080848704,0.024889783710883573,0.3909034489511812,141.38432750949917,4.465927832623558,1.45
42113,Sullivan County,Pennsylvania,0.7316265335185803,0,0.334642039279708,0.3015549463886227,1,42113,0.03814850205597835,0.091518026251321,0.12637736928179866,0.0240908661039513,0.3974803730059442,88.80321277303618,26.532570257387555,1.15
42115,Susquehanna County,Pennsylvania,1.0021715138970553,1,0.31062507131882894,0.3805276968860368,3,42115,0.03481218894743748,0.08494554379173574,0.11956844395103156,0.024640981958279552,0.3960994560005572,136.29794669869128,7.254504110341829,1.45
42117,Tioga County,Pennsylvania,0.9827244001004235,0,0.29638132432134096,0.3813596412651581,3,42117,0.03368882984624482,0.0842804649860212,0.11545314112565924,0.02490915735324896,0.3889832960565873,136.79828354498872,7.26717122208127,1.45
42119,Union County,Pennsylvania,0.68026244208331,0,0.2099598798980926,0.38157267843522047,1,42119,0.02704785005774669,0.06726090001558865,0.09431171323487483,0.02337235127033026,0.38263147239645007,136.92640550661034,7.164293772018508,1.15
42121,Venango County,Pennsylvania,1.0161805436119995,1,0.3161847941682488,0.3846293738400267,3,42121,0.035352739641048785,0.0864362612312623,0.11967867062330409,0.02524527595405241,0.3937677267029827,138.7647223187847,5.988590492702937,1.45
42123,Warren County,Pennsylvania,0.7902146692877337,0,0.3074899789128284,0.37965321177215744,1,42123,0.03483057082646203,0.08766945125295006,0.11973501300190809,0.02402757107522013,0.39306554975876606,135.7720255734418,7.901811605631865,1.15
42125,Washington County,Pennsylvania,0.7917142825291936,0,0.2923748693670882,0.39607233283221066,1,42125,0.03207878863023032,0.08410930474202617,0.112074970507797,0.02417087572172524,0.3997481498966525,145.64659346082826,1.9419968824935776,1.15
42127,Wayne County,Pennsylvania,0.7924422696772713,0,0.30486007924372954,0.3842201552582455,1,42127,0.035284690076360925,0.08605076710218498,0.1223446819137062,0.02350880255204165,0.3914011833233928,138.5186155599759,5.923662680883542,1.15
42129,Westmoreland County,Pennsylvania,1.0161360108548072,1,0.30294779208860045,0.39783566367333556,3,42129,0.03323468008982382,0.08320001107240685,0.1208769732292281,0.02411013680491077,0.39627794274072997,146.70707227908682,1.4276448564193844,1.45
42131,Wyoming County,Pennsylvania,0.639928566742832,0,0.2686009177072079,0.3713276490356242,0,42131,0.03164589450498733,0.07943544989501027,0.10864587025559588,0.023865052167831427,0.3899858005738132,130.7649771363237,10.491436419196884,1.0
42133,York County,Pennsylvania,0.7618628977333043,0,0.2641729050388357,0.39831657125099423,1,42133,0.03175028494768218,0.07421599057972228,0.10548119763478699,0.02560881904291022,0.38444314538567004,146.99629327366873,1.2976709705090694,1.15
44001,Bristol County,Rhode Island,0.6690502664952578,0,0.28348171910587433,0.3855685473893835,0,44001,0.026190370794218775,0.07497035625690095,0.10541702125080657,0.02598907901597476,0.4146607603039616,139.32954749652973,5.671794882663559,1.0
44003,Kent County,Rhode Island,1.0249849448882802,1,0.31143993096894257,0.3954462379195265,3,44003,0.02705610749949113,0.08215089449713872,0.10877713464455299,0.028424924056867522,0.4080760004248571,145.27005584370275,2.143984935371904,1.45
44005,Newport County,Rhode Island,0.7499279464354165,0,0.26115702749902125,0.39095423027090614,1,44005,0.02500371272118362,0.07377068116128205,0.10164159838628704,0.025339739506374973,0.4062812576741311,142.56853276492615,3.6222794539502816,1.15
44007,Providence County,Rhode Island,1.0344139226745426,1,0.3145692634109749,0.3988196487783648,3,44007,0.030351319623085755,0.07497494328094995,0.10067026276859813,0.031007204098320276,0.40715181079690055,147.29884742248518,1.1840380068262646,1.45
44009,Washington County,Rhode Island,0.9915787885048197,0,0.28949658316892635,0.39435085717922524,3,44009,0.02621144001819993,0.0737188267479428,0.10561307376765083,0.027146393604485293,0.4138019468429418,144.61128662925583,2.5478679277050515,1.45
45001,Abbeville County,South Carolina,1.072227413335152,1,0.38000676835119573,0.35946041325925393,3,45001,0.0429975604297067,0.10379978441226717,0.13012656654860016,0.0257220454556687,0.3978026502752802,123.62794313305471,13.776303802484394,1.45
45003,Aiken County,South Carolina,1.0388892434343089,1,0.3229515861025712,0.3935237541969523,3,45003,0.03897984997343345,0.09257694442895256,0.11784059863100192,0.02418247858480807,0.39406869598904337,144.1138614310103,2.7966423406627583,1.45
45005,Allendale County,South Carolina,1.0721373849384628,1,0.4418180504355506,0.29758704262545826,3,45005,0.054508349119400466,0.11639729052191695,0.12511137854619506,0.0280410456381953,0.4076022982533604,86.4168892337507,26.874857842130456,1.45
45007,Anderson County,South Carolina,0.8538868563177594,0,0.3477671380396427,0.3947431718018872,1,45007,0.03836643526098559,0.09621016753470221,0.12428874662758037,0.0245672033868697,0.4036948481237301,144.84722723536507,2.303733170072332,1.15
45009,Bamberg County,South Carolina,1.0690196436117323,1,0.40615198004682235,0.3311029465819585,3,45009,0.04753654410073763,0.10670295932698387,0.1261997021936219,0.02680179720343715,0.4084145875660824,106.573575314273,21.31505753836908,1.45
45011,Barnwell County,South Carolina,1.11642874242251,1,0.41738408013920975,0.3525667767039005,3,45011,0.04830194882186555,0.11009867335865028,0.12806630325047327,0.027837271924543838,0.4027599025578643,119.4820645620988,15.58360194294406,1.45
45013,Beaufort County,South Carolina,0.9846260335483616,0,0.2849269868215534,0.3941254501083512,3,45013,0.03152753115951822,0.08637998086019402,0.12248030833252058,0.021271623288999827,0.3954744040873944,144.47572532755754,2.537493323258716,1.45
45015,Berkeley County,South Carolina,0.7816952945730552,0,0.28450757182622916,0.3952274669329493,1,45015,0.03314106265437013,0.08388809651486859,0.11216994078906077,0.02402800963816689,0.3900246459442328,145.1384855269455,2.138002934483541,1.15
45017,Calhoun County,South Carolina,0.8378775183390708,0,0.3939441155273134,0.3346450308544873,1,45017,0.044462337157334365,0.10488835219850899,0.1316784992708763,0.025431988052535732,0.4073166651959212,108.70380819848177,19.96147227141115,1.15
45019,Charleston County,South Carolina,0.9776751378418654,0,0.27682711319467895,0.39743160255833176,3,45019,0.032699658202966955,0.08016786950763088,0.1100635780911904,0.024058056611221727,0.391459254843038,146.46406725487358,1.4855510924970758,1.45
45021,Cherokee County,South Carolina,1.055250684515939,1,0.3477238519439053,0.3800352408257078,3,45021,0.039505916511660924,0.09504210315411538,0.12291104886988223,0.02625606627064526,0.3919532336135917,136.0017803703301,7.604216176744137,1.45
45023,Chester County,South Carolina,1.1123869086669855,1,0.39884953201778495,0.36831385326979144,3,45023,0.04515636285173609,0.10397545123235848,0.13208173142099605,0.026666987660061835,0.40222526485356547,128.95246045046787,10.744510667381796,1.45
45025,Chesterfield County,South Carolina,1.1191072200000634,1,0.3960009162736726,0.37579716648499173,3,45025,0.04519670373889677,0.10499794174218023,0.12853469380225202,0.02755364220729296,0.3963908423131663,133.45297446067588,8.612110286981476,1.45
45027,Clarendon County,South Carolina,1.1444341062582073,1,0.42256144228379966,0.3667034585839295,3,45027,0.04985725853190578,0.10949969996914483,0.12856753227037374,0.02734452121883097,0.40836961177978426,127.98395844644044,11.757505583903937,1.45
45029,Colleton County,South Carolina,0.8839163834198314,0,0.39581588400279016,0.3728070581014111,1,45029,0.048074787807788524,0.10819219520399334,0.12709325272317967,0.025980141305379567,0.39869120331891184,131.65470352301008,9.983698434448891,1.15
45031,Darlington County,South Carolina,1.1369140157580737,1,0.4017149673635052,0.3823636641937871,3,45031,0.0464818857807293,0.10549286710426932,0.12734782221279878,0.02682169457982755,0.40606856197524765,137.40210956789076,6.7954324765890926,1.45
45033,Dillon County,South Carolina,1.1512249853881888,1,0.42955936314436205,0.3643889026405958,3,45033,0.05024706356206846,0.11052968676345355,0.12786005311586263,0.029265726955264765,0.39990659694934627,126.59196920974449,12.22704897914055,1.45
45035,Dorchester County,South Carolina,0.781460744348276,0,0.2864691535519896,0.3930619284899895,1,45035,0.03119875664430643,0.08476673664703537,0.11808121479624463,0.024707432428522424,0.38111473999144496,143.83611639953972,2.910826323323437,1.15
45037,Edgefield County,South Carolina,0.8168171492228681,0,0.3472525107912453,0.3630232711416836,1,45037,0.042062192454381114,0.09692624362233997,0.1204519893410061,0.02539591682176415,0.39284506843656986,125.77066940351,12.42712711210325,1.15
45039,Fairfield County,South Carolina,1.132094068561508,1,0.4284042310593995,0.35235029898301984,3,45039,0.05040834523139019,0.11147008741948106,0.12759985471759056,0.02722454664144958,0.4127907348089729,119.35187343048312,15.799077683912314,1.45
45041,Florence County,South Carolina,1.0910655938996456,1,0.3603822806296614,0.39207674964595635,3,45041,0.043016005800569454,0.10070814887114825,0.11485036636586031,0.026678978880793805,0.39800548092478916,143.24362333361728,3.226241279218796,1.45
45043,Georgetown County,South Carolina,0.8999307967290348,0,0.399976816598585,0.38257170229622783,1,45043,0.04474275924760201,0.10655526811552046,0.130771865606675,0.025613476500162654,0.4106620063621646,137.52722505721573,6.579380665294575,1.15
45045,Greenville County,South Carolina,0.7838039369000469,0,0.283606238713167,0.3979624020694825,1,45045,0.033743085262807365,0.07859985379322681,0.11237955809348976,0.024571503985460503,0.3909770757000855,146.7832935878959,1.3192327091724658,1.15
45047,Greenwood County,South Carolina,1.0685314450754955,1,0.35272120205849244,0.38419703592460785,3,45047,0.040739128539209676,0.0961606149367769,0.12597943013313637,0.025254512742443943,0.39545109206430573,138.50471143997578,6.075984197260132,1.45
45049,Hampton County,South Carolina,1.0949143046206518,1,0.40723168327321196,0.3478816302582721,3,45049,0.048260108084279205,0.1102640092485072,0.1226105919072375,0.02731605937095018,0.4042595960835005,116.66438653472484,16.699581628282008,1.45
45051,Horry County,South Carolina,1.0095118122456999,1,0.2990758513022422,0.3971391916258267,3,45051,0.03443689185690383,0.09306928545415027,0.1206415470219213,0.02274600253342437,0.38533710304659563,146.28820938809292,1.5129050887790203,1.45
45053,Jasper County,South Carolina,0.82195263494977,0,0.34724304609489937,0.36749837560055276,1,45053,0.041916854930735076,0.09508186503411431,0.1150337720559742,0.0259749722317311,0.4000057972629228,128.46202679229012,11.487628466268797,1.15
45055,Kershaw County,South Carolina,0.8409529790738071,0,0.34741305462836586,0.3838504054358143,1,45055,0.039062814337440604,0.09666961248374617,0.12778344829302868,0.024774285881445954,0.3939044899185881,138.2962455738121,6.17869840620912,1.15
45057,Lancaster County,South Carolina,1.0676455911296514,1,0.34744222129231583,0.38886508293502997,3,45057,0.03848852474781459,0.09772267323059142,0.12450456973020783,0.024888247054891385,0.39803728192724397,141.31210575403995,4.466693272657952,1.45
45059,Laurens County,South Carolina,1.0709059692227816,1,0.3541505861415694,0.3844052547017283,3,45059,0.04108751108161866,0.09677773236018918,0.1255297247879834,0.025291748156931828,0.39564316365426494,138.62993558824684,6.01475332041085,1.45
45061,Lee County,South Carolina,1.130740427482736,1,0.4377389420208816,0.34208204244997076,3,45061,0.05304853349777005,0.1131836963204671,0.12229181684231907,0.028622577164670815,0.41153604562860696,113.1764761086752,17.812178005664453,1.45
45063,Lexington County,South Carolina,0.987419131523137,0,0.284660812920767,0.3963178984744999,3,45063,0.03192983726647138,0.08392828016840882,0.11710893661200454,0.023433377135640365,0.3898447216209857,145.7942782605642,1.815346551419058,1.45
45065,McCormick County,South Carolina,1.0931229807595682,1,0.4411573757182362,0.31272054204698324,3,45065,0.050194224184893665,0.11520249116623754,0.14637987590996782,0.02435268268099673,0.41381618776468965,95.51827577356636,24.769431427576805,1.45
45067,Marion County,South Carolina,1.157108242815408,1,0.43452168564963745,0.363483999050644,3,45067,0.051751405322709824,0.11206172336348268,0.12456794701580995,0.028420314351732336,0.4108716714068705,126.04775421200875,12.706706999590503,1.45
45069,Marlboro County,South Carolina,1.1428718981802066,1,0.42737997518610993,0.3608075408002395,3,45069,0.05052264428638603,0.11201119012811003,0.12784026361450174,0.02817021429770483,0.403062237415249,124.43811453673564,13.55948313998472,1.45
45071,Newberry County,South Carolina,1.054826049427713,1,0.35473380873046856,0.3727324322541612,3,45071,0.04219759276192432,0.10070389826375163,0.11853269324073108,0.025656631353961186,0.39595014700056763,131.60982304541767,10.03464404676067,1.45
45073,Oconee County,South Carolina,1.034193888559702,1,0.32659929778238567,0.38663786674154665,3,45073,0.03665490763712423,0.09356657011183958,0.12627981294202686,0.023983404331610492,0.3904353321467255,139.9726432199616,5.075229592357377,1.45
45075,Orangeburg County,South Carolina,1.162001852879188,1,0.4144160844956884,0.3869645036968551,3,45075,0.04941998137522556,0.10612107038524465,0.12163789698892245,0.027774936915934266,0.4133043466504543,140.16908484298915,5.093442418769484,1.45
45077,Pickens County,South Carolina,0.9845616783311164,0,0.2873487334981918,0.39165932052326774,3,45077,0.03133374522780652,0.08117942012439407,0.12264598962021674,0.024315714872939424,0.3828652053325105,142.9925787012594,3.2351374526157453,1.45
45079,Richland County,South Carolina,0.8002257303847972,0,0.2985022526066325,0.397346208597539,1,45079,0.03567902306914093,0.08220543820111947,0.100559107406546,0.027024388817262813,0.3967642448505436,146.4127107626511,1.5426906539089291,1.15
45081,Saluda County,South Carolina,0.8313458922492577,0,0.37471126953928074,0.34819820198181306,1,45081,0.04433738314614378,0.10062538279842653,0.12669176343405922,0.0257865359528012,0.39848155719436823,116.85477486086596,16.897217055106395,1.15
45083,Spartanburg County,South Carolina,1.069446900022381,1,0.3406170744344355,0.3969325117878962,3,45083,0.037622175587824304,0.0921391668505839,0.1264080115105726,0.025144867395467667,0.39617631102989204,146.16391076801852,1.6056451815343773,1.45
45085,Sumter County,South Carolina,1.0960663505199695,1,0.36625165488738365,0.38965617305742284,3,45085,0.0455484028412725,0.10098030402606242,0.11494598061201286,0.026784949829096728,0.39678778490092176,141.78787258041498,3.9949015248639737,1.45
45087,Union County,South Carolina,1.1031705227881083,1,0.3976522003841947,0.36315505671105247,3,45087,0.04528809243156971,0.10422355315845791,0.13237614392346925,0.026487777285792904,0.40115784423706924,125.84992611564164,13.028138290123062,1.45
45089,Williamsburg County,South Carolina,1.1794472612513203,1,0.44783523763892563,0.3655766666723298,3,45089,0.053977512809032374,0.11868111018032884,0.12819473468876036,0.027570065163536592,0.41068919133904186,127.3062983460396,12.007513226423574,1.45
45091,York County,South Carolina,1.0040530427229686,1,0.2962406809943786,0.3962096932973238,3,45091,0.03349405214666026,0.08552528137566542,0.11498078058823431,0.02471299778958624,0.3896906968917887,145.72920295209403,1.8481548988497027,1.45
46003,Aurora County,South Dakota,0.4901254903502835,0,0.24168544854682866,0.2484400418034549,0,46003,0.0284133777963987,0.0794793983054567,0.1140739517903497,0.0205589490233452,0.3855711529491043,56.85955822295561,30.83276483425463,1.0
46005,Beadle County,South Dakota,0.8723235061992609,0,0.23658890215067324,0.3650135159177825,3,46005,0.030564097168207818,0.07862725480051747,0.11119395919949272,0.021571340004224483,0.3729952786806234,126.96761576149255,12.57955197273185,1.45
46007,Bennett County,South Dakota,0.8523624220881838,0,0.32417115696155846,0.2636649962027063,3,46007,0.0428961485806267,0.08756606543379115,0.10212187133218326,0.029823083168447652,0.37509421676397775,66.01594639062306,30.97951687529877,1.45
46009,Bon Homme County,South Dakota,0.795501550333112,0,0.22638686172314115,0.32223489712728093,3,46009,0.030639246464316747,0.08043217110927756,0.10730018871073621,0.02059123053698035,0.3727689212519139,101.2402717806288,23.648565055632545,1.45
46011,Brookings County,South Dakota,0.7238566818228319,0,0.11883591411648256,0.3803755905889188,3,46011,0.018801722740941718,0.052894313677878696,0.07837640032945742,0.02142914248630095,0.3661466801212948,136.20646896663135,7.686361116266172,1.45
46013,Brown County,South Dakota,0.8548119587551314,0,0.20795048932386717,0.3815749994727752,3,46013,0.026092401698557425,0.07510896568947766,0.107515177693969,0.020368500905869752,0.37330819128317827,136.92780139393096,7.022238733899427,1.45
46015,Brule County,South Dakota,0.7928774250794333,0,0.24526292220341672,0.3015490950927442,3,46015,0.02936805752395055,0.07957384873403825,0.1109748273224737,0.02188192422158595,0.38175289144422,88.79969376503509,26.428642289926977,1.45
46017,Buffalo County,South Dakota,0.8100352313635674,0,0.3409175605139336,0.2177274266333542,3,46017,0.0464385869161267,0.0815232881104398,0.0942603736628031,0.0327450893642586,0.3834910356059292,38.38878854002894,32.7941816592786,1.45
46019,Butte County,South Dakota,0.846083574455953,0,0.24002938241866323,0.34347653099923536,3,46019,0.03153051501382935,0.0815506981688186,0.11148320467191775,0.022215967884100803,0.3646578025928534,114.01513073565144,18.15842087278293,1.45
46021,Campbell County,South Dakota,0.6448571496029792,0,0.26253602793066344,0.18219304076104637,3,46021,0.0306126992912859,0.0857532686377791,0.118565613289467,0.0202248191127461,0.3887523643427353,17.01817409913924,33.019388133155154,1.45
46023,Charles Mix County,South Dakota,0.9124471747276873,0,0.2942301231908169,0.3350437904144848,3,46023,0.037061093295446434,0.08685275805730953,0.1118674037488984,0.02404591008582113,0.38687030840310643,108.94362483248656,20.02921650963409,1.45
46025,Clark County,South Dakota,0.7640748748147996,0,0.2487278538242138,0.27822033570323423,3,46025,0.0318080904010016,0.0850435956095352,0.1117337450989435,0.0208248755670718,0.3782831259099101,74.76962373402253,29.481063648710712,1.45
46027,Clay County,South Dakota,0.7181512343617533,0,0.13846143657494056,0.3568152767779928,3,46027,0.01969158899281,0.055977761474716635,0.0839972455641181,0.022574881917820134,0.36291245285597296,122.0371405766887,14.45394312028204,1.45
46029,Codington County,South Dakota,0.5672974412841214,0,0.1916410313343936,0.37565640994972777,0,46029,0.026416819124660214,0.06994388103025201,0.09305721051901816,0.020618529470656812,0.38346911041390047,133.3683225503834,8.948226986998627,1.0
46031,Corson County,South Dakota,0.916811833471113,0,0.3506217273034426,0.28166229578008356,3,46031,0.047362279741018545,0.0879331894200232,0.10783492412246645,0.030058017794243698,0.38128282750103815,76.83964126542455,30.119373265679044,1.45
46033,Custer County,South Dakota,0.6116025232320089,0,0.2780549113238996,0.33354761190810933,0,46033,0.032037717194126444,0.0889450596749514,0.1180739548468587,0.02135121324556445,0.3893873967206455,108.04381319343376,21.370280326037545,1.0
46035,Davison County,South Dakota,0.8359456313180023,0,0.2103236828696783,0.36619054562549563,3,46035,0.026649378481387275,0.07205903795996871,0.1044488084391056,0.021534923665510575,0.3749582488590157,127.67548920439936,12.488860331654756,1.45
46037,Day County,South Dakota,0.8604602900111162,0,0.2874588686207161,0.3059620210421226,3,46037,0.034870466786544,0.08927552001835473,0.11860673185509257,0.02210098572636853,0.3855633715017729,91.45365658739128,25.097966525164235,1.45
46039,Deuel County,South Dakota,0.7412818009826705,0,0.22547928896139288,0.2857495393025178,3,46039,0.0276409547847291,0.075650224630258,0.11155031698928444,0.0207255851982661,0.37846907882049796,79.29773652441808,29.8529638091792,1.45
46041,Dewey County,South Dakota,0.8982495295905616,0,0.3216268666887334,0.2978555675116538,3,46041,0.0455924389460952,0.08535879146849615,0.09870208262048849,0.0291051987969486,0.37991170770034527,86.5783818744647,27.06686124633248,1.45
46043,Douglas County,South Dakota,0.522913459599035,0,0.2711254164905772,0.2517880431084578,0,46043,0.031695176339494,0.0866802556178083,0.1189857508764588,0.0207341607257147,0.3894171643544617,58.87306832817941,31.676876616489444,1.0
46045,Edmunds County,South Dakota,0.7349729564195046,0,0.22769951283824105,0.2791783881407276,3,46045,0.02883591166461185,0.0788961682775033,0.1093109585720568,0.020041873675068052,0.3818384464261534,75.34580279982652,30.530739427869964,1.45
46047,Fall River County,South Dakota,0.9114723071426881,0,0.3063285515112433,0.3222730396216451,3,46047,0.03613999342202915,0.09142616250937514,0.1223253224466737,0.022327085328218498,0.39194157707775296,101.2632109287486,23.259311449606624,1.45
46049,Faulk County,South Dakota,0.6872024522519562,0,0.24734807032353437,0.22658465536746997,3,46049,0.0306589912430452,0.0830854399512188,0.1128089011205996,0.0207463280468782,0.3814041404835386,43.715584420834304,33.38221616516967,1.45
46051,Grant County,South Dakota,0.5480037669428711,0,0.22576356488364724,0.3222402020592239,0,46051,0.027562788849188,0.0769807445318785,0.1090898264103947,0.0209798505910132,0.3789151208894008,101.2434622017492,23.563238666374183,1.0
46053,Gregory County,South Dakota,0.5793072194260869,0,0.3001712339442965,0.27913598548179036,0,46053,0.036103323890752,0.0910632276248341,0.12286170470672506,0.02199633654652335,0.3876545808831152,75.3203015605854,30.76818467519016,1.0
46055,Haakon County,South Dakota,0.5761665665819574,0,0.2898483406647914,0.21116606505864982,1,46055,0.0358842003585421,0.0911101005069656,0.118549720840199,0.0215782000360351,0.3870036430212599,34.44274233779103,33.11448258429536,1.15
46057,Hamlin County,South Dakota,0.5118062291197363,0,0.19761692152800225,0.3141893075917341,0,46057,0.0267803290755834,0.0735416356856223,0.10814597700744324,0.0200468921226749,0.36436541169241743,96.40160107637944,23.90688427537308,1.0
46059,Hand County,South Dakota,0.5112095065212099,0,0.2496529579846336,0.2615565485365762,0,46059,0.02987612816784695,0.08242569656286869,0.1155250402388575,0.02018715848838995,0.38673449262022097,64.74791203360402,31.14163468741008,1.0
46061,Hanson County,South Dakota,0.46988228702839296,0,0.20008702799159517,0.2697952590367978,0,46061,0.0247670731145408,0.0713553700230611,0.1037076670156464,0.021131577633237,0.3738376223988813,69.70272696196764,31.879328980769746,1.0
46063,Harding County,South Dakota,0.4501656424444215,0,0.20809302026083754,0.18335536447344206,1,46063,0.0264935112938791,0.0750092257742806,0.1079644908033759,0.020601441015674,0.3701644220160244,17.71720325929899,31.66053573361048,1.15
46065,Hughes County,South Dakota,0.8069798500626482,0,0.1945107188866552,0.36202710874275734,3,46065,0.025913602473513576,0.06939693445138183,0.1013239567855441,0.021743994706034876,0.36707924711522527,125.17157075510605,13.395781952244354,1.45
46067,Hutchinson County,South Dakota,0.8476561258412366,0,0.26191830778716935,0.3226721238274767,3,46067,0.031199373256023028,0.08479972968950894,0.11638514228631942,0.020588327807073634,0.3887365269970496,101.50322280690295,22.670276249483337,1.45
46069,Hyde County,South Dakota,0.48032840250743236,0,0.2484845357650568,0.16919233598053657,1,46069,0.0295855432763739,0.0826105213950564,0.114726248067927,0.0204164017414229,0.3854261513446029,9.199464347900127,32.723055799445966,1.15
46071,Jackson County,South Dakota,0.8716725255010203,0,0.34871955707932917,0.2524339087834435,3,46071,0.0448324369620534,0.0934088095411941,0.11189251116787491,0.028397774322913648,0.38352278997712497,59.26149621237932,30.661626380742334,1.45
46073,Jerauld County,South Dakota,0.6293885482039006,0,0.23082055970686505,0.2032405080199629,3,46073,0.0291032301878407,0.0814163209265893,0.1128637562181035,0.019911994149349,0.3762199834327791,29.676259970213334,32.53794469975518,1.45
46075,Jones County,South Dakota,0.4398631667381066,0,0.24104799989899064,0.1414417103080586,1,46075,0.0293879736745465,0.0807977735418162,0.1139950121812181,0.0205779490930506,0.3805553124941285,-7.489945281158581,32.04069048771212,1.15
46077,Kingsbury County,South Dakota,0.8005966324886534,0,0.24931340142891387,0.3028222071839506,3,46077,0.0301154806303754,0.08208510991674131,0.11589418650242886,0.02039557695461125,0.38413545208037886,89.5653517881954,24.998457315849787,1.45
46079,Lake County,South Dakota,0.5413087935959946,0,0.19704233496523538,0.34426645863075916,0,46079,0.0254381169309245,0.069952239983582,0.1031980588712794,0.020768590971839966,0.3745864886898395,114.4901984323372,18.049627558689583,1.0
46081,Lawrence County,South Dakota,0.5561084196820475,0,0.18194895703472394,0.3741594626473235,0,46081,0.024940166072003542,0.06930982424547198,0.10060822201954543,0.02155766759897626,0.35866986546700325,132.4680485523194,9.976353701682044,1.0
46083,Lincoln County,South Dakota,0.7750521809134746,0,0.14483945685873176,0.389679288598837,3,46083,0.020047116807916935,0.06017068371061472,0.0932081095192118,0.01975096888991716,0.3696780138402653,141.80177441974686,4.233332128632855,1.45
46085,Lyman County,South Dakota,0.7947961276415891,0,0.2730396107826342,0.27509564965984107,3,46085,0.0371091186768964,0.0787201795740896,0.09984034173729606,0.02670767892463675,0.3747606677909192,72.89041690258483,30.587271088319035,1.45
46087,McCook County,South Dakota,0.5278865003094428,0,0.22095704836221366,0.3069294519472292,0,46087,0.0282549487087687,0.07721816614540256,0.11149994701896154,0.0202151553383417,0.3737778344562279,92.03547592558184,25.131793251497115,1.0
46089,McPherson County,South Dakota,0.8041075946531463,0,0.3171749768135547,0.23738198501620134,3,46089,0.0367604388049596,0.0951521968057992,0.1291450039475312,0.0209111640947292,0.3965902521108042,50.20916981002339,32.496384219923854,1.45
46091,Marshall County,South Dakota,0.5780349964253874,0,0.21590669043988922,0.28673243688653455,1,46091,0.0284585011232472,0.0765275233211424,0.1110235162228657,0.0199548639333523,0.3716285531707823,79.88885762549424,29.343209083356385,1.15
46093,Meade County,South Dakota,0.5761431146407947,0,0.12401712209407484,0.376976890637051,1,46093,0.020346205953137,0.06131081763140534,0.08089231025347654,0.021057410352680658,0.35436628925762464,134.16246836021477,8.789722216870336,1.15
46095,Mellette County,South Dakota,0.8329187470135385,0,0.35853406102358976,0.21589266105471272,3,46095,0.0511887832598502,0.0916369777891768,0.1062691346602589,0.029317483910933,0.3830606054862274,37.285348398655344,33.48654947869997,1.45
46097,Miner County,South Dakota,0.7030932052667641,0,0.2505064045808859,0.23438546112033076,3,46097,0.0304261277880189,0.0836920627753984,0.1129415498570922,0.0207279742187238,0.3843792211569243,48.4070405408788,32.08348233393738,1.45
46099,Minnehaha County,South Dakota,0.8513668947611597,0,0.19079733413831412,0.3963522484555891,3,46099,0.022062008936913027,0.06598588804659694,0.09621359511869422,0.02239319875019176,0.3805656372586892,145.81493656614313,1.784512404720329,1.45
46101,Moody County,South Dakota,0.7766983453038221,0,0.22554723746033273,0.31010679378368255,3,46101,0.0293394472688655,0.07550815084485625,0.10362276713110155,0.022285535521922098,0.3752071128051086,93.94635029886514,25.174915846620987,1.45
46102,Oglala Lakota County,South Dakota,1.0009359187056994,1,0.3356375918279154,0.3546630417622221,3,46102,0.04851136173318926,0.07864385959919692,0.08726887638812103,0.03529203851653223,0.3686979002622082,120.74277221829078,15.338701221105216,1.45
46103,Pennington County,South Dakota,0.894943313332921,0,0.223614782064851,0.39358750299233586,3,46103,0.027266137328080864,0.07379829340477514,0.1064384576712429,0.022768753805641535,0.37261941554080585,144.15220037774515,2.86784120438525,1.45
46105,Perkins County,South Dakota,0.598643227895272,0,0.2712908925208678,0.24926843608371663,1,46105,0.0323995049476677,0.0859093021677,0.1156699632764,0.021284626980441,0.3900418205103562,57.35776001634325,31.123814499253623,1.15
46107,Potter County,South Dakota,0.7557402345138472,0,0.28275168529656247,0.23844847643712527,3,46107,0.0323530731628106,0.0885620247818188,0.121488862497994,0.0206748217752554,0.3940001505348099,50.85056479692376,31.36702413458576,1.45
46109,Roberts County,South Dakota,0.9249451681008919,0,0.2974443985963009,0.3404488207836246,3,46109,0.03867207735227795,0.0881029751920076,0.10858192433629293,0.024493973755411402,0.3862955712183089,112.19424580776568,18.70566369557053,1.45
46111,Sanborn County,South Dakota,0.6840728496309587,0,0.2351023729411295,0.23667200611470407,3,46111,0.0290009559092869,0.080232498077856,0.1132333988864072,0.020239516319225,0.3797339699832308,49.78218380780042,32.93615681387767,1.45
46115,Spink County,South Dakota,0.6282343192167226,0,0.23480485601604695,0.3114858563463206,1,46115,0.0292923288066587,0.07939662905143634,0.11470037573433604,0.020608661387222435,0.37484799093127724,94.77572763556392,25.29908468713433,1.15
46117,Stanley County,South Dakota,0.6524435501012689,0,0.19456035299456326,0.25540071604079456,3,46117,0.0240680010269308,0.0694355599878324,0.1051510984358687,0.0204851172215403,0.3751114837611264,61.04575369877908,32.35047110054521,1.45
46119,Sully County,South Dakota,0.6174341512222022,0,0.23199870812195575,0.19381794789335619,3,46119,0.0294452969577067,0.0795455706006529,0.1115780726617828,0.0205786971271356,0.3763724995494603,24.00947005479401,33.56616695038508,1.45
46121,Todd County,South Dakota,1.0000376941509657,1,0.3544792646521479,0.33520190372782843,3,46121,0.05025928903486945,0.08473036009885776,0.0939904566215571,0.0343457713022193,0.3722574926376997,109.0387152237932,20.566699264437744,1.45
46123,Tripp County,South Dakota,0.8552268552781288,0,0.28531982605079825,0.3044917982789457,3,46123,0.0355500808563749,0.08723277746525684,0.11690280946449319,0.0226732132976986,0.3829774810248576,90.56945490378884,26.216363823445075,1.45
46125,Turner County,South Dakota,0.5638839663642785,0,0.23059940548891447,0.33328456087536407,0,46125,0.02887187958628935,0.07739097711174285,0.11113442428936494,0.021075487715092447,0.3763790355695218,107.88561256435078,20.91911526652213,1.0
46127,Union County,South Dakota,0.564654388587468,0,0.20308857344903491,0.3615658151384331,0,46127,0.0257811867946827,0.07168663920037673,0.10742186320832765,0.020311581980544,0.3745083294797851,124.89414573367786,13.61503932461626,1.0
46129,Walworth County,South Dakota,0.8320361582390161,0,0.2730330155713404,0.3007850245934983,3,46129,0.0325065575667544,0.08616714975552581,0.12038269866255225,0.020902545616628403,0.3867848115551431,88.34017671854049,25.95962918971006,1.45
46135,Yankton County,South Dakota,0.6829220135200675,0,0.22381877907281766,0.3700264500750672,1,46135,0.02722489529202634,0.07517881976386899,0.10572810419427327,0.02156357328096572,0.38115468374447786,129.9824274843647,11.5235342804719,1.15
46137,Ziebach County,South Dakota,0.6133601001389223,0,0.2978681253043733,0.23548848351208088,1,46137,0.0424836268682549,0.0752705024533264,0.0939139446214196,0.0307370191931803,0.3720851095169449,49.07040549499583,32.405993769617304,1.15
47001,Anderson County,Tennessee,0.8406906502021488,0,0.34510230249977303,0.3859330455020956,1,47001,0.03852318546071406,0.1002490286633084,0.13223750123385378,0.025486087917187965,0.37506447308532254,139.54875906977017,5.228985089880006,1.15
47003,Bedford County,Tennessee,0.9961031030015317,0,0.30834305603900386,0.3786246012034319,3,47003,0.038502005365965805,0.09059921707735447,0.11548334380956626,0.025059923268693076,0.37956370425855146,135.153412381334,8.059072547108663,1.45
47005,Benton County,Tennessee,1.0852967609771538,1,0.4080001456484441,0.3404803791633862,3,47005,0.04695829379919322,0.10811535501851881,0.141969794727114,0.02638785930417566,0.38815068057215074,112.21322522586198,19.03835583626625,1.45
47007,Bledsoe County,Tennessee,1.0125706072445715,1,0.36172301689441505,0.33660153982597907,3,47007,0.04311248606104104,0.0986880863770931,0.13492870417875155,0.026176447653062533,0.3745722617773624,109.88046562067954,19.818951947426196,1.45
47009,Blount County,Tennessee,0.7220016276554349,0,0.3297961255762938,0.3922055020791411,0,47009,0.03653836326976452,0.09498560253222922,0.1290217246145324,0.02526875223616131,0.3779847228028343,143.32105589760772,3.193546303183901,1.0
47011,Bradley County,Tennessee,1.0138572068637264,1,0.3091485554769906,0.3900633113255793,3,47011,0.03659381537658774,0.08792179761965606,0.11384068832406223,0.02624655210866752,0.3825771738804403,142.03272822486508,3.993806658480814,1.45
47013,Campbell County,Tennessee,1.0871074021756626,1,0.3756054724638835,0.37412377041588374,3,47013,0.044641662494653386,0.103966330018302,0.1288483591197347,0.027492970270406692,0.37742352293011916,132.44658300851134,9.429117482646204,1.45
47015,Cannon County,Tennessee,0.9556514609811719,0,0.32315690257112173,0.3359130705193417,3,47015,0.037606464701949234,0.0927724287637642,0.12805065184067765,0.0253969606920559,0.3721207729645948,109.46641563092022,19.28971018804007,1.45
47017,Carroll County,Tennessee,1.0559612651163064,1,0.36338005799050815,0.3648690903655652,3,47017,0.04294812656011539,0.10215875528714806,0.12772146004156235,0.02652273157426563,0.38026056140322595,126.88075728016294,12.188810918110992,1.45
47019,Carter County,Tennessee,1.0830515279829533,1,0.3659605731102057,0.38097151515390004,3,47019,0.042853407869196725,0.10051262535997313,0.12989332384781804,0.026862426820679304,0.37970714017146223,136.56486193731146,6.890501655842127,1.45
47021,Cheatham County,Tennessee,0.7431856525496447,0,0.2719066949070089,0.3743416986144213,1,47021,0.032160697053307555,0.0851318486430574,0.11762859297468496,0.02454915713765373,0.36458152407275907,132.57764646697322,9.483293630098268,1.15
47023,Chester County,Tennessee,0.9332126662614844,0,0.29820491243874603,0.34539002981055356,3,47023,0.03558384582143306,0.08843775688412132,0.11525718147244346,0.0261945048169718,0.3707357920453078,115.16592156335079,17.664968479932966,1.45
47025,Claiborne County,Tennessee,1.0451348087226513,1,0.351712967592382,0.36906965911289485,3,47025,0.0411899868855922,0.09818615354734574,0.12540675463230722,0.02698673649878662,0.37802868808331386,129.4070070781534,10.866742182693704,1.45
47027,Clay County,Tennessee,0.8084622552016634,0,0.40529572269916886,0.2977149339979298,1,47027,0.0485690376213153,0.10791030747431771,0.13693228196071175,0.0270519166538107,0.3845057540539224,86.49380395013912,27.42042921000365,1.15
47029,Cocke County,Tennessee,1.087846423474472,1,0.3788042282096564,0.3714346845313588,3,47029,0.04483027169863349,0.10385165015920834,0.13521574216939855,0.02688723594938209,0.3751849427414509,130.82934899064682,10.126160625635269,1.45
47031,Coffee County,Tennessee,1.0311633507590106,1,0.32935928495716965,0.3817878534973205,3,47031,0.038952736473459273,0.09681164145842014,0.12334624990567294,0.02539548752303999,0.37688795491668303,137.0558132106286,6.922590324448087,1.45
47033,Crockett County,Tennessee,1.015171576581507,1,0.3641047270198687,0.33601360165703276,3,47033,0.04334364382554092,0.10080340517790459,0.12734985864953433,0.02644266638944074,0.3832731983951321,109.52687572134133,19.660816477882484,1.45
47035,Cumberland County,Tennessee,1.1174591494210067,1,0.38756316709118854,0.3830983152681265,3,47035,0.04580849537959169,0.10785795041911539,0.13730770950742496,0.02476693744487088,0.3890691989751605,137.84393357787113,6.473997658668093,1.45
47037,Davidson County,Tennessee,0.949575177328944,0,0.25647717999368397,0.39840225264696705,3,47037,0.032953008917761255,0.08009335493862754,0.10245778876601457,0.025465577783165178,0.37041954900654256,147.0478226313076,1.220307669553016,1.45
47039,Decatur County,Tennessee,1.0366835959613074,1,0.3900867838142046,0.32486742029704196,3,47039,0.045550519017029174,0.1051157354296926,0.13817803495145964,0.025478840640285376,0.38968572757182873,102.82348860812192,22.560468006780024,1.45
47041,DeKalb County,Tennessee,1.015242735536039,1,0.3476912507371288,0.35247615308082914,3,47041,0.040277354470760675,0.09881793584022253,0.13126645736871362,0.025585068343088248,0.3764697270543712,119.42756291642932,15.719078903209668,1.45
47043,Dickson County,Tennessee,0.9849148512366848,0,0.2988528831211883,0.38039873842135297,3,47043,0.03544872197943288,0.09040291821136556,0.12000838111865458,0.02554806453698621,0.3663146001325622,136.22039022599606,7.260083426436663,1.45
47045,Dyer County,Tennessee,1.0111800736278105,1,0.3258924226817806,0.371473145337399,3,47045,0.04088464294354641,0.09630812162743892,0.11741680220481424,0.02647900207505409,0.3703037510778428,130.85247957351166,10.347135694953394,1.45
47047,Fayette County,Tennessee,0.8401486645208899,0,0.3555409937054886,0.3750230623996331,1,47047,0.04232150328373624,0.10067675620802945,0.12787412772096793,0.025479895072280583,0.383268061915588,132.98742314920074,9.2870961928418,1.15
47049,Fentress County,Tennessee,1.049557221512049,1,0.3731222856250563,0.3507102809349775,3,47049,0.0453339055743612,0.10308388359074748,0.13304970437457717,0.02617833452072215,0.37779834994941236,118.36555574071754,16.080340720591717,1.45
47051,Franklin County,Tennessee,1.0199594328360473,1,0.3278002037891788,0.37562009471844005,3,47051,0.038594764796079734,0.09642133447132448,0.12444966992547243,0.024937313515445897,0.37841649034644737,133.34648233035057,8.867927380662442,1.45
47053,Gibson County,Tennessee,1.0640445122495448,1,0.3554567608490263,0.37836704070238386,3,47053,0.043848923183775604,0.09958872440090362,0.12304080079209903,0.026013512341268082,0.3846045740057296,134.99851379428992,8.136342854605266,1.45
47055,Giles County,Tennessee,1.026921669359254,1,0.34180200751668477,0.3664198334207318,3,47055,0.04153670051678406,0.09854518568404641,0.12164550640332379,0.025862210341353126,0.3804848882178772,127.81338439936918,11.80039417465919,1.45
47057,Grainger County,Tennessee,1.025026848140044,1,0.3488698761802258,0.3580451915025632,3,47057,0.0415593813938767,0.09785364075400522,0.12913071724424433,0.02644587936195554,0.37286044689680403,122.77681941814718,14.238654296313864,1.45
47059,Greene County,Tennessee,0.8499114748974147,0,0.3547724106121384,0.38428104582039624,1,47059,0.04077140613391578,0.10112673983976113,0.1299974668554928,0.025953438782386987,0.3786169234122158,138.55523554636005,6.040413713169243,1.15
47061,Grundy County,Tennessee,1.033550974227422,1,0.3774259622341318,0.33536781309512476,3,47061,0.04440047732927532,0.10128455338517675,0.1356602820047527,0.02652132718098425,0.38063482766372103,109.13849421345586,19.290325593564813,1.45
47063,Hamblen County,Tennessee,1.062644798111036,1,0.3489713660805649,0.3838871153753221,3,47063,0.041782111037977014,0.09834079136654722,0.12691648160758165,0.026533645136589623,0.37450880197974973,138.31832317397632,5.99603449768806,1.45
47065,Hamilton County,Tennessee,1.0262969178019232,1,0.31065082321492843,0.3971401545795013,3,47065,0.03777637041543068,0.09032695152232359,0.12033689000307822,0.025331968714461698,0.37452814857764966,146.28878851479507,1.6566156726874053,1.45
47067,Hancock County,Tennessee,0.9939792733923972,0,0.39498944010817444,0.2905135070589961,3,47067,0.0466802864286509,0.10686319405345854,0.13763096649915016,0.0271323498621758,0.37790782413414437,82.1628182089131,26.350883144958235,1.45
47069,Hardeman County,Tennessee,1.1236461026291118,1,0.41458910012920197,0.3603392465115648,3,47069,0.04897439358046321,0.11128484354130186,0.1260777950309406,0.028018937369787802,0.398120092117033,124.15647925748524,13.37783626591902,1.45
47071,Hardin County,Tennessee,1.0664569131979824,1,0.37275254359600174,0.36273498274743443,3,47071,0.04446016033968782,0.10517776205992246,0.13222195669051476,0.0261155635247612,0.37819299672107953,125.5972908584742,12.699976884552203,1.45
47073,Hawkins County,Tennessee,1.0854254976163547,1,0.3663794360005704,0.3821898727003639,3,47073,0.0422052321512652,0.10006110982391327,0.13283094771027032,0.026514491827073678,0.38043575640312854,137.29759021549788,6.654282324688964,1.45
47075,Haywood County,Tennessee,1.0938158038288697,1,0.40844978100893664,0.34590594576959416,3,47075,0.0511710413928926,0.11066453444259094,0.12200019521119093,0.028380499534705134,0.3907904185695668,115.47619682979773,16.471136749513786,1.45
47077,Henderson County,Tennessee,1.0325703702403248,1,0.3477541686138589,0.3643633281036066,3,47077,0.0427095970829684,0.0952848458225034,0.12258061715840365,0.026714530278274667,0.38089983623934864,126.57658851422704,12.297170497929072,1.45
47079,Henry County,Tennessee,1.0895954150078409,1,0.3836770425960721,0.3677680712024388,3,47079,0.04613731587590336,0.10505623222672521,0.13227960223451432,0.02596553035755093,0.3870389937291891,128.62422350915534,11.61262619852202,1.45
47081,Hickman County,Tennessee,0.7945620865915407,0,0.32968364768576114,0.3612399058721004,1,47081,0.04014377074446537,0.09678303835570931,0.12208137047562312,0.025552056281669802,0.37518288713300474,124.69814174760823,12.698958952581878,1.15
47083,Houston County,Tennessee,0.9664992318762533,0,0.3651587397451662,0.30139245465224984,3,47083,0.043135766130133396,0.10253171789519627,0.1322170600369658,0.0260341075999616,0.37782570704282104,88.70548916919137,26.92738195933417,1.45
47085,Humphreys County,Tennessee,0.9999137280749187,1,0.34003552912610846,0.34956014540831826,3,47085,0.040119181010734764,0.0977845766037969,0.12901630801097863,0.025092160851257123,0.3774615739881357,117.67385663598756,16.242479843577325,1.45
47087,Jackson County,Tennessee,0.8143545619534872,0,0.3845019402531721,0.3236324614455125,1,47087,0.046076368045680896,0.10745475364698098,0.1340745517451326,0.02640254606403435,0.37838981647289116,102.08077619538348,23.27425586947409,1.15
47089,Jefferson County,Tennessee,1.0355512999974974,1,0.3331565344815974,0.3810167758615042,3,47089,0.03833582184281777,0.09705929424841053,0.12648388455888696,0.02554931772976821,0.37599608780694754,136.5920820259041,7.148973258605554,1.45
47091,Johnson County,Tennessee,1.0348035975307475,1,0.36615506530480507,0.3475025881646759,3,47091,0.045030246514324516,0.10527429363111429,0.1316321454453953,0.025722421209012882,0.373521768816063,116.43642811528792,17.081859419437155,1.45
47093,Knox County,Tennessee,1.004092058066771,1,0.2947294942692403,0.3977477871561191,3,47093,0.03415772322596263,0.08659838272863074,0.11359413405695812,0.026108685912911295,0.3764540459152286,146.65422276102873,1.362803720937384,1.45
47095,Lake County,Tennessee,0.9588219604649579,0,0.3723233272269072,0.28893319723168454,3,47095,0.04687766634590755,0.10752684343498276,0.12401574939413734,0.02706844864064875,0.3740135817604411,81.2124094375899,27.64158162621468,1.45
47097,Lauderdale County,Tennessee,0.963850215102583,0,0.3818590653980498,0.3595641769885525,2,47097,0.047489670377396265,0.10403745894577252,0.11924707289631058,0.028425864570705478,0.3850554814054919,123.6903473254265,13.68523091717965,1.3
47099,Lawrence County,Tennessee,1.0375527471119907,1,0.33832829528212194,0.3772253234158027,3,47099,0.039852011632096666,0.09591861205592131,0.12494468908788002,0.0260277656939061,0.3783189227669386,134.3118774747626,8.243582400147064,1.45
47101,Lewis County,Tennessee,0.7958168151950412,0,0.3595864144459015,0.33242820746283,1,47101,0.041845899357178,0.1002557235140186,0.1303855787989445,0.02623615961861605,0.3796963782099665,107.37059596408731,20.060489525124886,1.15
47103,Lincoln County,Tennessee,1.0240416849982894,1,0.3353717180019359,0.3708639268244706,3,47103,0.03923913279139347,0.09491367218086857,0.12960129088134503,0.025243695132350363,0.37679116261997087,130.48609153470244,10.131600908186726,1.45
47105,Loudon County,Tennessee,0.7077371794334311,0,0.3262348342914259,0.3815023451420052,0,47105,0.03657660556883074,0.09568917949445234,0.13045859616929245,0.024150275566183817,0.37928301943374065,136.88410659937549,7.004176698300129,1.0
47107,McMinn County,Tennessee,1.0590094116383066,1,0.34924138873827043,0.3811099296329756,3,47107,0.042409077373110844,0.09972090201995211,0.12661583053183223,0.025908096823738,0.3764543958785182,136.64810531953816,6.879249924217377,1.45
47109,McNairy County,Tennessee,1.0844244679338613,1,0.3858749880730958,0.36200395532956714,3,47109,0.044481633333282616,0.10386476714091611,0.13702493959724363,0.027168910382679826,0.3786001514749995,125.1576461394378,12.94427333011365,1.45
47111,Macon County,Tennessee,1.017764126198859,1,0.33974664638256974,0.3621596475476779,3,47111,0.03967141876832843,0.09657693970345907,0.126486251592592,0.026600392812950024,0.3725378844948324,125.2512804680751,12.99379450216512,1.45
47113,Madison County,Tennessee,1.0799010878907906,1,0.3562359442102122,0.38852342674895374,3,47113,0.04461878560407439,0.09797709251366468,0.11292154572505299,0.026919843375836576,0.394922661275136,141.10663146639592,4.597736586132808,1.45
47115,Marion County,Tennessee,1.0153171277169364,1,0.3347625417906735,0.36545616697962746,3,47115,0.03996477818243647,0.09636009206626632,0.1287823718202775,0.025732370652897484,0.3698125321968211,127.23382903470156,11.319663981491235,1.45
47117,Marshall County,Tennessee,0.9974922503915644,1,0.3171984138640334,0.37072727606118344,3,47117,0.038034601118125164,0.09176843687072102,0.12192754523539512,0.0259638210928915,0.37148254805354214,130.4039088628038,10.437444936963654,1.45
47119,Maury County,Tennessee,1.0116866464338745,1,0.3080514467276237,0.38966348184746225,3,47119,0.036481691208344935,0.09111136598174745,0.12148812308467331,0.024466260396783065,0.37849388514598203,141.7922681350342,4.118159456086088,1.45
47121,Meigs County,Tennessee,0.9663696963879486,0,0.3335824854568755,0.3328793741210201,3,47121,0.03987115613311723,0.09869256154325214,0.12776822570364194,0.0252131290891286,0.3708540030908247,107.64193057320122,20.217671434531105,1.45
47123,Monroe County,Tennessee,1.0676955013162313,1,0.3590031678003264,0.3773385572453504,3,47123,0.0436259082794082,0.10251944104759902,0.1254959212504643,0.02641388965294653,0.37771481210648,134.3799770479936,8.55387967663476,1.45
47125,Montgomery County,Tennessee,0.816777441151774,0,0.2331253092068921,0.39516503014062637,2,47125,0.030145947817235282,0.07686076646791881,0.096538712948861,0.025496802930095697,0.366068326886082,145.1009356275198,2.245078396580425,1.3
47127,Moore County,Tennessee,0.897985216949294,0,0.3323442055021466,0.28695594411805614,3,47127,0.03898453611878465,0.09749937498424524,0.12848920752814746,0.0243020120968305,0.3792324994322942,80.02327635125364,27.867068450410684,1.45
47129,Morgan County,Tennessee,1.0233957531929525,1,0.35277830108359715,0.35301187353223207,3,47129,0.04210678915937316,0.09966316287465894,0.12835711961706722,0.0266446658408031,0.3727365396787126,119.74974873543208,15.45249064780894,1.45
47131,Obion County,Tennessee,1.0528168945308822,1,0.3596403019465965,0.36644031497125334,3,47131,0.043657692609070285,0.09964763473981318,0.12872379179192783,0.02645795889642559,0.37718200398409574,127.82570213917532,12.125892490466152,1.45
47133,Overton County,Tennessee,0.8432536887848885,0,0.3763071165182263,0.35695696068602467,1,47133,0.043410054823910055,0.1048414885456853,0.1335160451324707,0.02650321554821364,0.38006750892598046,122.12235021509102,14.854049945847004,1.15
47135,Perry County,Tennessee,1.0394249383324679,1,0.41017203857903467,0.30667274647783976,3,47135,0.04753452885046194,0.10968446907474619,0.13972138306691578,0.02734670627340845,0.3829954305399391,91.88109156022644,25.966218991577303,1.45
47137,Pickett County,Tennessee,0.9696220090374975,0,0.4042084911231777,0.2644963426957862,3,47137,0.0478583350899096,0.1093140730322433,0.1411824271607878,0.0263027145971887,0.3820196674453032,66.51592366430495,31.18729138498744,1.45
47139,Polk County,Tennessee,1.037317623622012,1,0.3674713863386709,0.34792007822823395,3,47139,0.043697641101454,0.10170508499799151,0.13324497121935075,0.025944986900483,0.3792278885741286,116.68750939788734,15.925948666283276,1.45
47141,Putnam County,Tennessee,0.997445575072243,1,0.30115842498771794,0.38673507506210486,3,47141,0.03509424092771994,0.08835245981083302,0.11626348103792293,0.02528671028208356,0.3805223503812805,140.03110494620506,5.0894661607096445,1.45
47143,Rhea County,Tennessee,1.0207362307015413,1,0.3348271117215841,0.36912890945189275,3,47143,0.0398849382722097,0.0961703566706098,0.1261576437673841,0.026066763646670515,0.37192729619584225,129.44264062349637,11.17507247508692,1.45
47145,Roane County,Tennessee,1.0596224985235407,1,0.3492706283609396,0.3815035085518471,3,47145,0.04106893841545637,0.10146821009816097,0.13345459534258497,0.0244562006836067,0.3774599237947062,136.8848062817411,6.8802852721643895,1.45
47147,Robertson County,Tennessee,0.7750195570250009,0,0.28864115898270937,0.385288890604248,1,47147,0.03464278718418321,0.08948272880604687,0.11532325788666639,0.025069037801370885,0.36968276893430857,139.16136005824427,5.590038472110639,1.15
47149,Rutherford County,Tennessee,0.9101035305593149,0,0.23076817271986802,0.3968894345624181,3,47149,0.02845386576545618,0.07760956777130044,0.10042431118039166,0.02447631044297698,0.36820239487080975,146.13800384000282,1.642921975308328,1.45
47151,Scott County,Tennessee,1.001811483254569,1,0.33564158369843144,0.3552628875116161,3,47151,0.0397259675699383,0.09760979890200415,0.12602579108028134,0.026963711685458382,0.3644499457382016,121.10352341518416,15.333450012712474,1.45
47153,Sequatchie County,Tennessee,0.9905618611278885,0,0.33919868846293033,0.3439474226597514,3,47153,0.0401542898394555,0.09579583502410273,0.129894178067468,0.0255910456139618,0.37426424071403513,114.29832809148814,18.677404390946386,1.45
47155,Sevier County,Tennessee,1.0494008758055748,1,0.33470510154353217,0.38901964039134707,3,47155,0.038921739482614105,0.09366455027993152,0.1277426783963761,0.025502661439372663,0.3796411239573954,141.40505762943707,4.330692184569137,1.45
47157,Shelby County,Tennessee,1.1060879383806097,1,0.36399959800327425,0.3988196698454221,3,47157,0.045871521288192475,0.09859941562947327,0.10967151098379357,0.028308799630190354,0.3938123607486687,147.29886009235267,1.201721227615438,1.45
47159,Smith County,Tennessee,0.7682328187232729,0,0.3150735356653651,0.3529550023548722,1,47159,0.0380946371357652,0.09323606609337572,0.1210179105358591,0.02575547032442886,0.36989804769695256,119.71554603361744,15.553039610673626,1.15
47161,Stewart County,Tennessee,0.673736225454009,0,0.3372666808902819,0.33646954456372713,0,47161,0.03955489190209843,0.09724740627946032,0.12970550142024428,0.024866733624889868,0.3772956605464917,109.80108279786263,19.56211049241229,1.0
47163,Sullivan County,Tennessee,1.1160078965091529,1,0.3763598933976847,0.3933007248844896,3,47163,0.04104631748951846,0.0992077893156473,0.1410313498878255,0.026401377176570862,0.38319824318285567,143.97973012893056,2.9113121073279107,1.45
47165,Sumner County,Tennessee,0.9629657321695356,0,0.26983883839229644,0.3942754596556592,3,47165,0.033121680045066736,0.08441204020010343,0.11552401240815144,0.02432505245510976,0.3661037949818061,144.56594206042837,2.4737411261014834,1.45
47167,Tipton County,Tennessee,1.0132666695992292,1,0.31686357660486175,0.3819410231187446,3,47167,0.03799502046213223,0.0926728378434772,0.11479669788831459,0.026237006049239946,0.3789731157271844,137.14793043295165,6.867325056607025,1.45
47169,Trousdale County,Tennessee,0.9188269543546057,0,0.30663388456734225,0.32703987705652376,3,47169,0.037145936084814604,0.0923565484174569,0.11943285644945635,0.025288933410611197,0.3704979853912641,104.1300184567937,21.75126815823729,1.45
47171,Unicoi County,Tennessee,1.0257082921490663,1,0.3601310715682181,0.34725395750010346,3,47171,0.042399329369306904,0.1035104176563578,0.12918275301685975,0.025834401954225726,0.37905234997240034,116.2868999909001,16.75522136796794,1.45
47173,Union County,Tennessee,0.9995956422097922,1,0.3350332960700388,0.35434300890223175,3,47173,0.04026822421324248,0.09500597132879066,0.126162045016777,0.026561551264510326,0.3691798720432725,120.55030234182112,15.071596108248729,1.45
47175,Van Buren County,Tennessee,0.9710978349338273,0,0.38111985255745034,0.2886027922244995,3,47175,0.0455204795478409,0.10504583480524175,0.13690005931533583,0.026550178104643,0.3741418871782023,81.01370168326812,26.66767239114171,1.45
47177,Warren County,Tennessee,1.0497438002600996,1,0.34823416086138265,0.37572708069730665,3,47177,0.04229818534199675,0.09837495248830143,0.12631661314097986,0.026350086905241554,0.37475200944339876,133.41082440490214,8.604923989602636,1.45
47179,Washington County,Tennessee,1.0083396383121292,1,0.30350594286705523,0.3919007042447581,3,47179,0.034858138973851385,0.08683891896959356,0.11914348339222447,0.026470450148781265,0.3723499994864333,143.13774846619677,3.236338601819364,1.45
47181,Wayne County,Tennessee,0.7645688720249886,0,0.3225552673211121,0.3422872300919214,1,47181,0.039725900224460806,0.09675881070576382,0.12463367103332386,0.0253069889999143,0.3664729082433157,113.2998773122283,18.97380129010913,1.15
47183,Weakley County,Tennessee,0.9969226583270603,1,0.31894781277786016,0.36858505503390554,3,47183,0.038006325062929246,0.09030756114981531,0.11628139338066336,0.027146677258952645,0.3754459357925869,129.1155629832483,11.023122752808948,1.45
47185,White County,Tennessee,1.0406091844684975,1,0.35376384805722894,0.36389765847276934,3,47185,0.0421602250601161,0.09978880416917327,0.12813296186647544,0.0261821523267299,0.37733690914724344,126.29653172154137,12.216438522084715,1.45
47187,Williamson County,Tennessee,0.9010816904348059,0,0.22584034683360438,0.39559530174212376,3,47187,0.026692167234800054,0.07856128515823957,0.1102660276465874,0.021667217300202882,0.3717074436572058,145.35970381148414,2.0528664012413103,1.45
47189,Wilson County,Tennessee,0.776566934467021,0,0.2826700291381283,0.3926055660505856,1,47189,0.03257070788719635,0.08732545004321711,0.1186561610056869,0.02411254001929927,0.3735552005213083,143.56165701327507,3.060187569453269,1.15
48001,Anderson County,Texas,0.7683639925737601,0,0.28709327745079016,0.38104932478726217,1,48001,0.040272141836750944,0.09349230497009203,0.11892146231875686,0.023263333137857216,0.35652320368138257,136.61165716490717,7.00451405534915,1.15
48003,Andrews County,Texas,0.8524072808134749,0,0.24065637082452163,0.34721071939166803,3,48003,0.036367003463212796,0.07967064470211174,0.11873545196830448,0.021989705353539075,0.34675334317829287,116.26089630681088,17.214276975779924,1.45
48005,Angelina County,Texas,1.0157249800506465,1,0.3128669131802351,0.3876330730615901,3,48005,0.04189387763272207,0.09717416382727756,0.12468879613677776,0.023419641145624153,0.36448532966000735,140.57116687620862,5.0058263185107545,1.45
48007,Aransas County,Texas,1.0491088266535045,1,0.3636935886258059,0.359829740100749,3,48007,0.04823056883569622,0.1038587595245343,0.14398593786460862,0.022766090149082218,0.36832852909444536,123.85005873568888,13.412555250819072,1.45
48009,Archer County,Texas,0.835951031879531,0,0.271408111130018,0.30510984189034823,3,48009,0.034256363664224104,0.08740858325696363,0.12828545478218645,0.02202674805001083,0.3580609044510047,90.94115041512823,25.89212806866596,1.45
48011,Armstrong County,Texas,0.5440512096275969,0,0.30300098415495946,0.170087024216864,1,48011,0.0363675003158889,0.0936597638532916,0.1367588801411618,0.0216130770860216,0.3673454498750365,9.737535764472812,30.841988864191173,1.15
48013,Atascosa County,Texas,0.9366063109503245,0,0.2670655881923025,0.37886979866999027,3,48013,0.04403283276626055,0.08429618865261583,0.12283492141098089,0.021520265198457376,0.34671294161862853,135.3008757577529,7.651233591560646,1.45
48015,Austin County,Texas,0.6405392723813768,0,0.27439067483083096,0.3661485975505458,0,48015,0.03809647575261732,0.08849753002972502,0.12438846476578075,0.022264780200631253,0.35462715358238817,127.65026135497172,11.90725797027732,1.0
48017,Bailey County,Texas,0.6006034053822283,0,0.23317181451566507,0.28909201625149,1,48017,0.0373949176154202,0.0803155874679198,0.118310310972351,0.0205492098333924,0.3469050006821408,81.30792424542533,27.783921069615054,1.15
48019,Bandera County,Texas,0.9787060160520104,0,0.31939117795659455,0.3555784882861712,3,48019,0.041386317692519985,0.09779579850508313,0.1377307088181206,0.02182438172867064,0.36346043290523133,121.29332780619012,14.52827462029349,1.45
48021,Bastrop County,Texas,0.9271423681319085,0,0.24969363646865708,0.3897148932774867,3,48021,0.03657499064025104,0.08291383406874513,0.12263295862434133,0.02234259612657094,0.34232995306327724,141.8231873087285,4.175783774147424,1.45
48023,Baylor County,Texas,0.8096346486079171,0,0.3249441035164771,0.23342461966139677,3,48023,0.0399628587842586,0.097835961722649,0.1373600389150992,0.0217826282014811,0.3736856241358922,47.82918413915324,33.311404740688715,1.45
48025,Bee County,Texas,0.9171732686541986,0,0.2661113862234601,0.3664219025035734,3,48025,0.04331411547799489,0.0858774863693513,0.11984588764321094,0.021556218485921055,0.3495004944735588,127.81462875946065,11.844084520343335,1.45
48027,Bell County,Texas,0.8960875233614144,0,0.2208933385125402,0.397098056909125,3,48027,0.03257502300454342,0.07508478712771526,0.09879235652247613,0.02376480058542245,0.3593506372722791,146.26347069768957,1.560768418098136,1.45
48029,Bexar County,Texas,0.9360322983493007,0,0.24607951931734745,0.3994599967856185,3,48029,0.040239850275845784,0.08072102724594649,0.11036450748514146,0.02197221786027734,0.3548520947106919,147.68395694485562,1.103587691993139,1.45
48031,Blanco County,Texas,0.7205821162255434,0,0.2986914632907472,0.3279016812532035,1,48031,0.0376948653906396,0.09199403756726296,0.13524706358440253,0.0215292027357371,0.3649905701279176,104.64831319465593,21.27894040345389,1.15
48035,Bosque County,Texas,0.7754870502971498,0,0.32608792629658495,0.34824863917919746,1,48035,0.04211322753149114,0.09880708311905805,0.13474131745187376,0.02263856927269507,0.3658627404505467,116.88510812461377,16.090645556440546,1.15
48037,Bowie County,Texas,1.005897826434692,1,0.30553057710738185,0.3881920618130954,3,48037,0.04110047568395954,0.09457846812007048,0.11821936558442764,0.024678754177163535,0.36297766228434614,140.9073464046277,4.759488515666771,1.45
48039,Brazoria County,Texas,0.8795443620892346,0,0.20947449430322296,0.3971078243790078,3,48039,0.03404719031871451,0.08016878500926185,0.11098293939082446,0.021000769911930804,0.3379404181790293,146.26934491861124,1.5574670198325435,1.45
48041,Brazos County,Texas,0.7993882778879465,0,0.15598119791032788,0.3953210627020491,3,48041,0.024651299173843972,0.061154568007886316,0.08795521367486862,0.023949672059624366,0.34532976982384694,145.19477464087356,2.121831467565842,1.45
48043,Brewster County,Texas,0.8165176470431019,0,0.2523340479739869,0.3107815706764283,3,48043,0.039327100731835506,0.08248967178701797,0.1213365073513658,0.0208032353990665,0.3528276562499348,94.35216558044368,23.64248423087502,1.45
48045,Briscoe County,Texas,0.7462703489454894,0,0.36769484116988893,0.14697436499941413,3,48045,0.0483781896679441,0.1045090478522139,0.1401447239995041,0.0230352873958409,0.3752576667284406,-4.162570195279274,29.79516872456024,1.45
48047,Brooks County,Texas,0.9662458415438389,0,0.3765271989345127,0.28984924350951413,3,48047,0.0678851129611896,0.09905370563949645,0.13314199569750124,0.0227356620331597,0.35874655627515495,81.76332572143554,27.30361848673701,1.45
48049,Brown County,Texas,0.7623456810038765,0,0.29009214749984175,0.3728171403296161,1,48049,0.037987294061840954,0.09036144074590037,0.12747384613220236,0.023040495106200556,0.35820234583466243,131.6607670416663,9.909735536535864,1.15
48051,Burleson County,Texas,0.9341457328316075,0,0.29521559853250745,0.34902283790308397,3,48051,0.03933320892575078,0.0925318503974733,0.12807696099581795,0.02224604572653064,0.36229255342487343,117.35071635232484,16.699026929800493,1.45
48053,Burnet County,Texas,0.6586320511090327,0,0.2794815741835174,0.3791504769255153,0,48053,0.03657081128756959,0.09042918797928555,0.12953598420847315,0.0214492106731765,0.35903949660635276,135.46967751507947,7.42825456334173,1.0
48055,Caldwell County,Texas,0.7390361308847672,0,0.264297992016185,0.378342121796656,1,48055,0.039744375900467255,0.08676686885865299,0.12028094772923471,0.022520605033224513,0.3468932611764528,134.98352739974484,7.9536600020461075,1.15
48057,Calhoun County,Texas,0.9307012025199469,0,0.28973239884793484,0.35213049944168373,3,48057,0.044126018908154346,0.09308673826637953,0.12331238713694131,0.02158792075724772,0.3564495976389931,119.21968453409814,16.13357224354626,1.45
48059,Callahan County,Texas,0.6389648040558915,0,0.30233894010529355,0.336625863950598,0,48059,0.03765255017478487,0.09330209370211263,0.1327425064153551,0.022606593386605534,0.3627997961234606,109.89509430993596,18.332706017057397,1.0
48061,Cameron County,Texas,0.9813574251927464,0,0.27929789939503763,0.39750032487582193,3,48061,0.052696285048700525,0.08176111986544614,0.11892880477835584,0.021254855496989425,0.35068283924543686,146.50539731066362,1.473382523086471,1.45
48063,Camp County,Texas,0.935094971456287,0,0.3158038514213571,0.3290892323415994,3,48063,0.04163880322622827,0.09609542229215598,0.1257440279067582,0.0236121954253851,0.3667270153431482,105.3625142654206,20.22667830714784,1.45
48065,Carson County,Texas,0.7877954704680112,0,0.2675180581292367,0.2757891628831849,3,48065,0.03382488547079495,0.08855448057274555,0.1278914915284801,0.021401644454354447,0.35861251088683765,73.30750033717679,29.354933624647355,1.45
48067,Cass County,Texas,1.0261355731506288,1,0.3432658466899072,0.36441385893121603,3,48067,0.04415169906935741,0.10126025089339663,0.1310115858355922,0.024190268911628458,0.36972029990953237,126.6069780878108,11.96377081534841,1.45
48069,Castro County,Texas,0.6416980321284073,0,0.26385602025702753,0.29414226855028325,1,48069,0.04094715211991837,0.08502734109986913,0.12232873878079993,0.021441084683700436,0.3510697022678745,84.34517934516339,27.09492574922652,1.15
48071,Chambers County,Texas,0.9318729209480864,0,0.2642179128821396,0.37845306708205795,3,48071,0.0357044213848844,0.08673893492719087,0.1197239212426349,0.0230365654018637,0.3535945197893568,135.05025062740606,8.02637127376468,1.45
48073,Cherokee County,Texas,1.0295007405955177,1,0.3311381089662081,0.37886240178932135,3,48073,0.04415342144584236,0.09498102868185336,0.12760865804104857,0.025359453869764532,0.36249681492499763,135.29642722484706,8.07024845207134,1.45
48075,Childress County,Texas,0.6846668305577044,0,0.18457439232031597,0.2876096287539629,3,48075,0.031012079406146448,0.07643948283150945,0.10557619835546336,0.020478544611777998,0.33662080367452907,80.41640661021174,28.507047542562574,1.45
48077,Clay County,Texas,0.877565217703858,0,0.28537387597552777,0.3198435155443743,3,48077,0.0356292689183993,0.0905355993018848,0.1297584503084343,0.02223266100782633,0.36116865963314754,99.8020790967032,22.109882468545504,1.45
48079,Cochran County,Texas,0.7857147678667641,0,0.33957736253008936,0.20229489117112723,3,48079,0.0513291102582268,0.0958220003871153,0.1302442425248641,0.0239931056337394,0.3591324113475289,29.10755974959056,33.26109246641273,1.45
48081,Coke County,Texas,0.8414987576024536,0,0.354447157669835,0.2258968130904779,3,48081,0.0452557073836957,0.10261355794556215,0.14203296082900704,0.022286647495942002,0.3741912489148268,43.30191153084645,33.45125708148376,1.45
48083,Coleman County,Texas,0.9257314280475338,0,0.33913883866435546,0.2992966289546334,3,48083,0.042917527932027535,0.09980413900208177,0.13841750578490675,0.022463204681871636,0.37196810422471405,87.44504574743029,26.64678266612752,1.45
48085,Collin County,Texas,0.5751987956781203,0,0.17593389122415204,0.39926490445396823,0,48085,0.024778006945361856,0.06583317939059934,0.11030709179149818,0.019946722260727946,0.3548205033857782,147.56662712761735,1.1351575927267876,1.0
48087,Collingsworth County,Texas,0.7561758001631256,0,0.3171075103528899,0.2043930414837484,3,48087,0.04348385113347,0.0951222042056881,0.1299144686770866,0.0234937222908068,0.3594600188307429,30.3694012101743,32.0401215173393,1.45
48089,Colorado County,Texas,0.9817882623169912,0,0.32419315472111415,0.35290219860094885,3,48089,0.04465036723268898,0.09811370788971463,0.12648065588610288,0.02283841116150978,0.370132324918134,119.68378950713117,15.15701819869073,1.45
48091,Comal County,Texas,0.6345908354470564,0,0.24065163609337345,0.39393919935368293,0,48091,0.034003705280574205,0.07995758359876776,0.12176402754957029,0.020709002116478362,0.35703043867052886,144.36371289313294,2.5197354535754024,1.0
48093,Comanche County,Texas,0.9193625375567586,0,0.30047486688566505,0.33356826246382365,3,48093,0.039496500896721146,0.09341196040875355,0.13305299847141452,0.021581785335688726,0.3634687351477982,108.05623257407952,19.99951794959979,1.45
48095,Concho County,Texas,0.5326269958475915,0,0.23288804372867908,0.2302658657040092,1,48095,0.0414479945518817,0.0853944006089137,0.1212530685250466,0.0196175260297111,0.3317254411016991,45.92948863915103,32.236023252270634,1.15
48097,Cooke County,Texas,0.9354213920835109,0,0.2697818702976114,0.37533633113929277,3,48097,0.03552565797542595,0.08595621265372538,0.12316699895897458,0.022986000453205025,0.35612882046801253,133.1758250390127,9.08005706470911,1.45
48099,Coryell County,Texas,0.6677313731396378,0,0.1937943633665355,0.38684161327662786,1,48099,0.02742917485125351,0.07103499713512752,0.09699121113229076,0.024284236009432254,0.34771613874772683,140.09517773232196,5.060964617472308,1.15
48101,Cottle County,Texas,0.5694824150841269,0,0.4279160448924718,0.14156637019165505,0,48101,0.055898850550661,0.1130661644597654,0.144059318460005,0.0258122103003122,0.3815496961696298,-7.414974003530235,28.451657123299057,1.0
48103,Crane County,Texas,0.7183413624250429,0,0.24271260516993173,0.25269523098527025,3,48103,0.038225409526045,0.0808598887048122,0.1195331538277673,0.0212488767780929,0.3470626752901226,59.41865711112545,32.03008147480195,1.45
48105,Crockett County,Texas,0.5050126253878253,0,0.28590417531611967,0.21910845007170568,0,48105,0.0440361873124749,0.0866994740173198,0.1271881611230511,0.0211709722864252,0.359126388987989,39.21934516033741,32.29850728945785,1.0
48107,Crosby County,Texas,0.8737881147608831,0,0.337346890103347,0.2652656028351932,3,48107,0.05092407971258563,0.09731691217953706,0.13052689233498657,0.023226908802739633,0.36088945623310564,66.97856179468063,29.703649852409203,1.45
48109,Culberson County,Texas,0.7810639581689931,0,0.34999660546181255,0.18866819327542408,3,48109,0.0596098507092923,0.0961343977071545,0.1320912352480734,0.0230891349355344,0.3537146567795215,20.912373602909547,31.77199533947191,1.45
48111,Dallam County,Texas,0.6006279750312759,0,0.2308867312942768,0.29139846438509354,1,48111,0.0345112542305714,0.07926315103248516,0.11672702385757715,0.02223324249450215,0.3427029637629087,82.69503739178093,28.32775184845505,1.15
48113,Dallas County,Texas,0.8791223258939592,0,0.20665290209968357,0.3996383571375297,3,48113,0.03492122812688441,0.07407152993129139,0.10405075993872832,0.022213950024632508,0.343476907842037,147.79122403892987,1.1082111034073838,1.45
48115,Dawson County,Texas,0.8897887259136164,0,0.2861079376875235,0.32753945949428087,3,48115,0.0454448763574686,0.08981113215026063,0.121828305179231,0.022574596171204924,0.3490610883274065,104.4304706356244,21.638374662208133,1.45
48117,Deaf Smith County,Texas,0.8633344353894241,0,0.24544133532712123,0.34996172356213684,3,48117,0.0417274785002692,0.08096719491242643,0.11681376062090006,0.0217220830204696,0.34200085266930474,117.915368390939,15.66932512318562,1.45
48119,Delta County,Texas,0.5862469356474566,0,0.3160908169197371,0.27015611872771944,0,48119,0.0398709344825798,0.09586525682229291,0.13168677301734005,0.023303381269101052,0.3646978866747096,69.9197503643041,30.045125257849445,1.0
48121,Denton County,Texas,0.8182359363338159,0,0.16531881811872967,0.3989818276287295,3,48121,0.023420493977623018,0.06606275273313418,0.10325048251656078,0.021187927063834933,0.3480464700271541,147.39638285461749,1.1957345786857432,1.45
48123,DeWitt County,Texas,0.9724824701798708,0,0.31953034529936186,0.35114722034192836,3,48123,0.04517896602697422,0.0969626109349813,0.1298374026413825,0.02253860269165272,0.3625894679604322,118.62833398693606,16.88492535043956,1.45
48125,Dickens County,Texas,0.5725630419647983,0,0.33090210281876203,0.16697880323758435,1,48125,0.0453545429812182,0.0998592579554773,0.1332190352885514,0.0224177474510504,0.3656580138726924,7.868231131378395,29.61362317904872,1.15
48127,Dimmit County,Texas,0.97480514369103,0,0.37042696845964773,0.3018524409824419,3,48127,0.06508712361817165,0.0985325137064801,0.13337144054547417,0.022507631800750348,0.3611473029267564,88.98212798731923,26.431753274212923,1.45
48129,Donley County,Texas,0.7841306299895465,0,0.3136033551557355,0.22717638966464146,3,48129,0.0388770602154639,0.09458721004616386,0.1321448172563179,0.0229611563217056,0.3682193006448927,44.071457336768304,33.05150176192418,1.45
48131,Duval County,Texas,0.8995600623407948,0,0.30570809637100005,0.3146781535192032,3,48131,0.056549763315131965,0.08946721091796807,0.12596998093354841,0.020761125603135665,0.35089963251165623,96.69559624698636,24.313394117923167,1.45
48133,Eastland County,Texas,0.7908738144439527,0,0.3409435902610925,0.34677277012495344,1,48133,0.04360715626111546,0.09954044641330784,0.13570986127555137,0.023745317117238218,0.367123997571607,115.99751072425826,16.8922613233944,1.15
48135,Ector County,Texas,0.8819380959709359,0,0.2153674433517096,0.39286572628341865,3,48135,0.03574786546135495,0.07547656886993571,0.10953708191151384,0.022009962484992308,0.3416701886119969,143.7181190961912,2.9611614198016265,1.45
48137,Edwards County,Texas,0.5682840798910832,0,0.346856717582557,0.14730335188795016,1,48137,0.0528211984771222,0.0992306048080014,0.1369602182033035,0.0224478875829847,0.3594683562622412,-3.9647153068825434,29.28382030148097,1.15
48139,Ellis County,Texas,0.892367000235527,0,0.22095219247206846,0.39447332493174325,3,48139,0.03111340565520165,0.07702825377842441,0.11306997626502718,0.02228784259734677,0.3489343378408796,144.6849395447701,2.434368909861556,1.45
48141,El Paso County,Texas,0.9522427688428361,0,0.2579307626577445,0.39878838826834934,3,48141,0.04876993407413137,0.077700482662954,0.10773945977363242,0.02184715922082302,0.3563851194721384,147.2800471452223,1.173427999243026,1.45
48143,Erath County,Texas,0.8680893803315097,0,0.22360943587108464,0.37507289539202554,3,48143,0.03082041081383511,0.07810977059066815,0.11117395804605332,0.022931510819375327,0.34896718282655137,133.01739304007438,8.874603038074246,1.45
48145,Falls County,Texas,0.9869761564926811,0,0.3351304474416067,0.3455427639326561,3,48145,0.04645150781208054,0.09825151513540568,0.12294728076392523,0.02525612679822845,0.364438127566171,115.25777687350445,18.01809799065822,1.45
48147,Fannin County,Texas,0.9553575350602858,0,0.2872249827376706,0.3716422828211472,3,48147,0.0373156236177485,0.09151175480768335,0.1274081816204984,0.022687723619594733,0.3578418876904006,130.9541999737368,10.141565402460175,1.45
48149,Fayette County,Texas,0.9604503172856677,0,0.3028857474744275,0.35949378168810187,3,48149,0.04127496602286333,0.09381558485733771,0.13032552905487949,0.021623027531096555,0.365096950491962,123.64801112663056,13.665168000854402,1.45
48151,Fisher County,Texas,0.7989815256857892,0,0.31825938784451524,0.23276235400775314,3,48151,0.0438413913672877,0.0975967745345621,0.1344311052622184,0.0217433861390828,0.3623767742249022,47.43089319943304,31.92277560528938,1.45
48153,Floyd County,Texas,0.6619517524965842,0,0.30759085916591683,0.26801936039633045,1,48153,0.045543764777188744,0.0924091751306602,0.12911523690086218,0.02206880100403605,0.3603767894732953,68.63468978614848,28.993021288512143,1.15
48155,Foard County,Texas,0.5480999652363104,0,0.3520009520597465,0.12460771336313213,1,48155,0.0441214558338088,0.1009599160856963,0.1380133037245174,0.0233462982609473,0.3750222669667777,-17.614022266811414,28.874827898871644,1.15
48157,Fort Bend County,Texas,0.9072684643771071,0,0.22688075717591316,0.3988216320496779,3,48157,0.03392492367228242,0.07985886180377016,0.11591418014314023,0.020715220689338815,0.3517546041910229,147.30004017495648,1.2165964919374257,1.45
48159,Franklin County,Texas,0.8571245809280726,0,0.27157003706752375,0.3195503635725263,3,48159,0.0349465194066792,0.08732976894976892,0.12530662338627618,0.021999846257449503,0.361546722671322,99.62577556396558,22.951050431841097,1.45
48161,Freestone County,Texas,0.9849971967769409,0,0.3276088014276155,0.3516996101426885,3,48161,0.043202644203515064,0.09847145714579723,0.12870580701723416,0.023870163151414714,0.36544701202687635,118.96054486277745,16.233904872601133,1.45
48163,Frio County,Texas,0.8394839076537856,0,0.23172607888180363,0.3472283401897726,3,48163,0.0440015317543352,0.08065212958184716,0.11429832141455873,0.02041098373343663,0.3361821348102188,116.27149357121236,16.223448850010378,1.45
48165,Gaines County,Texas,0.6710560538962044,0,0.22783346330418064,0.35569354008382326,1,48165,0.03598078087942297,0.07757584700876069,0.1123645577497817,0.022984497102507766,0.33950275727799006,121.36252071745042,15.111095199293041,1.15
48167,Galveston County,Texas,0.9747005488287765,0,0.2754807842456282,0.3967264908087005,3,48167,0.03785255986180045,0.08991582957310507,0.11749405824811034,0.023011167732155825,0.35941339776688674,146.04000838994037,1.688356939144572,1.45
48169,Garza County,Texas,0.7481676296112765,0,0.23343596546609316,0.28254171012789064,3,48169,0.0383176544937301,0.0818470251013126,0.1156985483986435,0.0218290774375072,0.3370578787059602,77.36852686452585,28.92384957454713,1.45
48171,Gillespie County,Texas,0.6850841102584215,0,0.3222268305887073,0.36285727966971426,0,48171,0.03957268850271236,0.09857215514429696,0.13972011112646543,0.02060886820772118,0.37585045551264606,125.67084103555452,12.577556897130558,1.0
48173,Glasscock County,Texas,0.4750919784998759,0,0.2853748918133219,0.1277485677517876,1,48173,0.0410686640013829,0.0890213091277217,0.1265278608104756,0.0223795807062001,0.3541733694396387,-15.725091685707964,27.72988605728553,1.15
48175,Goliad County,Texas,0.8802006305028219,0,0.31741593198829454,0.28961898559985855,3,48175,0.04389615528554785,0.09536931623118394,0.134052555981314,0.0221121651752531,0.36243310295539877,81.62484709324434,27.8758670099061,1.45
48177,Gonzales County,Texas,0.9296366627295779,0,0.29052993814037753,0.35059879477657274,3,48177,0.04381910687543828,0.09029363669031493,0.12528766985306422,0.022035431697946882,0.3556912524318216,118.29850722845885,16.593160420253277,1.45
48179,Gray County,Texas,0.9570149436755042,0,0.3061362602330779,0.35387404575002845,3,48179,0.043271762780057385,0.09220656707751515,0.12690173017757733,0.024078614422518445,0.3528361271418686,120.26826480362544,15.180376602373384,1.45
48181,Grayson County,Texas,0.6749893484638542,0,0.283042074808892,0.3919472736549622,0,48181,0.036473101649413295,0.08929494389940648,0.12356679270227801,0.023543231489529838,0.35821319186484457,143.1657556171797,3.376924438502573,1.0
48183,Gregg County,Texas,0.9943476267416483,0,0.2947410046444591,0.3910159793152983,3,48183,0.03941677592659148,0.09155333087243661,0.11703935727111316,0.02491794861188751,0.3600309161943077,142.60566904820232,3.648731027784784,1.45
48185,Grimes County,Texas,0.995258660994672,0,0.3188230309495984,0.36756225249500296,3,48185,0.043941817387177264,0.0966209782783695,0.12819154834696908,0.02365119982242055,0.3594680432348292,128.50044277864998,11.262167981298962,1.45
48187,Guadalupe County,Texas,0.623611617478366,0,0.22972652241497982,0.3938850950633862,0,48187,0.03326269007288241,0.07726879072491408,0.11350898137067032,0.021527183256647524,0.3578392356689618,144.331174215479,2.6230084090807924,1.0
48189,Hale County,Texas,0.8855961665483232,0,0.24396556510819659,0.36679041182168143,3,48189,0.04043978461616529,0.08049426708087096,0.11586395013092882,0.02169981821983001,0.34589967071432354,128.0362526981284,12.037801755382269,1.45
48191,Hall County,Texas,0.8753766313982265,0,0.3919870477065594,0.2117209739473899,3,48191,0.0544120543832439,0.1082752752356766,0.1418799046203302,0.023948517857526,0.3713863605953516,34.776468209787275,32.03236021735719,1.45
48193,Hamilton County,Texas,0.9232613527020892,0,0.33423233734434193,0.30249963003640934,3,48193,0.042255939897947035,0.10006508376648927,0.1389798550616485,0.0224169386090861,0.36740913563973737,89.37135176038238,26.500558592914565,1.45
48195,Hansford County,Texas,0.6417845194138249,0,0.29385025048188884,0.2642232446605676,1,48195,0.0434202826017117,0.09104113201795025,0.1256020063513371,0.02339222299229265,0.34830967800266477,66.35168070155352,30.63424397988327,1.15
48197,Hardeman County,Texas,0.5532324559307733,0,0.3195043079554203,0.23372814797535302,0,48197,0.0429536347387685,0.0970470347388408,0.1317433352731535,0.023401072420435,0.3582978534965141,48.01172807259172,32.602210429467725,1.0
48199,Hardin County,Texas,0.7554505187415406,0,0.27510979868482227,0.3818036958730391,1,48199,0.03448406903407733,0.089669756733471,0.12411885830792443,0.02324760668715802,0.3553760037319527,137.06534092005705,6.726668431576287,1.15
48201,Harris County,Texas,0.9187273970554379,0,0.2337695768315307,0.3998355245860128,3,48201,0.03631091847340889,0.07669384192036145,0.11578505643091827,0.021499859243838508,0.3522704433739023,147.9098018451418,1.0922764218700336,1.45
48203,Harrison County,Texas,1.0021730664906474,1,0.3069372468909542,0.3842165920681131,3,48203,0.039637005652504526,0.09454478601135687,0.11970479696488913,0.02471430516814146,0.36548239579571495,138.51647263388816,5.999933961274315,1.45
48205,Hartley County,Texas,0.5434502817980452,0,0.2076702805561669,0.26489518187691596,1,48205,0.031235471791291,0.0807161244312766,0.1182276800187242,0.0194626224075319,0.342347121618588,66.75578818298476,30.673455654655747,1.15
48207,Haskell County,Texas,0.9218580752858664,0,0.3639215102757125,0.27184267957660907,3,48207,0.0506867045548265,0.10509127420038235,0.13942716246839748,0.023629061715534652,0.3613826602729796,70.9340592020096,29.354076836530474,1.45
48209,Hays County,Texas,0.7298135443041486,0,0.16552116123618296,0.39587387284393133,2,48209,0.027414680006885295,0.0626241076850135,0.10302778570302848,0.02180487253416916,0.3393398274727764,145.527238312643,1.937204763620261,1.3
48211,Hemphill County,Texas,0.46320009152537855,0,0.23848213567884183,0.22471795584653675,0,48211,0.0322489370643913,0.0808182747605989,0.1200852993339641,0.0217266012306436,0.3525924500643915,42.59293899557746,31.829031850689464,1.0
48213,Henderson County,Texas,1.0306599201445894,1,0.32356881341654065,0.3872311315107624,3,48213,0.041800354506517874,0.09673946495714018,0.13287104361509358,0.02389086230693944,0.36041034107055137,140.32943657189492,4.896865105554308,1.45
48215,Hidalgo County,Texas,0.9532364233584568,0,0.258574228436775,0.39883020146560894,3,48215,0.053225657651692446,0.081330818968277,0.10886080811387308,0.0214992109759767,0.34178646093811416,147.30519387831592,1.155167731300364,1.45
48217,Hill County,Texas,0.9802545564127416,0,0.3042436697824167,0.37179395532981896,3,48217,0.04042492271124676,0.09380834819292411,0.12781827606872176,0.02338170101199671,0.3591950442198397,131.04541682255905,9.83523660472148,1.45
48219,Hockley County,Texas,0.9195099685409492,0,0.2791663885385554,0.35497841735175445,3,48219,0.040849294992218455,0.08538058710937454,0.12242413931333053,0.023147318144426915,0.3540536908922188,120.93244118153623,14.819598177891809,1.45
48221,Hood County,Texas,0.6817739986794773,0,0.29872381272784654,0.3830501859516308,0,48221,0.03708353492356209,0.09127757497536607,0.13254318604147183,0.02222548407767677,0.36651542601124876,137.81498828893808,6.358062688923884,1.0
48223,Hopkins County,Texas,0.9470838752217766,0,0.28131230866643137,0.3718489845899663,3,48223,0.03770072943063456,0.08946873751648678,0.12328294441963568,0.023323087747955922,0.35524690437657885,131.07851178319245,10.12610756045824,1.45
48225,Houston County,Texas,0.8443427019247134,0,0.3798827636170633,0.3543282815348614,1,48225,0.05172696994655581,0.10815383413016573,0.13132805007851897,0.025275523176380425,0.3715782017208774,120.54144520578019,15.04399908801506,1.15
48227,Howard County,Texas,0.9450871580834095,0,0.28285556764701764,0.36892867930705786,3,48227,0.042652087086988255,0.08912910795909033,0.12228114567274248,0.022327092580515472,0.3545306250467359,129.32222089146313,10.910111188462835,1.45
48229,Hudspeth County,Texas,0.8728515718471247,0,0.36834395337573606,0.23362264789814305,3,48229,0.0610259038437782,0.0986950020884785,0.1351979531838604,0.0236645076120111,0.3568789719678825,47.94827962911391,31.165150853122316,1.45
48231,Hunt County,Texas,0.9766573212505943,0,0.28388860543947464,0.38966816783679725,3,48231,0.03668529409508997,0.0873997768144464,0.12111845810782638,0.024085241113701774,0.36112902439300376,141.79508631998078,3.9911863635978975,1.45
48233,Hutchinson County,Texas,0.7340072680912508,0,0.2855643502883422,0.35270283935622376,1,48233,0.03911569507586542,0.08972644186445967,0.12560670412087366,0.023144127897353428,0.3537032106751867,119.56389354017804,15.31460579521985,1.15
48235,Irion County,Texas,0.5061076377316928,0,0.2904429704456344,0.1496506275819246,1,48235,0.0393126398781889,0.0899293290359846,0.1310791973215057,0.0214326349367785,0.3625658186789179,-2.5530481959703666,30.61238893219013,1.15
48237,Jack County,Texas,0.8254437525628058,0,0.2613289307765803,0.3079426227150099,3,48237,0.036297949493627635,0.0883536338472198,0.12284753424172815,0.022436422231711703,0.3463413355654097,92.64480351938988,25.3477378765967,1.45
48239,Jackson County,Texas,0.7305919727768458,0,0.29615748189960084,0.33913988573243914,1,48239,0.0396165663389503,0.09357341221702303,0.12708705402500844,0.022411047268367932,0.3613684792688674,111.40704361979007,17.923692873479002,1.15
48241,Jasper County,Texas,1.0220026280790502,1,0.3363033333382283,0.3685260653369786,3,48241,0.04445774454082654,0.10079670139525371,0.1274956280068584,0.025060496704938387,0.36111903456538746,129.08008618976888,10.627753034652493,1.45
48243,Jeff Davis County,Texas,0.5352283425344434,0,0.36417954710444356,0.17104879542999984,0,48243,0.0478331230054016,0.1023951388139857,0.1456420858519176,0.0216729567813776,0.3776831625421216,10.31595132651831,31.650426061394743,1.0
48245,Jefferson County,Texas,1.030986991234566,1,0.31542813418633253,0.39559737700992,3,48245,0.0439121070190548,0.0995363503615303,0.11261938888793471,0.02460662743987779,0.36872366449266997,145.36095189124816,2.1022276327681446,1.45
48247,Jim Hogg County,Texas,0.8429592936384463,0,0.3202357386472808,0.2611154983447511,3,48247,0.05977475158406125,0.09110501438587275,0.12647944749222867,0.0213839385892516,0.3506686845005772,64.48266153420195,29.865119376621266,1.45
48249,Jim Wells County,Texas,0.9573614856067203,0,0.28707456548638777,0.37317473493204006,3,48249,0.05158599076428223,0.08626035248009026,0.12357416779637993,0.021541553410097943,0.34557804425927585,131.8758267982077,9.546343318159952,1.45
48251,Johnson County,Texas,0.833639866547118,0,0.24722432506710262,0.39403711073837266,2,48251,0.032968127495109786,0.08213543567616952,0.12090323748537218,0.022642706873229085,0.35001265981993507,144.42259744679023,2.661670862111627,1.3
48253,Jones County,Texas,0.8956617103833618,0,0.2665115553237669,0.3511861759751034,3,48253,0.038627001996202254,0.08935591439681179,0.1216475188581567,0.02174332996744017,0.3518956585771332,118.65176216210915,16.00856971440615,1.45
48255,Karnes County,Texas,0.877730039267601,0,0.2679393730849023,0.3373916884789605,3,48255,0.04253177070653455,0.08746378105128315,0.12171295566389098,0.0210387375468447,0.35200743423276004,110.35566624113024,19.778022289800337,1.45
48257,Kaufman County,Texas,0.8324084548741526,0,0.24676188449068354,0.39355231156635684,2,48257,0.034063600725243955,0.08136284881241336,0.11440373389947507,0.023415951682158407,0.3523143170649124,144.13103602165003,2.6854811276584147,1.3
48259,Kendall County,Texas,0.6386054078592373,0,0.2607940070110926,0.37781140084814463,0,48259,0.03269708520143524,0.08311393914377359,0.127116926660985,0.0206415516304753,0.3691928394088212,134.66434831481297,8.015316012362325,1.0
48263,Kent County,Texas,0.6077778380828783,0,0.3270240270343793,0.09213310267795058,3,48263,0.0398052794318497,0.0997014208793625,0.1398403586324745,0.0210768631747286,0.3750037352279462,-37.14446769409124,22.290634329168057,1.45
48265,Kerr County,Texas,0.7057676635153858,0,0.32571712850460294,0.3800505350107828,0,48265,0.04189923108395749,0.09553327676208587,0.1377359025113509,0.021570704457799083,0.37424907927085954,136.01097839428357,7.492124952222419,1.0
48267,Kimble County,Texas,0.8839420134957293,0,0.3564050583178588,0.2532101234033339,3,48267,0.0481284470384407,0.10322978234329415,0.14027705851306316,0.02301648161729865,0.3656200539956107,59.728316813266254,31.28274023783851,1.45
48271,Kinney County,Texas,0.6672437786176196,0,0.3626770425379781,0.21753493886864772,1,48271,0.0571746441165615,0.1042076723432525,0.1372622026481202,0.0219442990256372,0.3618169817440314,38.27302512655915,33.24139484903197,1.15
48273,Kleberg County,Texas,0.6983819775531636,0,0.24177746664895802,0.3655112094842277,1,48273,0.04262249090823638,0.07707653232670478,0.11135627305460666,0.02196180782708362,0.34839967449592146,127.26693196063644,11.861040897124385,1.15
48275,Knox County,Texas,0.6589991501940038,0,0.346298189923889,0.22674454937524469,1,48275,0.04708771882004855,0.1013229649392033,0.1355259544378272,0.0227411479592344,0.3696870435497793,43.8117457335369,31.847868042719128,1.15
48277,Lamar County,Texas,1.0135087191296497,1,0.3202129441767255,0.3787585862575157,3,48277,0.04090930599514828,0.09539468192153014,0.12474122600105171,0.025001790689879084,0.36526843658718133,135.23399187810526,7.933337801464739,1.45
48279,Lamb County,Texas,0.9440276635893246,0,0.3190079113967128,0.33204564969937317,3,48279,0.04770600421953202,0.0947467091997534,0.1277966880727368,0.02285102079018788,0.3600113062745088,107.14052319756806,20.006577273761625,1.45
48281,Lampasas County,Texas,0.7374768052433728,0,0.28424623088520984,0.35703794758728824,1,48281,0.03678892012726248,0.08940673650207774,0.12798514631245358,0.02222490181907694,0.3616594363820947,122.17105627259501,14.205107552810214,1.15
48283,La Salle County,Texas,0.7017226544888066,0,0.19780274947856258,0.2861439087895799,3,48283,0.0417923725748254,0.0742021873732404,0.1101184917390105,0.0195191310529283,0.3281250025664993,79.53491293955416,28.148583985422967,1.45
48285,Lavaca County,Texas,0.7635224007684142,0,0.3121699174651809,0.35176260494213585,1,48285,0.04035463794720932,0.09731196734664607,0.13384456897114172,0.021930042402744782,0.36423785325953945,118.99843035137454,16.11334458977201,1.15
48287,Lee County,Texas,0.7360305252058288,0,0.2933443339765609,0.34668220968068153,1,48287,0.03937364861846322,0.09224401352952424,0.12594082523621847,0.022703165274750525,0.3604943931383158,115.9430470747362,16.69962690886228,1.15
48289,Leon County,Texas,1.006789801539565,1,0.3506664707243663,0.34367132344085105,3,48289,0.046134964898104334,0.10216106121499793,0.13691016880658452,0.023362127102384236,0.36854477257449286,114.13228019704154,17.493608724323693,1.45
48291,Liberty County,Texas,0.9746547078605811,0,0.2833901997053273,0.3887854608881769,3,48291,0.03758246994203657,0.09089861501771596,0.12139423559715018,0.024311596241754805,0.3510918682489953,141.26422052899602,4.321530023702461,1.45
48293,Limestone County,Texas,1.009048659031298,1,0.3388744235087586,0.35702120340937776,3,48293,0.04552871302985044,0.09915535325206216,0.1278971794359003,0.02482943491860885,0.3648282957296024,122.16098621337014,14.35751097112947,1.45
48295,Lipscomb County,Texas,0.6893051378589035,0,0.2655261111513768,0.20985674254441866,3,48295,0.03601654833131495,0.0860854304458891,0.12632839946004,0.021620277602044248,0.3556145651406152,33.655307126979764,33.0809096358694,1.45
48297,Live Oak County,Texas,0.9216499455873605,0,0.31196717338756585,0.3236534787416483,3,48297,0.04631329126739275,0.0960954735999133,0.13266067676864088,0.022070135491485225,0.35217258673713897,102.09341613614178,21.41362679091217,1.45
48299,Llano County,Texas,1.061262444146884,1,0.376347392178157,0.3555577417162458,3,48299,0.04454378809416567,0.10939247708583892,0.15013084402289,0.021709611597553767,0.3809993656077093,121.28085068196343,15.028555278556585,1.45
48303,Lubbock County,Texas,0.9168958608010794,0,0.23579065546839745,0.39655131749786426,3,48303,0.03364120554938064,0.07770599094508635,0.10942961197015671,0.02336153162997463,0.35522171306196115,145.9346580034255,1.7121069831240288,1.45
48305,Lynn County,Texas,0.8693739694826771,0,0.3248845919404562,0.2746836628751832,3,48305,0.04869082937777333,0.09485079123876913,0.1304427591982832,0.022948105755450966,0.3588744759071016,72.6426453282764,29.38411463843367,1.45
48307,McCulloch County,Texas,0.9358633862019183,0,0.3480355601408084,0.2973874648260318,3,48307,0.04566025276359484,0.10143612986326771,0.13966184520458594,0.022534121801843433,0.36993212191978475,86.29686182655612,27.55587547076387,1.45
48309,McLennan County,Texas,0.7622377562483588,0,0.2670039108213094,0.39581152939465475,1,48309,0.036616869864168906,0.08322971630977906,0.11298719533400986,0.024713883472281335,0.35737326000583786,145.4897445503421,1.9437546982503573,1.15
48311,McMullen County,Texas,0.4266404845330671,0,0.29733233589818586,0.07365938978274204,1,48311,0.0416318192632532,0.093025379060911,0.1328153066969707,0.0197757965550294,0.3695879445407894,-48.25468068592064,20.833547941473345,1.15
48313,Madison County,Texas,0.8402743937215735,0,0.24530688073246004,0.3341927011444873,3,48313,0.034552369364388505,0.08644391273688296,0.11601136712677693,0.02183087654434505,0.351567018545978,108.43177412232502,19.95750762624718,1.45
48315,Marion County,Texas,1.0226141592119,1,0.39426430689186875,0.31098683739220023,3,48315,0.049306682417727746,0.1107963215032876,0.13936390428815695,0.02482838134723295,0.37972138092336666,94.47561433951532,25.195606164049824,1.45
48317,Martin County,Texas,0.729367261478011,0,0.23634698765917211,0.26666491680842164,3,48317,0.03645749487791015,0.08038366672267755,0.11917301609710354,0.021456950740667502,0.3442294780432664,67.8201184635105,29.81014582079569,1.45
48319,Mason County,Texas,0.6694917414696987,0,0.3387034240567607,0.24346330765602087,1,48319,0.043077710629981544,0.09990231499831854,0.1407520782888208,0.0214959588344826,0.3746560792418796,53.86651742518272,32.562484131801675,1.15
48321,Matagorda County,Texas,0.9905980379362884,0,0.31172952339857124,0.3714415372471449,3,48321,0.04513532829835711,0.09496678265010557,0.12535664761850898,0.02338741273935787,0.35788094595865844,130.83347025919676,10.174555228213524,1.45
48323,Maverick County,Texas,0.9953956124180423,0,0.30478039272667934,0.3816993399754189,3,48323,0.05862249932806246,0.08570068162381454,0.12064575787896047,0.02103590079174342,0.35671175067058475,137.00258059374417,6.797616682277273,1.45
48325,Medina County,Texas,0.6500247275001513,0,0.26992051805991846,0.3801042094402328,0,48325,0.04036082418861808,0.08634317657266387,0.1253491078785353,0.020848763531892838,0.356794481563375,136.04325855078417,7.418059989772046,1.0
48327,Menard County,Texas,0.7964344178695967,0,0.3688986778068359,0.18036643796529978,3,48327,0.0498018865805711,0.1047967938005805,0.1436054884306275,0.0219950888835153,0.3751463724714891,15.9196431093305,32.0944314238559,1.45
48329,Midland County,Texas,0.8838718630803051,0,0.21613210823275963,0.39343469389158875,3,48329,0.03221176977796023,0.07492447603634049,0.11217995729756897,0.02143564495636915,0.3520958573013156,144.06029997493926,2.791978657305627,1.45
48331,Milam County,Texas,0.976998322076155,0,0.31210975779338196,0.3616821884660353,3,48331,0.04241273501801995,0.09628096582159393,0.1301479776605592,0.023015374724393488,0.3582616054690247,124.96413342178164,12.958223782128352,1.45
48333,Mills County,Texas,0.582697360199544,0,0.3279994759775827,0.25469788422196127,0,48333,0.04246938022962955,0.0981814131778174,0.1393896061016473,0.0220887455030743,0.36486555408720794,60.62306599929133,31.91700192635274,1.0
48335,Mitchell County,Texas,0.7139261802703321,0,0.24075275351281994,0.30842123131051247,2,48335,0.03675621199209905,0.08489685097383325,0.1193287816895671,0.0210695776569525,0.34423179182440466,92.93264189091364,26.25563237290216,1.3
48337,Montague County,Texas,0.7732493514522935,0,0.31932777720502953,0.35306296318826913,1,48337,0.04025961736335843,0.09668595306372854,0.1337201911681385,0.023171293716553933,0.3638210682429508,119.78047439212446,15.494726007704681,1.15
48339,Montgomery County,Texas,0.8998344712295665,0,0.2222744670971788,0.3983010303025223,3,48339,0.030187666142246602,0.0763275266606987,0.1195351319356759,0.021972116060621265,0.3459026699282686,146.98694684457797,1.291453239353652,1.45
48341,Moore County,Texas,0.833385391055728,0,0.222386512570029,0.3523620329856454,3,48341,0.03645727788705555,0.07779568038760507,0.11466259767452419,0.021935768815452374,0.3365609511473594,119.3589303371892,15.353473016667664,1.45
48343,Morris County,Texas,0.778747017753491,0,0.35095531592520524,0.3262160038604391,1,48343,0.04518258378417033,0.102142044303698,0.12891993750124986,0.0248190946351382,0.3726406519262881,103.63453567330114,22.14536829532064,1.15
48345,Motley County,Texas,0.5301817429943102,0,0.33950238879308664,0.12152521381066138,1,48345,0.0425809292865317,0.1016507538310494,0.1411463870047019,0.0214966743094953,0.3735029214970097,-19.46785786388033,29.283369361778117,1.15
48347,Nacogdoches County,Texas,0.9567202400853493,0,0.27638041397135044,0.38342664815647676,3,48347,0.03802831945781549,0.08363604994820553,0.11034161426893165,0.026059632708298898,0.35730429272935393,138.04139514623515,6.2527095833577455,1.45
48349,Navarro County,Texas,1.0004525497057037,1,0.3100366404885792,0.3799306351705267,3,48349,0.04114487228257817,0.0924019668462982,0.12634406709656135,0.02421183940344534,0.36173354567373245,135.93886983816995,7.220589404863014,1.45
48351,Newton County,Texas,0.982082776564313,0,0.35003417365745493,0.3272642929386231,3,48351,0.046799603890324504,0.10335734783473295,0.12717706373658674,0.02524403798575995,0.36544103585404664,104.26498365101403,21.351148274812896,1.45
48353,Nolan County,Texas,0.9266967851734268,0,0.30243913629453334,0.3366620948595541,3,48353,0.04375595138789082,0.09237864399063107,0.12755526420503777,0.022780294592020262,0.35628714885004004,109.9168838179614,19.00380926279113,1.45
48355,Nueces County,Texas,0.9245906789472033,0,0.24062422669012695,0.39702451741139255,3,48355,0.04215709221021591,0.08228501020439896,0.11144319309722117,0.022492477075749275,0.336418773861033,146.2192435578745,1.6467087592810532,1.45
48357,Ochiltree County,Texas,0.7958658515779525,0,0.23550120953000805,0.313371791558235,3,48357,0.03573009654903933,0.08003312644793989,0.11579751229306923,0.022167682468922,0.345496805505985,95.90994153246793,23.49954102614288,1.45
48359,Oldham County,Texas,0.4791812009527076,0,0.24877101441899888,0.16790829075726862,1,48359,0.033122311066258,0.0834885663261012,0.1231565787603948,0.0220730892168882,0.3500854472895093,8.427231066882305,29.61211792303053,1.15
48361,Orange County,Texas,0.9520997343470226,0,0.26958302271253193,0.3870374837336905,3,48361,0.03593085898863898,0.08834759396145302,0.11795479534901614,0.02338562791078663,0.356521466115996,140.21297551932437,4.941463259739323,1.45
48363,Palo Pinto County,Texas,0.9642504971537522,0,0.29947383931471266,0.365526503549944,3,48363,0.040015804742139366,0.09122870093007487,0.12773351103827754,0.024031326239636556,0.35410643466251424,127.27612991280675,11.87573380617357,1.45
48365,Panola County,Texas,0.6638918290522847,0,0.30665093974558005,0.35724088930670467,0,48365,0.0394193310388913,0.09447809820766644,0.1263532659755017,0.024226378234870234,0.35909628192127624,122.29310676349714,13.830514946441276,1.0
48367,Parker County,Texas,0.9108977310995706,0,0.23507289520641958,0.39313243658638775,3,48367,0.030733765078815426,0.08013820884118486,0.11923535321362395,0.022380127709545096,0.34999527273303177,143.87852043456377,3.023633123949509,1.45
48369,Parmer County,Texas,0.8024269475409017,0,0.24236214144829654,0.3110357534074977,3,48369,0.04031041390715375,0.0817020771986236,0.1171143933368128,0.0217171747883383,0.34062079076648094,94.50503275430547,25.270626455956524,1.45
48371,Pecos County,Texas,0.8429335377590299,0,0.24153345145222216,0.33980002286435024,3,48371,0.04301400127172528,0.0828663129798001,0.11891268999644225,0.02068737596521495,0.3364610247132501,111.80405445247708,18.59945435698681,1.45
48373,Polk County,Texas,1.0776779221483894,1,0.3627006793355517,0.38052547387023417,3,48373,0.04494503618772436,0.10623651403353163,0.14256933214279088,0.024104613063158073,0.3637656127538513,136.2966097623,7.2429910458813715,1.45
48375,Potter County,Texas,0.768649833705209,0,0.2780136622489828,0.39037749749467726,1,48375,0.041438482824691696,0.08754706828819014,0.11619254981499812,0.024338077680714113,0.3489039561899464,142.22168186280274,3.9034799672887837,1.15
48377,Presidio County,Texas,0.9993480412942124,1,0.40911550588168166,0.28009003983846475,3,48377,0.0687593358509125,0.10374846633979545,0.13922613626557023,0.02401294206207255,0.3653020021426479,75.89407615416937,28.532984024700717,1.45
48379,Rains County,Texas,0.7335488814893787,0,0.30847844043383615,0.32939015216562373,1,48379,0.03914797103367325,0.09527945206845224,0.13336283913622116,0.0226905859082454,0.36120460193140685,105.54348943577963,20.681556240616505,1.15
48381,Randall County,Texas,0.7045633172687458,0,0.22040106527418882,0.39226268887254667,1,48381,0.029110219796591223,0.07648174579405395,0.11653921201353008,0.021589075553418737,0.3538808276900567,143.35544841299753,3.282632635111446,1.15
48383,Reagan County,Texas,0.5246658177264543,0,0.2348591410860523,0.22137200476303845,1,48383,0.0383421828411724,0.0797970841098215,0.1171204014461035,0.0207591233972171,0.3474510428238032,40.580661907112464,32.883760525682874,1.15
48385,Real County,Texas,0.8765432689326732,0,0.39403449046963346,0.21047810879427906,3,48385,0.0538172725197052,0.1106511008158547,0.146456336344819,0.0230891135549118,0.3708578608066794,34.02900089504052,32.177931468404275,1.45
48387,Red River County,Texas,0.888162428270218,0,0.359489223793696,0.32371264410647166,2,48387,0.04597463324503082,0.10436904454512977,0.13461927731431,0.024603752912845972,0.369260352600574,102.12899857745477,22.536873094980493,1.3
48389,Reeves County,Texas,0.8458496170816254,0,0.25418988058106107,0.3291546829235083,3,48389,0.0477232237123593,0.0846399272969268,0.11950714686169293,0.01987927762445198,0.3411605768920652,105.40187667781555,21.284647741658656,1.45
48391,Refugio County,Texas,0.6966233062562851,0,0.32181854968339213,0.2839408470612036,1,48391,0.04800241836335205,0.09619369367025266,0.13247319974272231,0.021761768349206352,0.3611024916394492,78.20997706038082,28.65451829894137,1.15
48393,Roberts County,Texas,0.41094534886368933,0,0.2586915917845426,0.09865218983605685,1,48393,0.0335252079496314,0.0857179808763404,0.1262278905293186,0.0218522400208426,0.3532841551306503,-33.22384560530442,22.96264954742982,1.15
48395,Robertson County,Texas,0.9759549585508736,0,0.32645620082095184,0.3466161843865472,3,48395,0.04351277220692472,0.09852519285975045,0.12778906851006216,0.02383098831711856,0.3651162375118146,115.90333902661172,16.760732278913068,1.45
48397,Rockwall County,Texas,0.5819606249707658,0,0.19177700174709456,0.3901836232236713,0,48397,0.02635425158219938,0.0709091401715991,0.11243771337901483,0.020827895932730017,0.3504018616282896,142.10508459528373,4.095703590943265,1.0
48399,Runnels County,Texas,0.9095516380889227,0,0.3131488733250016,0.3141281184604624,3,48399,0.04315294032993795,0.09487443960223803,0.13372115614305843,0.022138408954734727,0.3607236719347599,96.3648015285533,23.847511603218503,1.45
48401,Rusk County,Texas,0.9699285267749264,0,0.288955537519564,0.37996068784245424,3,48401,0.038814096152891275,0.09219134327043255,0.12079273189463596,0.02349087949304773,0.35931651987173857,135.9569437136265,7.400953798056524,1.45
48403,Sabine County,Texas,1.0511204141023942,1,0.4061017970927138,0.3188088333227304,3,48403,0.0508847632089348,0.11303812309214262,0.14572769509512484,0.024514690745670035,0.37765311298175497,99.17981437241464,21.90721364042524,1.45
48405,San Augustine County,Texas,0.817604637141678,0,0.410871795173585,0.30008875886265685,1,48405,0.0524209965305907,0.1136658107295227,0.14090822855016275,0.0250161148021623,0.38184155143895077,87.92143790775347,26.958522781465497,1.15
48407,San Jacinto County,Texas,1.025116084807099,1,0.3429911288961798,0.3639854813156127,3,48407,0.044667720203919424,0.1015619513380262,0.13176855174071356,0.02401270528785325,0.3678920639179458,126.3493489594768,12.415815143214578,1.45
48409,San Patricio County,Texas,0.9604860804349338,0,0.2782159886597908,0.3841882047436118,3,48409,0.04398571564648515,0.0866720207139942,0.12036706671933431,0.022329549633222368,0.3529537247386759,138.4994003093767,6.13154082122567,1.45
48411,San Saba County,Texas,0.821551700605949,0,0.2913793835738533,0.2752079961543874,3,48411,0.04196709614979795,0.09310939957497115,0.1277944849891777,0.02216683424738965,0.3519962584956573,72.95798282668332,28.728991158166853,1.45
48413,Schleicher County,Texas,0.6673119156249498,0,0.26653977703753445,0.1936753371865689,3,48413,0.0388338318807889,0.0828160743623637,0.1221995061373887,0.0221488141768559,0.3571642900393893,23.92370303349678,32.60613581072466,1.45
48415,Scurry County,Texas,0.8898892432272398,0,0.2700697387192167,0.3436469807478453,3,48415,0.03983928740765502,0.0871173962195278,0.12286266234796965,0.0223722203724618,0.34940008852314747,114.11764034063457,17.959732673669514,1.45
48417,Shackelford County,Texas,0.7515620018492664,0,0.2989692144602537,0.21934940750475765,3,48417,0.0366635602453111,0.0912309369268538,0.1320380028855755,0.022635829132251,0.3655406203082566,39.364258552591465,32.96497405972168,1.45
48419,Shelby County,Texas,0.9885393533764677,0,0.3241673699070184,0.35758390828364894,3,48419,0.044212310413727335,0.09735779513645423,0.12495103228824594,0.02477198943886985,0.36000232492680406,122.49940064257324,14.650140093090876,1.45
48421,Sherman County,Texas,0.540263151825291,0,0.25822494947029034,0.21156909559518017,1,48421,0.0367824924256017,0.0843740544134639,0.1234589718752928,0.0215217768899495,0.3537255472006884,34.68512756530126,32.318044233678826,1.15
48423,Smith County,Texas,0.9875052144138683,0,0.28580757550371605,0.3952305034024,3,48423,0.037544787214574465,0.08593940296666598,0.11541289492988213,0.023342947762531704,0.3778288530362509,145.14031167973525,2.2021777644274367,1.45
48425,Somervell County,Texas,0.5964479685411235,0,0.28242122562745503,0.3140267429136684,0,48425,0.03811934104007955,0.08850556519201855,0.1251829481928124,0.0227293040824312,0.35837671699872187,96.3038336049186,24.04626871199101,1.0
48427,Starr County,Texas,1.00779550868518,1,0.3115543271406426,0.38347705815948163,3,48427,0.05784045633978978,0.08694948143939199,0.11871517577210211,0.023544587081563678,0.34798048809919035,138.0717120551034,6.149537394928622,1.45
48429,Stephens County,Texas,0.8894418244839926,0,0.3023629087416276,0.31104524607491907,3,48429,0.0409821603763958,0.0945787842441452,0.12855855165896757,0.023216110884532334,0.3547908562196582,94.5107417072112,25.222792447952003,1.45
48431,Sterling County,Texas,0.47949059065859734,0,0.27067122382261716,0.146277115880511,1,48431,0.0396812565990494,0.0882843724900449,0.125147398017158,0.0211754278783376,0.3542061987907567,-4.58190042214387,29.53787072386613,1.15
48433,Stonewall County,Texas,0.6637123665559959,0,0.32993487388274045,0.12779779270760155,3,48433,0.0431764799758383,0.1001781073443895,0.1374807800739125,0.0222718297426336,0.3638645117095567,-15.695487472049962,28.65015441026544,1.45
48435,Sutton County,Texas,0.5440980987365507,0,0.24704206859417016,0.22608671291587396,1,48435,0.040524640657807,0.0820231032407743,0.1217440737969525,0.0203529156277434,0.3477379052578015,43.41611854051631,31.730093698803003,1.15
48437,Swisher County,Texas,0.8493844838421117,0,0.2968062824407997,0.2889761202089325,3,48437,0.04407133274382757,0.093267037531254,0.12596755722208558,0.022226031858861066,0.3548778986199195,81.23822359970086,27.71955706457949,1.45
48439,Tarrant County,Texas,0.9281278266972663,0,0.24051052018041258,0.3995776361625298,3,48439,0.0329776166929557,0.07495095693915263,0.11790295686075838,0.023112330408875382,0.35457978557268544,147.75470604337872,1.1155115337076802,1.45
48441,Taylor County,Texas,0.9110858865722462,0,0.2358680593284548,0.3924670348593012,3,48441,0.034923334916853385,0.07897147227485943,0.11011468565433102,0.023320475105502496,0.3495629423108128,143.4783434395548,3.0939118024468377,1.45
48445,Terry County,Texas,0.880936264491341,0,0.28167947405422455,0.32586277731911406,3,48445,0.0455891527446555,0.08833588723905993,0.12104141101378424,0.023054615241675,0.34374831680737333,103.42210289756464,21.498682053608636,1.45
48447,Throckmorton County,Texas,0.5626676273957745,0,0.33588188958526705,0.15339430815018906,1,48447,0.0418732592298919,0.1002712697715745,0.1379569240330595,0.0224920400181989,0.3708267143446779,-0.3015739675504196,30.71798216355661,1.15
48449,Titus County,Texas,0.9254296310062775,0,0.27160046066365123,0.36662687106481595,3,48449,0.04032917558323273,0.08625946946343963,0.11466141445049706,0.02393659226645451,0.35208590911078524,127.93789820642836,11.636959872638649,1.45
48451,Tom Green County,Texas,0.898386497102749,0,0.22899259151691123,0.39058430303670877,3,48451,0.035180913138155405,0.07767941621774477,0.11280164826059232,0.02184437187402337,0.35049774577979387,142.346056082154,3.7329133374368073,1.45
48453,Travis County,Texas,0.7701989960762083,0,0.13194908966897423,0.3992226317628936,3,48453,0.02300128901290895,0.05629862239546896,0.0984644638767473,0.020949589478580714,0.33713846319654905,147.5412040519075,1.0892816355229795,1.45
48455,Trinity County,Texas,1.0362134536752525,1,0.3798953929899162,0.33473457506198206,3,48455,0.0485033816659819,0.1050323906943256,0.14029587147884626,0.02480977898370428,0.3735185017290818,108.75766067649168,19.64722623980308,1.45
48457,Tyler County,Texas,0.9654230893956283,0,0.3162854282277519,0.3495235989416469,3,48457,0.0411138102847472,0.09952804896746054,0.13319933280729207,0.022875315683282504,0.35735259753723125,117.65187734946726,17.053562233129103,1.45
48459,Upshur County,Texas,0.9786252705401879,0,0.2997483321275561,0.3751656475553322,3,48459,0.037874771136509056,0.09369279297417905,0.1259930057878462,0.023608113053981816,0.36187829739228317,133.07317480390472,9.04055352853406,1.45
48461,Upton County,Texas,0.7098810764388044,0,0.26524279508531556,0.22433036107937712,3,48461,0.04082190202906125,0.08637291931116176,0.1251178526613957,0.021254767051694053,0.3479112153132935,42.35983694175163,32.03877175143107,1.45
48463,Uvalde County,Texas,0.945994301533377,0,0.2921866316896657,0.36022323143680124,3,48463,0.04805482384047235,0.0870892551362922,0.12411860967224302,0.021787463688945657,0.35565517049904544,124.08670702500564,13.17771350896612,1.45
48465,Val Verde County,Texas,0.9820892262353257,0,0.30041434290661434,0.37688857173843787,3,48465,0.05322732159090369,0.08711780540637644,0.12102076452531801,0.02239173848291479,0.3521396951521307,134.10935279106195,8.826746508157816,1.45
48467,Van Zandt County,Texas,1.0030435675652924,1,0.30916061596553346,0.3825935685622545,3,48467,0.03958714007585691,0.09392576002535004,0.13024177253695843,0.02314522252622957,0.3643096355300765,137.54037557407557,6.5915488568051845,1.45
48469,Victoria County,Texas,0.7532219504111047,0,0.26692416908967087,0.3880514399634637,1,48469,0.04179351998419422,0.08777247105036032,0.11800318773083576,0.022267077644430207,0.34873804079691834,140.8227754951643,4.749352293142997,1.15
48471,Walker County,Texas,0.892214935308886,0,0.2292177456827185,0.3861028993578925,3,48471,0.0335448653603186,0.0799065647630478,0.10694984377603285,0.023279491739929693,0.349674381455766,139.65091030087845,5.490005674654484,1.45
48473,Waller County,Texas,0.7930789678146277,0,0.22738970863413563,0.38267103583865497,2,48473,0.032189093252618504,0.07641183788463474,0.10106464796011863,0.024647992348917666,0.35500542213443115,137.58696490593258,6.404654816795992,1.3
48475,Ward County,Texas,0.864224613355801,0,0.27309958786476235,0.3229173868633763,3,48475,0.04235031797193853,0.0863938504622421,0.12235602071891598,0.022009599443017166,0.35117212597323644,101.65072561715688,21.65293270456157,1.45
48477,Washington County,Texas,0.6690086912905833,0,0.29782945290653484,0.37117923838404837,0,48477,0.03884272188841188,0.09349989957702402,0.12261806761385478,0.0230927232015253,0.36696322183680463,130.67572198991013,10.311577413586615,1.0
48479,Webb County,Texas,0.9494111641735241,0,0.25883289473437504,0.39593342538529686,3,48479,0.05065404566090044,0.07638820896268354,0.11062606379060298,0.02266683568966865,0.34398461526876534,145.56305360448653,1.8937226128813105,1.45
48481,Wharton County,Texas,0.8090946337678577,0,0.3285012342744681,0.37505931682801696,1,48481,0.04781341266904553,0.09889319294807072,0.1213711207889068,0.024238783402567906,0.36328991013786943,133.0092268019654,9.163735130336471,1.15
48483,Wheeler County,Texas,0.824249536053242,0,0.30640101696041017,0.26204693893837744,3,48483,0.0411119502579868,0.0932722720616618,0.13030956965640772,0.02300085222122595,0.35962092390519107,65.04283606127865,29.65286441348572,1.45
48485,Wichita County,Texas,0.9477557325900351,0,0.26225543688201514,0.39136920628352634,3,48485,0.037347228059739064,0.08272237687923241,0.11499924233150403,0.023688754262355165,0.3559083790315279,142.81810208068111,3.584688904537555,1.45
48487,Wilbarger County,Texas,0.6527443611802024,0,0.3236289657051952,0.32911539547500723,0,48487,0.04512752126681865,0.09492181338898023,0.12774386669255813,0.0244663565873088,0.358762281735517,105.37824894671306,21.323415679244206,1.0
48489,Willacy County,Texas,0.9513392763770097,0,0.30492659819252316,0.3511694544812766,3,48489,0.05567306784064153,0.08883095704164547,0.12214319340958195,0.02217424810621738,0.34839511547747093,118.64170574524206,16.303266154769577,1.45
48491,Williamson County,Texas,0.8461892226840217,0,0.18515947747273348,0.39841929679210913,3,48491,0.0267466014596554,0.06906307311854917,0.11247492200004222,0.020510905235693065,0.34745601486220246,147.0580730928075,1.2861476737464528,1.45
48493,Wilson County,Texas,0.7270997724680233,0,0.2524283380590772,0.37983233365224744,1,48493,0.03688531581955856,0.08363628553236303,0.12203759721809075,0.02125399689387019,0.35262859133453317,135.87975065559422,7.436017664384948,1.15
48495,Winkler County,Texas,0.8095689554386511,0,0.2669964494715884,0.291326968072309,3,48495,0.040385692963738264,0.08389636039882648,0.12193846732765004,0.022486525446654932,0.3501377246681407,82.65203903689293,27.997050816883863,1.45
48497,Wise County,Texas,0.91893572378949,0,0.24825639019928183,0.3854923848279526,3,48497,0.03300642296855843,0.08303638664179075,0.12300933243818732,0.022510450856937043,0.34739588968357166,139.28374282887572,5.555065401186305,1.45
48499,Wood County,Texas,1.0444766280405005,1,0.3421503044164739,0.37817840457697466,3,48499,0.042196495253344846,0.10084836584292488,0.13791054107534328,0.02293801555237502,0.3725790589502428,134.88506678214145,7.906376808360216,1.45
48501,Yoakum County,Texas,0.5454364769837079,0,0.2541539290791881,0.29128254790451974,0,48501,0.03990988436592705,0.08267466624757691,0.11878515503774915,0.02226850075111315,0.3459593055726557,82.62532445449844,28.355928937003505,1.0
48503,Young County,Texas,0.9341756769260782,0,0.29728653716831127,0.346972550366915,3,48503,0.038738546377829676,0.09170457677076448,0.12906194699166146,0.022740205552814075,0.361879298815472,116.11765988173096,17.137730283986965,1.45
48505,Zapata County,Texas,0.893249316190845,0,0.28122268558101055,0.3348113255850894,3,48505,0.052289105402785835,0.0829688062014397,0.1180297269992739,0.022361029513288402,0.34495040046088854,108.80381894818262,20.0990234838957,1.45
48507,Zavala County,Texas,0.9190305207293988,0,0.3212145908341311,0.31259956139304057,3,48507,0.060834558182819375,0.09012941034066158,0.12208940467307587,0.023366995097012625,0.3424116300771428,95.44551720896058,24.018213313998405,1.45
49001,Beaver County,Utah,0.5459981126457432,0,0.22488350034716387,0.3211146122985793,0,49001,0.029096477778391153,0.07150254686952151,0.1081655141547136,0.0257621722624966,0.34751153640889565,100.56652508287544,23.59697327111774,1.0
49003,Box Elder County,Utah,0.859050030102926,0,0.20411790927130247,0.38833038735140507,3,49003,0.026079763420745933,0.06700077440832315,0.10284606072385213,0.02551071256003128,0.3495199349752246,140.99053629729016,4.5961145850105165,1.45
49005,Cache County,Utah,0.6187828333778922,0,0.14325776993254793,0.3948142590917062,1,49005,0.02231769422480268,0.05381448559870199,0.09059538193464378,0.025815845882592184,0.3299459054743756,144.88997960113912,2.274386939330946,1.15
49007,Carbon County,Utah,0.8926828647192789,0,0.24938361125418854,0.3662597437246245,3,49007,0.03072418792359288,0.07281476586401338,0.10739591339791993,0.028174460956222603,0.3507154950917768,127.71710539841042,12.126074516903932,1.45
49009,Daggett County,Utah,0.44127745807960983,0,0.22215112643711382,0.16156840232776432,1,49009,0.0292045515718647,0.075509670603303,0.117240698228504,0.0227372367981912,0.347148428769775,4.614380277450761,35.82859477600962,1.15
49011,Davis County,Utah,0.8773342786639341,0,0.2072662043973485,0.3977919188191578,3,49011,0.022339561156559714,0.06019727011789699,0.10092980154981426,0.02856194281968436,0.35186055934627314,146.6807638347601,1.342595646266865,1.45
49013,Duchesne County,Utah,0.6474838864432252,0,0.197023395384143,0.3660060710882267,1,49013,0.0282359035902338,0.0702269309539221,0.09903126939808422,0.026771361257843067,0.32833578066283453,127.56454499885425,12.722473427305216,1.15
49015,Emery County,Utah,0.8467113401151826,0,0.242400130787616,0.3415387244642341,3,49015,0.030921975325160736,0.07434223696504974,0.11122809109748442,0.025767191047474967,0.35278094426171863,112.84972108232684,18.28862129627653,1.45
49017,Garfield County,Utah,0.8198020270499082,0,0.2622180877477491,0.3031626205625324,3,49017,0.0327270730641214,0.07901229412311794,0.1204534085670966,0.02491722849749075,0.3546915514841186,89.77007864320097,26.310247356180028,1.45
49019,Grand County,Utah,0.7894372751086898,0,0.2071100858219178,0.3373294142530406,3,49019,0.0288320580354796,0.06968619428851919,0.10555012459850445,0.02492600928782395,0.3422787029493298,110.3182141102134,19.411496700577587,1.45
49021,Iron County,Utah,0.6559018982426612,0,0.18232129474097597,0.38802818199177297,1,49021,0.025434089221603864,0.06209598673481183,0.0982506987000076,0.026856504966177527,0.3320178891590846,140.80878799732304,4.816421039973449,1.15
49023,Juab County,Utah,0.5708904597815964,0,0.22104970590253412,0.3498407538790622,0,49023,0.027563936745476,0.0702173598141086,0.1092341202880945,0.02574268492276685,0.3475032564984757,117.84261642428577,16.54420687375216,1.0
49025,Kane County,Utah,0.6979903732561724,0,0.27760870925778336,0.3293394413997579,1,49025,0.032716188935385346,0.08103472399864185,0.1228872646629135,0.02516051562886685,0.36252337352939634,105.51299164613958,22.38189739254499,1.15
49027,Millard County,Utah,0.6921496869231787,0,0.2499124989946791,0.3519567939819981,1,49027,0.033353925947883695,0.07637824520480134,0.10939189709111846,0.025957756201032665,0.3533348349298741,119.1152169229634,16.22254573223856,1.15
49029,Morgan County,Utah,0.6067089938008855,0,0.17807244096743988,0.3495005971202867,1,49029,0.02410639860629365,0.06396941318620886,0.1072660292021412,0.02399592035558415,0.33551749473116155,117.63804390212714,16.144263927648424,1.15
49031,Piute County,Utah,0.5765385228311776,0,0.30994174158750487,0.19139610435264956,1,49031,0.0380334249223559,0.0894934510931863,0.128721134598589,0.0257364528819785,0.3581824524153076,22.552957348183977,33.44138225414817,1.15
49033,Rich County,Utah,0.47387487527148,0,0.22763620372696328,0.24623867154451673,0,49033,0.0297820736948546,0.0731033389000661,0.1118507837688578,0.0246932143678604,0.3487679726789394,55.535639604678,32.37287495571331,1.0
49035,Salt Lake County,Utah,0.8351837494000867,0,0.17648625884971422,0.39950253384000073,3,49035,0.02514412860765412,0.06000427176916784,0.09207034722329832,0.026278854570804252,0.3436400357934836,147.70953901040534,1.0821414867568853,1.45
49037,San Juan County,Utah,0.9538731535808896,0,0.3020014858237656,0.35584206836995136,3,49037,0.044521317963072696,0.08169915819677177,0.0995083466762292,0.03149288818674075,0.3475518819988283,121.45184661006093,15.49106853126938,1.45
49039,Sanpete County,Utah,0.6564525178671639,0,0.19408524507490588,0.3767430313313236,1,49039,0.026760745880242923,0.06295336472678041,0.09584109804741534,0.026902213916681118,0.34353892566961536,134.02182382863143,8.50357510066538,1.15
49041,Sevier County,Utah,0.9055631401524001,0,0.25602507089604926,0.36850123265733015,3,49041,0.030572123757550917,0.07774531868915088,0.11553594649575664,0.026925168147300043,0.3476242224507512,129.06515165215765,11.89236625584833,1.45
49043,Summit County,Utah,0.5096963840785321,0,0.1267725834506941,0.38292380062783804,0,49043,0.021482830061761445,0.05225717870434375,0.09893383397813477,0.022407805940378847,0.32946159850333195,137.7389793201756,6.542566796127904,1.0
49045,Tooele County,Utah,0.8286349801168686,0,0.18084664081281634,0.39062575926778276,3,49045,0.02638033403318171,0.06445782107681719,0.0953216336748797,0.02516650023991608,0.34206679870278706,142.37098813342507,4.001562410527245,1.45
49047,Uintah County,Utah,0.8283347385501152,0,0.19075248278477128,0.3805128541463426,3,49047,0.028112035560792115,0.0665904989721213,0.10594694292502554,0.026366350908632666,0.3195600356900499,136.28902017697254,7.583308372222195,1.45
49049,Utah County,Utah,0.7324985626928928,0,0.10617124161064113,0.39900018093618156,3,49049,0.019425318455886093,0.049612094906512305,0.08365521964119974,0.02463950660807558,0.3233162408947746,147.40742065498029,1.1605502157432448,1.45
49051,Wasatch County,Utah,0.5148223006196048,0,0.13575884637824173,0.379063454241363,0,49051,0.020625378304197226,0.05946428668315582,0.0943681810672229,0.023191246119354976,0.33168026598844536,135.4173414978675,7.990644096199678,1.0
49053,Washington County,Utah,0.8917459274178878,0,0.21876644525988548,0.39623074606279574,3,49053,0.029186692630175162,0.07299955790991387,0.10909703594021622,0.025003738879439096,0.34283443594519614,145.74186422434542,1.831616219853151,1.45
49055,Wayne County,Utah,0.5618081987002377,0,0.24404286423530816,0.24448600419968117,1,49055,0.0316101522889876,0.0749181058208182,0.115967410352891,0.0249901700717125,0.3504950223609935,54.48157388354203,30.957348684108844,1.15
49057,Weber County,Utah,0.8738272402618578,0,0.20541519227728666,0.39722428376537394,3,49057,0.02715776828649503,0.06414749607968247,0.09711606412005448,0.026948515920244557,0.3505763474289137,146.3393843630242,1.5761764096835873,1.45
50001,Addison County,Vermont,0.640324562355179,0,0.17564802568088425,0.38115594158448884,1,50001,0.02088065523288168,0.06744604945878299,0.09830636605444776,0.02333620826053349,0.3546319603998112,136.67577721118127,7.373637361217393,1.15
50003,Bennington County,Vermont,0.687836604415342,0,0.21771016633958074,0.3804086201085428,1,50003,0.026880545253596667,0.06996813248589119,0.10083810204459567,0.024532552578873833,0.3682900858658474,136.22633313796078,7.680604667000324,1.15
50005,Caledonia County,Vermont,0.6774939907377339,0,0.2118079578146819,0.3773172515224781,1,50005,0.02494284514203281,0.07493681599389938,0.09917892507052453,0.02565967430753664,0.3533601689324708,134.3671636454903,8.698253629123146,1.15
50007,Chittenden County,Vermont,0.6003396139590071,0,0.1265328559268503,0.3955015909940256,1,50007,0.017839032656101993,0.05575275052618352,0.08699281112444207,0.024219021940058157,0.3378081235659063,145.30334554842676,2.078171664317172,1.15
50009,Essex County,Vermont,0.6762125834652007,0,0.28038857267890116,0.30762236946475174,1,50009,0.03324327871451566,0.0843423841381816,0.12109913238229478,0.0244648140237674,0.3674027468867382,92.45220109875702,25.108463182999607,1.15
50011,Franklin County,Vermont,0.6700673586532805,0,0.19666078774505485,0.3860064806491021,1,50011,0.02523999061767479,0.0660573379910882,0.09804894313214754,0.02445789485687628,0.3604811660104757,139.59292345236918,5.416040326541148,1.15
50013,Grand Isle County,Vermont,0.6258859870818885,0,0.22250800651500774,0.3217406779040258,1,50013,0.024544269613978,0.07574667475822386,0.1072904758939103,0.02443231381176625,0.3611848597503176,100.94304507443454,23.32739041037412,1.15
50015,Lamoille County,Vermont,0.6071258215839632,0,0.15431838355901414,0.3736171134705191,1,50015,0.02298347424728543,0.06385506369804432,0.09485407148496403,0.024034016884354543,0.3321528869462011,132.14187617406387,9.6342234156957,1.15
50017,Orange County,Vermont,0.6750340063158832,0,0.21050447890617027,0.3764816135424238,1,50017,0.025771293389815222,0.07016603681389025,0.10624393074796122,0.02386477820393004,0.3595848312596939,133.864605443188,8.578468595769673,1.15
50019,Orleans County,Vermont,0.6179611395595078,0,0.24312547481954466,0.37483566473996316,0,50019,0.026155035570981887,0.08418292825482286,0.10838198197357453,0.0240659479092782,0.36791035794103955,132.8747209585305,9.382682190888232,1.0
50021,Rutland County,Vermont,0.7161189399970699,0,0.23483073660583892,0.38788138513074355,1,50021,0.025939572716249453,0.07394899394921933,0.10505422142847848,0.025072262810667673,0.372285388754966,140.7205033952065,5.102402438433844,1.15
50023,Washington County,Vermont,0.6472669970260807,0,0.17503941340203835,0.38780145357716234,1,50023,0.022614679973122012,0.06600147611937139,0.09958199267165638,0.02348676328188384,0.3487774644573534,140.6724320307714,4.836184940689788,1.15
50025,Windham County,Vermont,0.5587325017176938,0,0.17486150040645837,0.3838710013112355,0,50025,0.02492254720417245,0.06985972340101657,0.100205103221899,0.024008986538969636,0.332342518856677,138.30863206936831,6.466016231638182,1.0
50027,Windsor County,Vermont,0.8850075048972433,0,0.22288780152387747,0.38746220185353175,3,50027,0.024547289320365616,0.07300968244199041,0.10636826824903965,0.025910684967829178,0.35585709900146556,140.46840380272857,5.02993707711564,1.45
51001,Accomack County,Virginia,1.0595178976623734,1,0.36190520624447137,0.36879679214337246,3,51001,0.04428003919339619,0.10386792417825745,0.12023960126289165,0.025636463129133914,0.3913683399057195,129.2429030798383,11.297176339618288,1.45
51003,Albemarle County,Virginia,0.598019539438251,0,0.204922400108254,0.393097139329997,0,51003,0.025589199305538376,0.06749940275710213,0.0995004626068107,0.0224410871238142,0.3793714095955843,143.8572924313598,3.014852386686557,1.0
51005,Alleghany County,Virginia,0.988276351202619,0,0.327653533280088,0.35391636410102856,3,51005,0.03976523623704948,0.0977388663395408,0.12578905672028873,0.023441186689596466,0.3827328373837842,120.29371533951614,14.473677379501247,1.45
51007,Amelia County,Virginia,0.9577101795624332,0,0.3269632070691726,0.33352657193940205,3,51007,0.038276186070361554,0.09586515282707414,0.12415188514614901,0.023894905500619,0.3874963020253782,108.0311596172412,19.87259185501281,1.45
51009,Amherst County,Virginia,0.9865415041724884,0,0.3130668929292951,0.36730655822414515,3,51009,0.03896410589010812,0.09187256769172608,0.11579550224301992,0.024304109638924376,0.3868587248798386,128.34666655477255,11.328046186950523,1.45
51011,Appomattox County,Virginia,0.9651307127977645,0,0.3203662050776982,0.3452411830586911,3,51011,0.03878350075814937,0.0933537530184202,0.1174336720398496,0.024028662037415667,0.39243470410091086,115.07640414334352,17.12933565864224,1.45
51013,Arlington County,Virginia,0.5881253063727455,0,0.1162874758991366,0.3951258339902074,1,51013,0.01906669284783288,0.05142146766300577,0.08776435399388811,0.01941414974362701,0.36555660758282527,145.0773628036871,2.2241498189895017,1.15
51015,Augusta County,Virginia,0.7721898449981246,0,0.28052144105261684,0.390947989380535,1,51015,0.03354878973348979,0.08642384728050648,0.12247839403362701,0.022592589869622617,0.3757756926849924,142.5647794522231,3.7300142608444378,1.15
51017,Bath County,Virginia,0.7132890774039872,0,0.3749453831267404,0.2453059885289006,1,51017,0.0448251068254988,0.1036791112372738,0.1324360250470786,0.0244987624900414,0.3938104208818423,54.97471787680787,32.602166829540124,1.15
51019,Bedford County,Virginia,0.7720446015483792,0,0.2849334059602767,0.38640972582092253,1,51019,0.0337346349630501,0.08678543289718726,0.12109691360654888,0.02271705270125157,0.38072606747610777,139.83543776296096,5.25234230874359,1.15
51021,Bland County,Virginia,0.8227829420180578,0,0.28755273638363915,0.2798837753529524,3,51021,0.034838525460753,0.09047865076786495,0.1217932775174706,0.022143922267457698,0.3786445287045699,75.77002732978355,28.370151452043,1.45
51023,Botetourt County,Virginia,0.7562324308543595,0,0.28849191462270435,0.3691015035115215,1,51023,0.03284496075405445,0.08818403103189107,0.12074964134989963,0.022376501712300524,0.3877455390409856,129.42615850988483,10.825382252624662,1.15
51025,Brunswick County,Virginia,1.01476078056971,1,0.3598712151823265,0.3399638059002322,3,51025,0.045920534330868304,0.10260430455011703,0.1105842497774708,0.026373384618243022,0.3966128669150997,111.90255465237838,18.936656992808757,1.45
51027,Buchanan County,Virginia,1.0247028181524631,1,0.3571934723041575,0.3494981264216791,3,51027,0.04264372355168349,0.09916677755759283,0.1293755243296528,0.02646135973535126,0.3766883543128742,117.63655800766054,17.13072530037009,1.45
51029,Buckingham County,Virginia,1.0040307791193512,1,0.34880919884464023,0.34362582123767105,3,51029,0.043190692767060224,0.10024844097792986,0.11525088834807318,0.0260806925346655,0.38980209229746315,114.10491487141395,17.809106710985954,1.45
51031,Campbell County,Virginia,1.0220705934406893,1,0.3130182361685523,0.3918580351698542,3,51031,0.036489558839775484,0.08928624451689414,0.11760616181645031,0.024416352505576916,0.3929451241078714,143.11208700263307,3.393127765665792,1.45
51033,Caroline County,Virginia,0.9878931330358343,0,0.31439380810293577,0.36691180088729475,3,51033,0.039843863380537685,0.09315888496014886,0.1134445077526477,0.02429281282860033,0.38800824519420773,128.10925688421128,11.887645666206486,1.45
51035,Carroll County,Virginia,1.0032579691955306,1,0.3203259152019609,0.3715761325190947,3,51035,0.03797639976482479,0.09428537936246682,0.12491995632602726,0.024162356534724386,0.3802313526499674,130.91441674502437,10.29206727308678,1.45
51036,Charles City County,Virginia,0.9854721792163739,0,0.39390665830385263,0.28572932736261214,3,51036,0.049593593223395065,0.10783528139445193,0.1207359293192933,0.0264743028264526,0.3997004844647447,79.28558093021762,28.63918737255039,1.45
51037,Charlotte County,Virginia,1.0305468842169945,1,0.3857045471580224,0.32501744195714616,3,51037,0.0492729694034388,0.10603445605880413,0.12669649043212902,0.026052895242281868,0.3882389020993684,102.91371262570846,22.131836844923725,1.45
51041,Chesterfield County,Virginia,0.6559300016868421,0,0.258989407286375,0.3969405944004672,0,51041,0.031635930450567,0.08360932114236719,0.10754015562907586,0.02357841138245712,0.37746020290819937,146.1687717046209,1.6527695855313396,1.0
51043,Clarke County,Virginia,0.6188198532910834,0,0.28064953179130103,0.3381703214997823,0,51043,0.03254843593457566,0.08707083607075013,0.12054250212513185,0.022103222145500766,0.3841250798634418,110.82394128431584,19.111799942973693,1.0
51045,Craig County,Virginia,0.6036441757090756,0,0.26628604571040326,0.2586219331670538,1,51045,0.0314830964053184,0.0843181632570082,0.120355590122031,0.0217539053601755,0.3783673648522062,62.98301496123766,30.76025330602636,1.15
51047,Culpeper County,Virginia,0.728908655150381,0,0.25377732792882757,0.3800562852454168,1,51047,0.0328413269544369,0.08370900647637519,0.11064233866005685,0.022928878383303226,0.3688915764985904,136.01443662338448,7.704021302045709,1.15
51049,Cumberland County,Virginia,0.947704171795979,0,0.34036648922342105,0.3132225947738059,3,51049,0.04260536287086185,0.09876141611890399,0.1158580625993539,0.0253470873580908,0.3890123831892274,95.82021360056238,24.333289649783847,1.45
51051,Dickenson County,Virginia,1.0166908196383957,1,0.36585600642079175,0.33531007608844665,3,51051,0.043180556493839575,0.10046880981727944,0.13151584109954834,0.02619095505805235,0.3814241517706026,109.10377079616865,19.304186319728267,1.45
51053,Dinwiddie County,Virginia,0.7181404076507929,0,0.33200806214055417,0.3861323455102387,0,51053,0.03955061177227773,0.09666918847363186,0.11575934267916936,0.02537402400892605,0.3905248470232209,139.66861941145152,5.242155290308972,1.0
51057,Essex County,Virginia,1.0209248232005776,1,0.385791347447053,0.31829473751886256,3,51057,0.047059066505902934,0.10335596564574637,0.1230591714834973,0.026346558631266965,0.4011281898825135,98.87063375931446,23.363360605474693,1.45
51059,Fairfax County,Virginia,0.8158013231788529,0,0.1636296886977757,0.39899191349453667,3,51059,0.023801395496303446,0.06406423518115092,0.10319774270472679,0.019295793459798153,0.36272210756196066,147.40244856095168,1.0723901689907696,1.45
51061,Fauquier County,Virginia,0.6323026975906287,0,0.24700495480481777,0.385297742785811,0,51061,0.028903191426163266,0.0806549669377335,0.11400556133311775,0.021728418428358712,0.37956140175474545,139.16668381872302,5.483620876259367,1.0
51063,Floyd County,Virginia,0.7139595965940108,0,0.2807355292465861,0.34009890257429287,1,51063,0.0347019406629493,0.0879142505371006,0.11557480897334298,0.0229100134632085,0.37940363104289043,111.98380268474828,18.788817878822343,1.15
51065,Fluvanna County,Virginia,0.726805149766542,0,0.26860075812701895,0.36340371993084375,1,51065,0.030862760317977626,0.08274512986112832,0.1127060737750311,0.02295877283367175,0.387505810225946,125.99947381895316,12.52748861637624,1.15
51067,Franklin County,Virginia,1.02383023894597,1,0.32570752543069476,0.3803822945320432,3,51067,0.03625876394184893,0.09580933555146302,0.12448367751327435,0.023868398813944237,0.3908067799585314,136.21050076231964,7.2988245762759325,1.45
51069,Frederick County,Virginia,0.9147128539051358,0,0.23993347413011012,0.39090297683894903,3,51069,0.028067962507984594,0.08075678938576882,0.11198490530606377,0.022047336205942153,0.3746160345144302,142.53770861231342,3.651836587151194,1.45
51071,Giles County,Virginia,0.9178033186736586,0,0.2901983048320541,0.3427695011497794,3,51071,0.03445995860352905,0.08830075263134503,0.12035641081567278,0.022840609999416176,0.3825763251142837,113.58991831281062,19.262771347589855,1.45
51073,Gloucester County,Virginia,0.7381417840828939,0,0.2696947911358124,0.3721676298058345,1,51073,0.033135543435287254,0.08368286347696435,0.1144248829488042,0.022911602109999124,0.37944648184667734,131.27014712131887,9.9342468762625,1.15
51075,Goochland County,Virginia,0.6351365621633709,0,0.27526554897566063,0.35987101318771025,0,51075,0.0327385471262131,0.08704994086973813,0.11101945221093387,0.023035084926874602,0.3857753487647175,123.87488064288053,13.872768479539866,1.0
51077,Grayson County,Virginia,1.0240712173567084,1,0.3677310542729629,0.33852495769718094,3,51077,0.043689802093385716,0.10282050029339479,0.13160285661687246,0.024840969038865318,0.38882523161256466,111.03722183652864,19.28984812411585,1.45
51079,Greene County,Virginia,0.631584114499288,0,0.27894899362811504,0.352635120871173,0,51079,0.03318381497600073,0.08595347291974449,0.11664276060628789,0.023665824130068302,0.37666535833893033,119.52316719584941,15.064947796465926,1.0
51081,Greensville County,Virginia,0.9906472187647483,0,0.340515755694774,0.3426892227636731,3,51081,0.04466898979428866,0.10648201068887407,0.11242026031748906,0.024376418931732466,0.3854924371293867,113.5416383610034,18.52888959582725,1.45
51083,Halifax County,Virginia,1.0899172926109704,1,0.38327172233080886,0.3683953760215845,3,51083,0.04777708851666601,0.10831565476523486,0.12103398278533355,0.0256011524504825,0.3981807809851972,129.00148877202068,11.088036602289767,1.45
51085,Hanover County,Virginia,0.6433529992164442,0,0.2537419694028816,0.3896110298135626,0,51085,0.028886468243095872,0.08162034785818474,0.11399218618177073,0.0216083026193701,0.386309433738723,141.76072313529397,4.084086945658891,1.0
51087,Henrico County,Virginia,0.6470216032603079,0,0.2504466165334947,0.3965749867268132,0,51087,0.03164235296851382,0.08097167911563981,0.10300108060888505,0.022658649438175592,0.3863040517146051,145.94889283409907,1.700514724210157,1.0
51089,Henry County,Virginia,1.1193897623057982,1,0.38962957209695637,0.38236336742428373,3,51089,0.04901306387456801,0.10485226218322054,0.1239892271232753,0.026458366223173883,0.39597702739615476,137.40193108875067,6.848748383210713,1.45
51091,Highland County,Virginia,0.7850438895856782,0,0.34522985611909485,0.1961797229055108,3,51091,0.0395666756402539,0.10008642546753,0.1357051030967681,0.0225361238270613,0.3898770838264174,25.42985715145741,31.007438549419103,1.45
51093,Isle of Wight County,Virginia,0.6931504088471084,0,0.3200049085380309,0.37314550030907756,0,51093,0.03741452882339176,0.09360415511384003,0.11859972345509495,0.024144715612640914,0.39228832537525493,131.85824490280356,9.47874505701444,1.0
51095,James City County,Virginia,0.77413201656316,0,0.28516288612575436,0.38799538914655873,1,51095,0.03262397253114242,0.08480428028392552,0.11983930819528389,0.021788080137204728,0.3956171527180853,140.7890661635474,4.774690060771136,1.15
51097,King and Queen County,Virginia,0.89917330024622,0,0.3329742253618465,0.2871452920493397,3,51097,0.04020575934473975,0.0963529237406495,0.1216873857683762,0.02400050672145535,0.39158310580026334,80.13715144815785,28.196600194012436,1.45
51099,King George County,Virginia,0.6807758246933386,0,0.2291231695015517,0.36285580849265586,1,51099,0.02858105785496536,0.07933688666787002,0.10260910926339514,0.0224817919845917,0.3752977238389612,125.66995625995146,13.048078909226046,1.15
51101,King William County,Virginia,0.9033164113007605,0,0.27411940922688216,0.3488574261529526,3,51101,0.0333030813750443,0.08678675714764295,0.11067523669678005,0.02399040256527165,0.37685832949010767,117.25123663291296,16.65347961531003,1.45
51103,Lancaster County,Virginia,0.8369013799255384,0,0.40777063253390355,0.31996969783612983,1,51103,0.0454547871595129,0.11205213365343569,0.13798914738741008,0.0232501023681176,0.41577262312174235,99.87796596065706,23.32357594906717,1.15
51105,Lee County,Virginia,1.0116006361961365,1,0.3425008333210027,0.35515477784874677,3,51105,0.041991379576776545,0.09620047883321464,0.12397050408639304,0.025655986757515698,0.3815266150903217,121.03850554964914,14.760327719566126,1.45
51107,Loudoun County,Virginia,0.7964330124029768,0,0.15204602446505258,0.397218122019759,3,51107,0.021976320694325643,0.060723364195527214,0.09726718132761585,0.02025404022317196,0.36171618711596587,146.33567864850042,1.583991705587426,1.45
51109,Louisa County,Virginia,0.7999054285473037,0,0.32180172023661596,0.37376821763060475,1,51109,0.03842963709295122,0.09272080035882238,0.12122831274436326,0.024492584463438917,0.386300960770973,132.2327512142913,9.448283718305523,1.15
51111,Lunenburg County,Virginia,1.0012990406026891,1,0.36372580370018426,0.32682525878442886,3,51111,0.0473162011219796,0.10485242117416053,0.11921458106719901,0.0251168535928749,0.39004943907265427,104.00094560996324,21.663387428956156,1.45
51113,Madison County,Virginia,0.6424001102217829,0,0.3069917598975625,0.33540835032422045,0,51113,0.036545121007436746,0.09147253932453785,0.12251718108560311,0.02322019006193395,0.38452019846539015,109.16287357086532,19.51522824593001,1.0
51115,Mathews County,Virginia,0.7484953051286524,0,0.34538334266013593,0.3054821400604314,1,51115,0.03958918958825455,0.09848433483139835,0.13043048837585158,0.0226519568940335,0.399738157224352,91.16505299440698,24.8686989156242,1.15
51117,Mecklenburg County,Virginia,0.8689020123379502,0,0.38828000402952717,0.3672869632208644,1,51117,0.04857176167103022,0.10260761563316886,0.12513149266572252,0.025726865849662658,0.4026908881876834,128.33488199033442,11.592704993267438,1.15
51119,Middlesex County,Virginia,0.7914932468840409,0,0.3689698755605126,0.3192851217299577,1,51119,0.04270863114049575,0.10362490861940318,0.13291414881696242,0.023478327602920224,0.3996275603455378,99.46625736738004,23.30791804448777,1.15
51121,Montgomery County,Virginia,0.8389672467398512,0,0.18814249353111692,0.39045560766878046,3,51121,0.023765327478979612,0.06637496559402617,0.09044539252494448,0.02307204386112229,0.3769016569021845,142.26865783758583,3.758398347333728,1.45
51125,Nelson County,Virginia,0.9696192213815731,0,0.3311255366276085,0.33757737467002813,3,51125,0.03863152671401293,0.09609486771219317,0.1253312600242673,0.023496068076114967,0.39192692963531395,110.46733914327532,19.48806302563362,1.45
51127,New Kent County,Virginia,0.6236190300138029,0,0.26550369489101966,0.35811533512278326,0,51127,0.03091323460377673,0.08273422099242576,0.11496007408930516,0.0223459329569533,0.38521080612131536,122.81900425478959,14.325932832803922,1.0
51131,Northampton County,Virginia,1.0472103580880863,1,0.3968238877578151,0.3253901523029341,3,51131,0.04936052294297793,0.11015394755127454,0.1243921540833942,0.025148345803416634,0.4042926844023717,103.13786309017932,22.02006943360957,1.45
51133,Northumberland County,Virginia,0.8223922282970173,0,0.3886827891141951,0.32644088766582,1,51133,0.04704155561712207,0.10737194158253084,0.12888741110844731,0.023664917067869967,0.4095479537737105,103.76978227967464,21.705476995467933,1.15
51135,Nottoway County,Virginia,1.0118702646885187,1,0.3567648271584448,0.34107673469570604,3,51135,0.045697303134042834,0.1031263796537617,0.1173528216802119,0.0252563402219555,0.39094072094058147,112.5718773831469,18.442295549542735,1.45
51137,Orange County,Virginia,0.6707219513588698,0,0.29791249944129927,0.3728094519175706,0,51137,0.035483604321956526,0.08933566331862779,0.12055285714722039,0.02324392588845174,0.3834431753559629,131.65614317986444,9.373034351601072,1.0
51139,Page County,Virginia,0.96489160773625,0,0.30749862955196355,0.35794385854200195,3,51139,0.03700350977348744,0.09179982067061226,0.12124685823704338,0.02343335452362354,0.3838377371274616,122.71587710615424,14.552528469775366,1.45
51141,Patrick County,Virginia,0.9999262557468392,1,0.34319177949703006,0.346412534811135,3,51141,0.041865465035036624,0.09930500247378027,0.12547992283749348,0.0237943225511665,0.3897432231316033,115.78086282643692,17.285160928058488,1.45
51143,Pittsylvania County,Virginia,1.0973621144887657,1,0.3675470759745877,0.3892543822935267,3,51143,0.04415866585900298,0.10175817460238605,0.12559634212922197,0.0249048228882706,0.3979852818387152,141.54623296035822,4.156382788980437,1.45
51145,Powhatan County,Virginia,0.6988763805095353,0,0.24185405975860494,0.36586453198881713,1,51145,0.0298280884911237,0.08305527183559289,0.10709786389592747,0.02173299443503902,0.379039873891053,127.47942244931416,12.08928965791336,1.15
51147,Prince Edward County,Virginia,0.8632450897732666,0,0.23976110563238645,0.355580335590556,3,51147,0.03172157769787444,0.07481200775554395,0.08877084034917537,0.0254223594998047,0.38510694683466506,121.29443878725232,15.0731522996145,1.45
51149,Prince George County,Virginia,0.7372064114811091,0,0.25783759644751664,0.3832114570143174,1,51149,0.031909463707271914,0.08362654407672016,0.10699813869193317,0.023344643694951015,0.3781634649581853,137.91197777156296,6.246525146439239,1.15
51153,Prince William County,Virginia,0.8594507609684299,0,0.1948181211771172,0.39790654155973104,3,51153,0.02650477630228767,0.06816683266144052,0.09432839678560272,0.021759507789563582,0.3786323341317811,146.74969870825845,1.3521134927916014,1.45
51155,Pulaski County,Virginia,0.7886682079749253,0,0.3162841382015862,0.36951430351574016,1,51155,0.03575248840992474,0.08977180246630545,0.12612206872379533,0.023990812215110038,0.3874008895605605,129.6744191598101,10.548301852752786,1.15
51157,Rappahannock County,Virginia,0.6831800778152544,0,0.2983912142384695,0.29567841864436034,1,51157,0.03430937812340715,0.0870888110261325,0.12689509472986074,0.022154274967543602,0.3884681170060459,85.26903016115402,26.339392234582835,1.15
51159,Richmond County,Virginia,0.8990758725951192,0,0.31102810608047027,0.30902421984719813,3,51159,0.04084893309923305,0.09883579369437084,0.112864250201337,0.02319110767802645,0.38284095164612575,93.29528318084876,25.56484482463857,1.45
51161,Roanoke County,Virginia,0.6711991408490082,0,0.28048526338372504,0.3907138774652832,0,51161,0.03283672957355245,0.08375796522914376,0.11933075623691526,0.022195111693342127,0.38935521746158896,142.4239829996027,3.762432679572509,1.0
51163,Rockbridge County,Virginia,1.0010600276298567,1,0.31978117469945405,0.37060505125217136,3,51163,0.03843094799077115,0.09215696565115522,0.1261030998667502,0.023737927391245875,0.383067769711149,130.33040205511912,10.362059255264152,1.45
51165,Rockingham County,Virginia,0.9564457139991808,0,0.26769833829540546,0.39191939549713306,3,51165,0.03323881415796089,0.0840764966022233,0.1162264810031312,0.02262052192918161,0.37586734427933616,143.14898950886902,3.3535495990329367,1.45
51167,Russell County,Virginia,1.0172921775745734,1,0.3409883641554454,0.3605924479649501,3,51167,0.039870916771388,0.09434039028897385,0.1236443548458864,0.025706774482872542,0.3879268323137206,124.30875628446455,13.79915898553042,1.45
51169,Scott County,Virginia,0.9990594658005392,1,0.33444303190581914,0.35456349623248373,3,51169,0.04033797687645055,0.09839756119907839,0.1258639355782002,0.024218466747691483,0.38161208071889036,120.68290487900433,15.065796574504605,1.45
51171,Shenandoah County,Virginia,1.0012427560707375,1,0.31345932237436674,0.3770529231916593,3,51171,0.035294275827371935,0.09069986241691173,0.12795306782757987,0.0228807021331976,0.38967679941357575,134.2081948409067,8.523987285842685,1.45
51173,Smyth County,Virginia,1.0166341642947452,1,0.33515633209012435,0.3659706777683206,3,51173,0.03979591197797863,0.09610197496220255,0.1232464605200471,0.024826038721493335,0.38657320823377955,127.54325922241748,11.661574104723597,1.45
51175,Southampton County,Virginia,1.0474988784802566,1,0.36020920347226726,0.362203816169289,3,51175,0.04591119573418532,0.10388129856539274,0.12088982384617593,0.02491309156952172,0.3900553105605816,125.27784376893607,12.774096653468902,1.45
51177,Spotsylvania County,Virginia,0.6233118508932507,0,0.22982862011252508,0.39348323078072556,0,51177,0.027891032674193378,0.0784474363079316,0.10590169249428386,0.022438918974823533,0.3742109803269179,144.08949038075153,2.7575472339029448,1.0
51179,Stafford County,Virginia,0.8539127705784223,0,0.1959525152233919,0.39295284379620965,3,51179,0.02586655316588685,0.07132396570400161,0.10413183930921414,0.021659233109566484,0.36212894328321715,143.77051214397304,2.939139832634877,1.45
51181,Surry County,Virginia,0.955963932442151,0,0.37743187376014464,0.28185359688961475,3,51181,0.045955338821161,0.10544222509859269,0.11778289430156375,0.026022962616612903,0.40249338348039404,76.95469101663166,29.760067837354487,1.45
51183,Sussex County,Virginia,0.9334410877259428,0,0.32541457067831137,0.3183379036154424,3,51183,0.04283970272793968,0.10050530171415356,0.1045560554856509,0.02478046465529304,0.39187242993981386,98.8965941349979,23.719563156105693,1.45
51185,Tazewell County,Virginia,1.0140294393357725,1,0.3248698153922076,0.3744608324255665,3,51185,0.038827327629376976,0.09296863180045906,0.12137219084840142,0.024831203234727237,0.3854552655380065,132.64929432811837,9.099815058136985,1.45
51187,Warren County,Virginia,0.7339748726591931,0,0.26404847295351186,0.37419054675013436,1,51187,0.031037774864974714,0.08232567949587713,0.11508257717439883,0.023429913385937525,0.375537236911065,132.4867427371239,9.465101998902856,1.15
51191,Washington County,Virginia,1.0052517687439344,1,0.3079388393052977,0.3853382425870709,3,51191,0.035468814581850576,0.09115711881062986,0.12294620044700387,0.0234189193727047,0.38642777866389133,139.19104066678472,5.368159513359079,1.45
51193,Westmoreland County,Virginia,0.811699275241972,0,0.3561701744246968,0.3496552823074529,1,51193,0.043436288381072025,0.10071553686560056,0.1233080939248761,0.024460823023795524,0.3960674003277117,117.7310725957009,16.34150639785899,1.15
51195,Wise County,Virginia,1.023152734237461,1,0.3328947178575401,0.37272785747863996,3,51195,0.038797319755160466,0.09041477081536,0.12397909996477274,0.02531769363419053,0.39011510545462036,131.60707174519345,9.883301335395386,1.45
51197,Wythe County,Virginia,0.7726457248990051,0,0.3089328921889179,0.36293295554934735,1,51197,0.035675404520041795,0.09086027852986087,0.12443467684283276,0.023370093840653118,0.3854695582580361,125.7163530095598,12.775305315509284,1.15
51199,York County,Virginia,0.6222018361718951,0,0.23527981358078265,0.38692202259111236,0,51199,0.028628418061224313,0.076071945947461,0.10837679702574363,0.02158087217751792,0.3844080327831781,140.1435364253209,4.9537833650105165,1.0
51510,Alexandria city,Virginia,0.6437376361345003,0,0.16717551370576197,0.3925963438024992,1,51510,0.02281916161525136,0.06780792680426219,0.09692013596669358,0.02090485666016672,0.36096624959801604,143.55611069234408,3.0962227835303104,1.15
51520,Bristol city,Virginia,0.9959213795290672,0,0.34386582739961197,0.34297650331008955,3,51520,0.04136944933898075,0.09603098893720037,0.12178390903519178,0.0260961614702069,0.3848265862982874,113.7144107796937,18.36520331189057,1.45
51530,Buena Vista city,Virginia,0.7001086856314437,0,0.32976442130464506,0.27902574011400166,1,51530,0.0396347259165829,0.0897597716658521,0.117212418083922,0.0268711573345989,0.384510841736103,75.25399926800118,29.381386624795663,1.15
51540,Charlottesville city,Virginia,0.7115460820479368,0,0.17174044762835708,0.3756026924085174,2,51540,0.02412026631211485,0.06360784957570656,0.08344930521542032,0.024158780357168858,0.3653040925682396,133.33601646618527,8.858014395659133,1.3
51550,Chesapeake city,Virginia,0.7626188078240071,0,0.2676071444281491,0.3955396449840311,1,51550,0.03435602159385939,0.08036140278151889,0.10744043420671381,0.023293624507106897,0.3872100768928185,145.3262314694405,2.009341692353408,1.15
51570,Colonial Heights city,Virginia,0.6474751031959235,0,0.30048801888910137,0.3469870843068221,0,51570,0.03531489637927474,0.08814892429101416,0.11571531452541446,0.023513044793848522,0.3938946416533647,116.12640068921752,17.22278770924471,1.0
51580,Covington city,Virginia,0.8725913858502,0,0.32756357748071485,0.27422358517459555,3,51580,0.0393442711125795,0.09509427198834389,0.1223084061702995,0.0242099637353629,0.3871860855105318,72.36595155938895,28.972198510680958,1.45
51590,Danville city,Virginia,1.1362237013400571,1,0.40948756289631866,0.3741149897519966,3,51590,0.05160899928007488,0.10871265245521426,0.11828408250881706,0.027725618446086696,0.40451852969173563,132.44130225923536,9.675011025217296,1.45
51595,Emporia city,Virginia,1.0345244928954342,1,0.44323000704429505,0.2702351604697976,3,51595,0.057367486968456546,0.11590892636946815,0.11775825987072715,0.029585668620328402,0.40269446741067694,69.96728659022227,28.13589681399396,1.45
51600,Fairfax city,Virginia,0.5502584419523671,0,0.19280050058518985,0.35745794136717723,0,51600,0.02696678863818774,0.07175666628252098,0.10606095644701202,0.01931663091895038,0.37021417953106295,122.42364330673804,14.69560127012458,1.0
51610,Falls Church city,Virginia,0.5121836505240269,0,0.17788145638057812,0.3343021941434488,0,51610,0.022203081710063535,0.06650901525836769,0.10219317890143594,0.0188925950983718,0.38284916401530267,108.49762393532566,19.917870199440905,1.0
51620,Franklin city,Virginia,0.8079064437451551,0,0.40391306637255037,0.2986142760145411,1,51620,0.05013454532809525,0.10841136703410605,0.11403192870077311,0.0281709968392294,0.4058538214113293,87.03467418092227,27.680970554840723,1.15
51630,Fredericksburg city,Virginia,0.5694322115267396,0,0.20767857299838044,0.3617536385283592,0,51630,0.025195479836399765,0.06826865079354799,0.08716939407291302,0.025112234702675533,0.38116459018180143,125.00710396133698,12.856390438988408,1.0
51640,Galax city,Virginia,0.9704127397054149,0,0.38243146099186515,0.28681870432221407,3,51640,0.04666587644307825,0.10205369742222295,0.12974324305880955,0.02641048721371815,0.3894650524739047,79.94073943128474,27.136200797248133,1.45
51650,Hampton city,Virginia,0.9978491721641979,1,0.2963266709148562,0.3918451719570044,3,51650,0.0368031399251372,0.09069668991774775,0.09749156385639912,0.025863879957567493,0.3927554723953922,143.1043509814374,3.3977831341663043,1.45
51660,Harrisonburg city,Virginia,0.7876451956645014,0,0.16702544108003975,0.37617814213685774,3,51660,0.022453150969413464,0.06088252604351778,0.08045190520861889,0.025363857825446656,0.3638823479621851,133.68209573483134,8.560654796466071,1.45
51670,Hopewell city,Virginia,1.037509212546635,1,0.3609028979961591,0.3546206968635892,3,51670,0.044957866412224066,0.0982679373134979,0.10992798689576001,0.02783576290526247,0.3963951724672366,120.7173057164783,15.14929785065928,1.45
51678,Lexington city,Virginia,0.6315612076508333,0,0.1798850360211637,0.2556744175311351,3,51678,0.0247764928058906,0.0647565589732241,0.0899255865478122,0.0235580270611893,0.3651422187023904,61.21035958342795,32.2425981516899,1.45
51680,Lynchburg city,Virginia,0.9472854308562131,0,0.2688194305841775,0.38448086655803837,3,51680,0.033426699115451625,0.08521748852284289,0.09541561485202497,0.02535865293908111,0.3867214784765173,138.67540905820263,5.963176387523557,1.45
51683,Manassas city,Virginia,0.822137073819736,0,0.19225526459347778,0.3747358207994437,3,51683,0.0273911441328571,0.06836914782221111,0.09769218544723486,0.02216696234426106,0.36508430118459545,132.81467415302868,8.933922580450623,1.45
51685,Manassas Park city,Virginia,0.7459420700595145,0,0.1727078307059601,0.3417349762316362,3,51685,0.0268392177637121,0.06577653751982185,0.09214499785214125,0.0219470165305228,0.3597132094249579,112.96774819188668,18.374723263899185,1.45
51690,Martinsville city,Virginia,1.0725816421653314,1,0.4081753675113929,0.33153610984400805,3,51690,0.0511180671221096,0.10888579864413389,0.11858027068166642,0.02757399490017352,0.4047359648922642,106.83408256199874,20.905654399178253,1.45
51700,Newport News city,Virginia,0.9759885070128449,0,0.2793295068416496,0.39376601523617455,3,51700,0.03554636539403833,0.08864984518247127,0.09494005860717784,0.025513250233899245,0.3873129161500237,144.25955882062814,2.557896535169863,1.45
51710,Norfolk city,Virginia,0.9636805119601045,0,0.2694564030079623,0.395150846619696,3,51710,0.03340322922041668,0.08183624133110308,0.0908521818650557,0.02725776163047855,0.3851942269452075,145.09240556432113,2.252201036393987,1.45
51720,Norton city,Virginia,0.8019407531649554,0,0.3232877954253292,0.22977479296429523,3,51720,0.0383240810276465,0.091020209133414,0.117225701010013,0.0263622616516323,0.3827377040175665,45.63415424894741,33.24930280792652,1.45
51730,Petersburg city,Virginia,1.1633242533695378,1,0.4343503572145875,0.3679422313161282,3,51730,0.05638181070594852,0.10985059312108171,0.10897319353534003,0.030430099584807566,0.4119025519398957,128.72896455221183,11.634914126771177,1.45
51735,Poquoson city,Virginia,0.5745536887776814,0,0.24915179650900843,0.325401892268673,0,51735,0.028366455773149668,0.08007046769471583,0.11623395236532007,0.021494708453232068,0.3823079978324227,103.14492358314118,21.696042268550613,1.0
51740,Portsmouth city,Virginia,1.0591827700136172,1,0.3420948241050533,0.3883760517664069,3,51740,0.04391869415560657,0.09503868815058218,0.09991708809986997,0.027613386415404707,0.4009456724693707,141.0179991781791,4.488676120723088,1.45
51750,Radford city,Virginia,0.5707360766975761,0,0.16354777408072016,0.33274446652586775,1,51750,0.020383007735909633,0.057733996158967904,0.07374877039999467,0.02769698591908333,0.3626260845482549,107.56079625413604,20.74340773296122,1.15
51760,Richmond city,Virginia,0.9939505197888043,0,0.2903909310167479,0.39509218607897933,3,51760,0.03852930606604235,0.08664819843310519,0.0963314788924772,0.02733961857885399,0.37883280051109547,145.0571267275613,2.29982916119078,1.45
51770,Roanoke city,Virginia,0.9848354039686812,0,0.2902621203707705,0.38893470995245794,3,51770,0.03908396733106656,0.0926010020704071,0.10705826673779986,0.025160388336451654,0.3682849724981097,141.35397990234992,4.426881281769939,1.45
51775,Salem city,Virginia,0.6287907004588886,0,0.27224643972846935,0.3565442607304192,0,51775,0.03150150002930542,0.08367574897668854,0.11689104018837407,0.022943264319901662,0.38204348046859804,121.87414973506276,14.976279090070507,1.0
51790,Staunton city,Virginia,0.6325019627019743,0,0.2737493817366959,0.3587525809652785,0,51790,0.0322148442377304,0.08392697900742126,0.11043410083812825,0.0234918719833538,0.3874956444744467,123.20224811477816,14.062271771400448,1.0
51800,Suffolk city,Virginia,0.6991766542800275,0,0.310697782537718,0.38847887174230955,0,51800,0.03636002935839453,0.09065098540059234,0.11413077587751948,0.024582711779772514,0.3929361364890099,141.07983579102316,4.503441173641771,1.0
51810,Virginia Beach city,Virginia,0.8005704215559997,0,0.21834826752597516,0.39747513367094767,2,51810,0.02803988988284629,0.06783197370581573,0.10083978444275549,0.022874843412169596,0.38190684037502354,146.49024715361284,1.4691525577700493,1.3
51820,Waynesboro city,Virginia,0.6578761697732323,0,0.30100819961566894,0.35686797015756333,0,51820,0.03602568452547566,0.08941474938811338,0.11602199931494417,0.02438066631218434,0.38378789896068843,122.06883072330997,14.113081419193652,1.0
51830,Williamsburg city,Virginia,0.7424515326308766,0,0.1919038743392783,0.3201316654061539,3,51830,0.02497992955716387,0.06456638943826407,0.08748037190666699,0.02395370678389737,0.3786076673062887,99.97537432739652,22.888937280777803,1.45
51840,Winchester city,Virginia,0.8952697016150483,0,0.2558616454505618,0.3615657349736095,3,51840,0.031359836666419,0.07992231043867522,0.11000332375110058,0.02321880761126198,0.3791162534914384,124.89409752202332,12.836309333811984,1.45
53001,Adams County,Washington,0.8792789840070392,0,0.23909496529093988,0.3673043340242596,3,53001,0.03580749829714272,0.0728061140988557,0.10921606905547505,0.02751084572522552,0.32959569981865217,128.345328906266,11.78728906957967,1.45
53003,Asotin County,Washington,0.9561486807589239,0,0.28962329745442256,0.3697895858275939,3,53003,0.033316369655797914,0.08310022710313812,0.12038848952791954,0.028212358721504367,0.35160378701874,129.83997576096155,11.109883081315449,1.45
53005,Benton County,Washington,0.914799242268922,0,0.23455996919710442,0.3963360599538762,3,53005,0.026700128237489663,0.07066524216371833,0.11105221266743602,0.02658483651787485,0.3541404417507362,145.80520069425484,1.869317049107509,1.45
53007,Chelan County,Washington,0.7255802052720325,0,0.24060431099604743,0.3903349979361547,1,53007,0.030011504153210015,0.07371798497756805,0.11102893545449194,0.025733659153177345,0.3545575901768729,142.1961223475108,4.046871232975556,1.15
53009,Clallam County,Washington,0.9582759502925675,0,0.2703935836866778,0.39048638203233427,3,53009,0.032854152718355296,0.0851046485853026,0.11887764078541682,0.026591987498365548,0.3438600706885374,142.2871657431547,3.9730404283929364,1.45
53011,Clark County,Washington,0.7813306638703823,0,0.20236436148774428,0.39865922610485743,2,53011,0.025233889475100715,0.07016343364280674,0.10090338431310328,0.026629631099595097,0.33956033329057295,147.20236816671806,1.1989423548937277,1.3
53013,Columbia County,Washington,0.8320896279811205,0,0.29631567424124833,0.27753924160780036,3,53013,0.035215682892234,0.0849874874593006,0.1260807347396552,0.0263866466293546,0.3563097824447346,74.36000924500931,31.16425095845341,1.45
53015,Cowlitz County,Washington,0.9980830768963479,1,0.29524489580607716,0.39308826067416275,3,53015,0.031221796512588502,0.08545915987610389,0.11519594633362762,0.030324655634377765,0.3512941010535968,143.8519527490794,2.8246320430945517,1.45
53017,Douglas County,Washington,0.70473692864261,0,0.22928943624939102,0.38352528430940025,1,53017,0.029272220978938574,0.07456313008141464,0.110253789128481,0.02569744537618325,0.3444873962596514,138.10071558029682,6.309341116564193,1.15
53019,Ferry County,Washington,0.9602742549930011,0,0.3365385576703371,0.32571954922138785,3,53019,0.041282985232019835,0.08915407405354256,0.12002631136011743,0.030670802296973165,0.35540714738500423,103.33596457327764,22.84408262259603,1.45
53021,Franklin County,Washington,0.8252239384679818,0,0.17674015443492705,0.3923798031291983,3,53021,0.027117664966599685,0.06407383393476065,0.09949526107908406,0.025726715178468376,0.32566964123496844,143.42588170072696,3.083650596157184,1.45
53023,Garfield County,Washington,0.744173231063743,0,0.27852493391997774,0.2346979840550174,3,53023,0.0316543487470026,0.0839445660441585,0.1220417844319805,0.0246531785741467,0.3669434706828837,48.59499389865245,32.21559552781109,1.45
53025,Grant County,Washington,0.9583556437006628,0,0.2683533032196929,0.39258162347041936,3,53025,0.03335086403462529,0.07940009342584449,0.12149528221343922,0.026952494717832527,0.34208477500967893,143.54725778737335,3.161930413584598,1.45
53027,Grays Harbor County,Washington,0.9858106012950939,0,0.28943007880004346,0.3904393014034696,3,53027,0.03318005382065555,0.0837683114316668,0.12080710513618999,0.028243900869017038,0.349843521682834,142.25885114189165,3.938902820846391,1.45
53029,Island County,Washington,0.9009752208628199,0,0.2298547097163341,0.3915075115683694,3,53029,0.026133866186889138,0.07532895655404405,0.1082480148403029,0.02547117422800898,0.3564215943917703,142.90127979277494,3.595920818585992,1.45
53031,Jefferson County,Washington,0.9454230654505524,0,0.27344496910114685,0.3785709381061307,3,53031,0.03375534627703904,0.08456350705637174,0.12328120624423722,0.02536657132094623,0.3481475117409004,135.12113904006256,8.048984253096364,1.45
53033,King County,Washington,0.7973620318094374,0,0.1501768744921399,0.3997279750316101,3,53033,0.020380986501110487,0.06303930573028788,0.09924149805082842,0.022425066896483936,0.3405827358162095,147.8451208325393,1.0620620028877392,1.45
53035,Kitsap County,Washington,0.8944930650708149,0,0.21948642026134305,0.39740534875301214,3,53035,0.025510821377225792,0.07234128436673298,0.10779662068183121,0.024780406005655557,0.357218225675718,146.44827804289432,1.4944666162238778,1.45
53037,Kittitas County,Washington,0.8095847866892459,0,0.17517472758328836,0.38315960806446747,3,53037,0.023488774239931676,0.06264078306509345,0.08889311087504718,0.02742112767176345,0.3386494438235593,137.88079547055486,6.819896177760516,1.45
53039,Klickitat County,Washington,0.9326552753141701,0,0.2736998823751911,0.36951065232423663,3,53039,0.033821909811276835,0.0813942460317874,0.11771810806773547,0.02665374734564553,0.35189026899430476,129.6722233091163,11.453257125420308,1.45
53041,Lewis County,Washington,0.9384365382409743,0,0.2559031336751891,0.3912944789047932,3,53041,0.031138098201680606,0.07884475368697107,0.12199295124674503,0.02650940654871308,0.33754039541977043,142.77316054138385,3.5514730473275558,1.45
53043,Lincoln County,Washington,0.7502383781041494,0,0.30627963782274475,0.34610156052868957,1,53043,0.03374671502060818,0.08719610935991334,0.12649618450092162,0.0265046467866378,0.3657080547408462,115.5938408383532,17.921259505628246,1.15
53045,Mason County,Washington,0.9860266216009627,0,0.29110042516108753,0.3889179345637143,3,53045,0.03373833484947121,0.08655816608751941,0.11980869452134087,0.027168841026764434,0.35587072827506466,141.34389107272378,4.418374732976085,1.45
53047,Okanogan County,Washington,0.9832269171808479,0,0.2945914126648843,0.3834961164253556,3,53047,0.03842042283224542,0.08553514087359101,0.11168019084638274,0.028932761384542212,0.3491093561336882,138.08317382211882,6.445499427548865,1.45
53049,Pacific County,Washington,1.0342208250906022,1,0.3416688964136843,0.3715868450281104,3,53049,0.0395415981809657,0.09527006074982786,0.13253460403213005,0.026840265465993957,0.36555137214272887,130.92085931872447,10.42027639677162,1.45
53051,Pend Oreille County,Washington,0.9286910239869941,0,0.2854048415785441,0.3550717266883484,3,53051,0.034337019205793344,0.0869480930411781,0.12708082416068184,0.026119688702362823,0.3443299556644726,120.98855803306282,15.606824356620344,1.45
53053,Pierce County,Washington,0.9100291875104258,0,0.22839453904292048,0.3992117971711663,3,53053,0.02579476826845799,0.07851972086927066,0.11213956035205991,0.025821660755187503,0.3422041397005356,147.53468805685807,1.1275202767010015,1.45
53055,San Juan County,Washington,0.7041969745674749,0,0.2481208654705137,0.3642243298055514,1,53055,0.02918704623355995,0.0785832234681025,0.1224411640717349,0.0245545715303627,0.34847166088955006,126.49299401940868,12.648034150368495,1.15
53057,Skagit County,Washington,0.9027981375893134,0,0.22867348295630063,0.39394592227770864,3,53057,0.02862641880927702,0.06990100227504842,0.11822203162014688,0.025073262915586536,0.344557564376588,144.36775610406067,2.684954002686957,1.45
53059,Skamania County,Washington,0.6934250274154273,0,0.25456860365072825,0.3484096810583391,1,53059,0.0289196038961252,0.08185867479971626,0.1130379232710691,0.026633497034021836,0.3501071859829197,116.98195977474046,17.007022482569788,1.15
53061,Snohomish County,Washington,0.8472861312565074,0,0.18512353275944785,0.3992117301760746,3,53061,0.023489893797048588,0.06491398100815406,0.09800155404495976,0.02601052643816771,0.3423658819277315,147.53464776556729,1.1715032183067082,1.45
53063,Spokane County,Washington,0.9015811278713318,0,0.22310174370665947,0.3986783444804659,3,53063,0.02600730835747367,0.06938855844476766,0.10432195180297689,0.027485989724439348,0.3491544329845328,147.21386608412496,1.1912403240164304,1.45
53065,Stevens County,Washington,0.9396322948184446,0,0.2625102349493377,0.38551203733924483,3,53065,0.03353145873014845,0.08398704410540943,0.11484231144927493,0.027654222119917273,0.33369844382358077,139.29556197901186,5.64417953575549,1.45
53067,Thurston County,Washington,0.8786797220935748,0,0.20858923197825752,0.39739678325869066,3,53067,0.02599175189934223,0.07247930290538797,0.10715417466106567,0.024533519522777724,0.3470760611897394,146.44312669801675,1.4411002965798227,1.45
53069,Wahkiakum County,Washington,0.9288657449741311,0,0.3516398347155977,0.2889572307838031,3,53069,0.0375699606987117,0.0950516659013538,0.1365367655669468,0.0266103090100154,0.3767937243773666,81.22686337462478,29.18426376801985,1.45
53071,Walla Walla County,Washington,0.8527090644206972,0,0.20003185368216678,0.38804336315969334,3,53071,0.02706463497744131,0.06999576372967226,0.10102070491510778,0.02566627406663484,0.34000723697361895,140.817918052013,4.861371984711623,1.45
53073,Whatcom County,Washington,0.875956749360031,0,0.2073487163776801,0.3967593866292379,3,53073,0.025311824155584927,0.06930850907336432,0.10387318836442895,0.026394969212119444,0.3430982555472529,146.0597921537557,1.6134371142358332,1.45
53075,Whitman County,Washington,0.7981270353475626,0,0.16583064112447218,0.3846017970462607,3,53075,0.01958365418276599,0.0596790559899254,0.08873912143495356,0.027787858607341242,0.3399630160609179,138.74813745281267,6.260639918029812,1.45
53077,Yakima County,Washington,0.9144505982002572,0,0.23338999206719424,0.3972655928985004,3,53077,0.03325143596915849,0.07525024000136514,0.1056409436341058,0.027349715263763646,0.3328920766455962,146.36422794861772,1.5649507397945803,1.45
54001,Barbour County,West Virginia,1.081033020892337,1,0.3913525873207975,0.3541874270877109,3,54001,0.043711365671169025,0.09815191407138078,0.12267416279198509,0.0283420287603344,0.40834675114757635,120.45673441063224,15.221937635624917,1.45
54003,Berkeley County,West Virginia,1.0617253795950357,1,0.3385233636010478,0.39370103611966645,3,54003,0.0370708004178536,0.08826825483005513,0.1158710790239537,0.02721712213381563,0.4017722156678391,144.22047995064025,2.724275541345978,1.45
54005,Boone County,West Virginia,1.132250028201367,1,0.415418379123329,0.3654437092914069,3,54005,0.04491293487834065,0.10617576226405832,0.12673251656942527,0.0296452369539926,0.40304221799695755,127.22633689869718,12.355029031265984,1.45
54007,Braxton County,West Virginia,1.1010129865632547,1,0.41476770463587975,0.344551596442227,3,54007,0.0472892401566838,0.10486762995344817,0.12829318455876734,0.0287746810923174,0.40268942984772427,114.66168219607223,17.69250957887413,1.45
54009,Brooke County,West Virginia,1.088866523213545,1,0.38405432595100136,0.3668881038514435,3,54009,0.0420982127631552,0.10221910884863138,0.12282542630449142,0.02651609161730968,0.41205463293402883,128.09500533028293,11.79651132543407,1.45
54011,Cabell County,West Virginia,1.1077582205364394,1,0.3723792046101087,0.39159198196674616,3,54011,0.04132345985945547,0.09691968945281812,0.11114439733859549,0.030019648149289,0.40098734666906144,142.95208084845845,3.443554894331628,1.45
54013,Calhoun County,West Virginia,1.0387055141265888,1,0.4119602610564467,0.3043883693756836,3,54013,0.047076952458425,0.1058018076870888,0.12612387816598086,0.02843811451939585,0.404770441718103,90.50725207800758,25.671240242308528,1.45
54015,Clay County,West Virginia,1.0911389511982355,1,0.4312636495305219,0.32124597198550264,3,54015,0.046787735301859965,0.10607501571562007,0.13294259173017575,0.02998364852700493,0.40329900742998526,100.64552566649051,23.603817819683908,1.45
54017,Doddridge County,West Virginia,1.02705521975825,1,0.3900601620688287,0.3182537825920334,3,54017,0.0408317753531295,0.10132163403163735,0.13005643365483832,0.0273985842681466,0.4048529699847335,98.84600319572834,24.965990259199906,1.45
54019,Fayette County,West Virginia,1.1639408455332205,1,0.4225224042894917,0.3801954202161777,3,54019,0.04840668492565971,0.1054252891594635,0.1254970222870871,0.028955517452983224,0.4104535413616538,136.0981133140711,7.637901645989861,1.45
54021,Gilmer County,West Virginia,0.9370699075383098,0,0.3281493548749692,0.318105753772141,3,54021,0.034985263159083554,0.09150140216424825,0.1112221095836824,0.0268296942567529,0.40116686753374864,98.756977685412,23.76986570930732,1.45
54023,Grant County,West Virginia,1.093322115491429,1,0.41477109815943575,0.3392441539036188,3,54023,0.043861943088830464,0.10426904998460669,0.13478994163941166,0.028123296265023096,0.4066568787992631,111.469751186842,19.74287630499141,1.45
54025,Greenbrier County,West Virginia,1.1592507272183077,1,0.42367340730438896,0.375809852846168,3,54025,0.045423013508015905,0.11114130653370281,0.1320068777646526,0.027802279948510814,0.40901363709183364,133.46060412210667,8.987434547450665,1.45
54027,Hampshire County,West Virginia,1.0859457227166276,1,0.38003214179942624,0.36889594283273075,3,54027,0.041914271965867764,0.09640124118617643,0.12575462819050431,0.0282281682705452,0.39922939520481193,129.30253295951147,11.570896215785094,1.45
54029,Hancock County,West Virginia,1.1143938778465856,1,0.3954060718132553,0.3731414301499072,3,54029,0.04354117475606159,0.09988622534151687,0.12876605688411874,0.027790166156706764,0.4051766505783261,131.8557970821868,9.942983996035858,1.45
54031,Hardy County,West Virginia,1.0699898106427006,1,0.3865307412498439,0.3513932660899497,3,54031,0.042061015441621996,0.09701048371874427,0.1278989671946257,0.027870747609073362,0.4042765001529897,118.77630752543139,15.915439357168216,1.45
54033,Harrison County,West Virginia,1.1191814912538767,1,0.38451487903574594,0.38733442527727235,3,54033,0.04259848209422339,0.09557299210374937,0.1229984342992443,0.027956510086904068,0.4099688217259565,140.39155812554057,4.965958450760311,1.45
54035,Jackson County,West Virginia,1.1063524809535488,1,0.3902484676590485,0.3727532433433989,3,54035,0.04031176739183362,0.10202333836419217,0.1313421688036441,0.027064477412045734,0.4057986889240877,131.622338971985,10.255935875839825,1.45
54037,Jefferson County,West Virginia,0.8137464422669849,0,0.3210884047642403,0.386517197207051,1,54037,0.03334081718038698,0.0855664543046374,0.11687879346239381,0.02695835330930749,0.3965542008988942,139.9000717646469,5.4024934957318695,1.15
54039,Kanawha County,West Virginia,1.2014585242188902,1,0.4331828271559977,0.3954092585122025,3,54039,0.0437253549283731,0.11187871134203306,0.13614721925831766,0.027171626229132988,0.4205089147207981,145.2478161838135,2.178552543659943,1.45
54041,Lewis County,West Virginia,1.1175893741631984,1,0.41351630146169055,0.35723499106465323,3,54041,0.04443895593172424,0.10494874195901568,0.13183372977655566,0.0280788449948938,0.4078768147264213,122.28955952175744,14.597809671428712,1.45
54043,Lincoln County,West Virginia,1.1568540871094437,1,0.4346068289045279,0.3632235759985367,3,54043,0.047684029226646094,0.1053521187486902,0.13063382051467343,0.030494022349037482,0.4055128463310818,125.89113406784467,12.536996901518602,1.45
54045,Logan County,West Virginia,1.1904014323259282,1,0.4459968317026035,0.3749696733497607,3,54045,0.048609954158867534,0.11414666641076149,0.13426048464124327,0.029477485462060846,0.40446649295329906,132.95531462186366,9.518636944766731,1.45
54047,McDowell County,West Virginia,1.2818268181891792,1,0.5255040314674557,0.35851446383542657,3,54047,0.06077285986412748,0.11845094519349747,0.1419581424329679,0.034037900955348616,0.4069655010082197,123.0590428996346,14.318707946142402,1.45
54049,Marion County,West Virginia,1.0980046738193312,1,0.3716186648083384,0.38562593782568316,3,54049,0.03909703953537612,0.09751929848691418,0.12211322355863832,0.028214117791527306,0.40121291706166284,139.3640624841015,5.7007549891782565,1.45
54051,Marshall County,West Virginia,1.1192925705486572,1,0.3969558893576575,0.3749700213655544,3,54051,0.041599207750077735,0.10228710492443559,0.13203375826262514,0.02720546870140009,0.4073074518748731,132.9555239208613,9.322146301867123,1.45
54053,Mason County,West Virginia,0.8949861558084826,0,0.40730428372794747,0.37094454740986366,1,54053,0.041849279356200385,0.10594778551764485,0.13147799148114933,0.02811926793242485,0.4062809422380703,130.53457728742166,10.50317344291452,1.15
54055,Mercer County,West Virginia,1.218612851524488,1,0.45383482921344126,0.38658782701034355,3,54055,0.046382937775501454,0.10684492198684874,0.13870942813097495,0.030160938791268674,0.4169002225003771,139.94254899500132,5.210074212848712,1.45
54057,Mineral County,West Virginia,1.0862368411180239,1,0.37722543702106826,0.3719034189223965,3,54057,0.04045848437248479,0.1005933991705785,0.12422018215064927,0.026689598107469528,0.40763181314721225,131.11124895036605,10.361647920608856,1.45
54059,Mingo County,West Virginia,1.1836139562018113,1,0.44819876941317455,0.3680867176225573,3,54059,0.048094653209094354,0.11169333365796394,0.1343140300810052,0.030790355156087416,0.4016517997228958,128.81585957152583,11.873685016593809,1.45
54061,Monongalia County,West Virginia,0.9294696151508696,0,0.24849925018430793,0.3925142775059469,3,54061,0.026516887228686597,0.07475114995265109,0.09437907956997364,0.02646001848100713,0.3904950471784762,143.50675547938184,3.156825957341302,1.45
54063,Monroe County,West Virginia,1.1341494748190604,1,0.43749067535302183,0.3446813762463301,3,54063,0.04577218599522997,0.1083369920693814,0.1370578188635316,0.0286166969490609,0.41300302787638205,114.7397326277209,18.28920579626456,1.45
54065,Morgan County,West Virginia,1.109022326461226,1,0.4066327222495024,0.3582102615168605,3,54065,0.043861901444813126,0.10205018642545775,0.13468845491473627,0.027043704284658403,0.4095937964811261,122.87609361537056,14.510947968246436,1.45
54067,Nicholas County,West Virginia,1.1297107037837275,1,0.40943157041264727,0.36967925978302696,3,54067,0.04460278915762381,0.10720358903667887,0.13271725311496055,0.027750194983939245,0.40088512927166303,129.77362494882985,10.790313547705892,1.45
54069,Ohio County,West Virginia,0.8951389346587357,0,0.3969165225404837,0.38146515977146045,1,54069,0.04229649962821427,0.10207924629989316,0.12848984726310556,0.027554620177514637,0.40878188484840905,136.86174307184444,6.89876740427737,1.15
54071,Pendleton County,West Virginia,1.0513413234955438,1,0.41882845100754174,0.3062345307135229,3,54071,0.04683557061127583,0.10673110886491033,0.13532057299390746,0.027194561254044267,0.40636373150761873,91.61754570425504,25.66736552867348,1.45
54073,Pleasants County,West Virginia,0.988639946437586,0,0.3631903794610482,0.31863027325452836,3,54073,0.0390808964682015,0.09947792107404055,0.12330772367787415,0.02617931863444245,0.40291609575622434,99.07242716764355,24.091022661029072,1.45
54075,Pocahontas County,West Virginia,0.862771846551014,0,0.4304083363629809,0.3198280519422488,1,54075,0.04684435002767162,0.10967251777639958,0.13589712424343636,0.027718150489974523,0.40949284354086984,99.7927791842162,23.32048299906178,1.15
54077,Preston County,West Virginia,0.8677504177515619,0,0.3779877871173746,0.3765777935361576,1,54077,0.039489919405712164,0.09835429020266978,0.1214489120522711,0.027419427734918414,0.4129080526981644,133.92244872688502,8.891789436385755,1.15
54079,Putnam County,West Virginia,1.0936296337610008,1,0.3680427085553012,0.38618462507297524,3,54079,0.03668195167830319,0.09271590959745014,0.1260977380344821,0.02668848559829175,0.4156953757856387,139.7000606858947,5.387236990542325,1.45
54081,Raleigh County,West Virginia,1.1729829875083864,1,0.4199029763872801,0.38905080810126225,3,54081,0.04434736687300927,0.11069152467176135,0.13544087916381603,0.02842454545255574,0.39815372226754625,141.42380209610653,4.498056969822869,1.45
54083,Randolph County,West Virginia,1.1235089380653873,1,0.4020186135532508,0.3728151368366715,3,54083,0.042416728586302986,0.10308918143628742,0.13115354491857312,0.028054720893782928,0.40448390607198975,131.65956212777226,10.369210602514077,1.45
54085,Ritchie County,West Virginia,1.0730697573962298,1,0.4171880727973405,0.3228600357517834,3,54085,0.045087629003118766,0.10704029021889983,0.13407917140984063,0.02805894895978133,0.40376978695164023,101.61623427972356,23.169297777429456,1.45
54087,Roane County,West Virginia,1.1100913801586298,1,0.4152130222127011,0.3503672399656642,3,54087,0.04542770316079875,0.10452202529602593,0.1314443278108476,0.028763020588274926,0.40334284528443326,118.15924863528542,16.177337912580427,1.45
54089,Summers County,West Virginia,1.1238775140523305,1,0.43241884259954394,0.34266909812620117,3,54089,0.0463051568484033,0.1093325937972473,0.13393729008237634,0.029026742255473477,0.40658751097341533,113.5295352710634,18.65988644220788,1.45
54091,Taylor County,West Virginia,1.0996439991721119,1,0.40020416399107367,0.35817100785176204,3,54091,0.042285158189915975,0.10167042002671968,0.13635397634969249,0.027202381444265924,0.40329044169906847,122.85248620182963,14.473798443535324,1.45
54093,Tucker County,West Virginia,1.0390044655230966,1,0.4067867945751328,0.30976800923389936,3,54093,0.0428795749153148,0.10556294151378537,0.1341634869497735,0.0265224758465369,0.41171722635451385,93.74260303226076,25.222078119369087,1.45
54095,Tyler County,West Virginia,1.0696531619652214,1,0.41547004269165894,0.32222179314642485,3,54095,0.04495405405870597,0.10636974791950327,0.13395866784199828,0.027412016392225732,0.4083487685012587,101.23239095996338,23.086862853677346,1.45
54097,Upshur County,West Virginia,1.0822490587142284,1,0.37858982970223204,0.36778883147999447,3,54097,0.04169982019547844,0.09443522976225614,0.12378323031723358,0.02836279432608105,0.4031822636518005,128.6367088772414,12.02670549814274,1.45
54099,Wayne County,West Virginia,1.1376360824700082,1,0.4047890932392029,0.37978751536080274,3,54099,0.04529127197579193,0.10072090119446692,0.12930796475345394,0.028739877674042055,0.40167529864452595,135.85279663900292,7.729265973892148,1.45
54101,Webster County,West Virginia,1.1147442186096497,1,0.4460644696058421,0.322724646676675,3,54101,0.04955892235740413,0.11132399812316009,0.13446924570182126,0.029456866496712,0.4062477044469161,101.53481039543168,24.08389141427508,1.45
54103,Wetzel County,West Virginia,1.1054480426244826,1,0.41091665628123725,0.3514613041494405,3,54103,0.04551449840594964,0.10383969781436798,0.12958584616655539,0.02774638343343856,0.4101760190990593,118.81722606393969,16.135792908176942,1.45
54105,Wirt County,West Virginia,1.042968990305906,1,0.427010566244783,0.2922783925868764,3,54105,0.04676408295692415,0.10606718946913316,0.13136899749801956,0.0294940629774669,0.40500050519667524,83.22423202605827,27.576265269782187,1.45
54107,Wood County,West Virginia,1.1373523112710036,1,0.393763336249228,0.3906175680756021,3,54107,0.041919723551271874,0.10207796896300549,0.12547879863212621,0.028417094767308405,0.40449255900527675,142.36606189632803,3.879123574645149,1.45
54109,Wyoming County,West Virginia,1.1360090145656272,1,0.41919436783772346,0.36426012496615745,3,54109,0.04512887375891755,0.10597574637862274,0.13097800339402899,0.029657505799402732,0.4001120604806381,126.51452146549738,12.32486111235405,1.45
55001,Adams County,Wisconsin,1.0037197588660178,1,0.3265919392066269,0.3656285841492475,3,55001,0.03732842140242961,0.09297468681108091,0.13294575775945322,0.0234658185210868,0.3831631894059633,127.33752185967899,12.227046201744832,1.45
55003,Ashland County,Wisconsin,0.921988201689711,0,0.28065225574736935,0.3552016764524313,3,55003,0.033448817935159456,0.08178691025773369,0.11715917904061678,0.026041386965130427,0.3651710235120921,121.06671067976616,15.554407865423693,1.45
55005,Barron County,Wisconsin,0.933101618452074,0,0.2606134669151742,0.38290489063798033,3,55005,0.03026023085169045,0.08077820651515358,0.11866084141045484,0.02357091871243038,0.3693661561738005,137.727606727336,6.523907136446562,1.45
55007,Bayfield County,Wisconsin,0.9573410240751834,0,0.3038757309806676,0.3563594580367003,3,55007,0.033529829263241384,0.09024831370316809,0.12259308242811644,0.02379033046879068,0.38586075266303743,121.76300817406053,14.736812189130305,1.45
55009,Brown County,Wisconsin,0.8818450804437404,0,0.2111092122187976,0.39705980877688546,3,55009,0.025153618917164996,0.06438826714640485,0.10693465786595567,0.023643888719650424,0.3708774287631184,146.24046801825358,1.6575713723514245,1.45
55011,Buffalo County,Wisconsin,0.8937076045419341,0,0.26761960805653945,0.3487304640413462,3,55011,0.029847181736451976,0.08176960384506658,0.12097876338775163,0.02312975478291284,0.37611068220676525,117.17488078014853,16.798187576199798,1.45
55013,Burnett County,Wisconsin,0.9699472980674134,0,0.31002435294379066,0.3589048181371841,3,55013,0.035739004836670085,0.08865150019436485,0.1282414609705933,0.023667777223215867,0.3815321759142606,123.29380455579998,14.027322732318789,1.45
55015,Calumet County,Wisconsin,0.5891581604189259,0,0.20468226220943847,0.3844758982094874,0,55015,0.023571570543545674,0.06969917519974475,0.10736177215684962,0.02240268112151551,0.36872962925881153,138.67242106055798,6.1072067197614,1.0
55017,Chippewa County,Wisconsin,0.8926420867653078,0,0.22754163129154142,0.3880736009603949,3,55017,0.027112352374006138,0.07381743583565027,0.11172958737609591,0.023127547049903864,0.3661542797847542,140.8361032651374,4.718382166500698,1.45
55019,Clark County,Wisconsin,0.7414827406327996,0,0.26755601178210886,0.37721158876815175,1,55019,0.03205062438613654,0.07978565412530383,0.11847452993863543,0.024613213574703988,0.3663001158061455,134.3036173669199,8.58231445663796,1.15
55021,Columbia County,Wisconsin,0.7058730594992023,0,0.2270897881112513,0.38671287232283774,1,55021,0.026071009611421666,0.07402674315024438,0.11519611506807453,0.02301543177542905,0.36330796957045564,140.01775207211531,5.263424800669068,1.15
55023,Crawford County,Wisconsin,0.9320994778189705,0,0.2873754663948282,0.35545175968722054,3,55023,0.03174221044624835,0.08392974486772324,0.12506998150832763,0.02396476132546455,0.37670084346703203,121.21711238947961,15.203415658947067,1.45
55025,Dane County,Wisconsin,0.8195861177383802,0,0.16662827624587462,0.3986035290909393,3,55025,0.020428205600453754,0.061694510505369324,0.10155184487350527,0.022997027222819297,0.3520915235326062,147.16887161455503,1.23179116805177,1.45
55027,Dodge County,Wisconsin,0.7220821692741133,0,0.23722147797341755,0.3906760605258115,1,55027,0.02771431906625973,0.07420935456809405,0.11539965089421526,0.02323181908887232,0.36792795023569286,142.40123964234624,3.8389299817083615,1.15
55029,Door County,Wisconsin,0.6503477927144234,0,0.27640732465344037,0.3739404680609831,0,55029,0.029825546796795308,0.08139483830698599,0.12707532825298598,0.022173347874001433,0.38382904805371615,132.3363437611872,9.929430388870443,1.0
55031,Douglas County,Wisconsin,0.6192223748252828,0,0.23667475753114198,0.3825476172941408,0,55031,0.027114544060873033,0.07211533127783884,0.11100406783920277,0.024509390752389934,0.3690812189432458,137.51274017782987,6.606048051191308,1.0
55033,Dunn County,Wisconsin,0.5864551759102895,0,0.20378262650195936,0.3826725494083302,0,55033,0.024241536619122376,0.06659547771001666,0.10568053170731906,0.023882567789244025,0.36213741809446776,137.58787517673548,6.669313478552516,1.0
55035,Eau Claire County,Wisconsin,0.5868223012001906,0,0.19433714814378233,0.3924851530564083,0,55035,0.022744267364915634,0.06478075095899424,0.10047880478113576,0.02402365442915052,0.3654261017457656,143.48923984300276,3.2253451836901403,1.0
55037,Florence County,Wisconsin,0.8323745311153329,0,0.29222178069157934,0.2818296200776158,3,55037,0.032670718561336104,0.0848474115599453,0.1273482808941468,0.02307907508733595,0.38143047345622794,76.94027120347961,29.37086652630857,1.45
55039,Fond du Lac County,Wisconsin,0.6258888898415375,0,0.23399403405162328,0.3918948557899142,0,55039,0.02588810029269086,0.07435490418458657,0.11493616590297064,0.02325008118729372,0.3692739275294916,143.13423116681264,3.507511068401952,1.0
55041,Forest County,Wisconsin,0.9223379638981245,0,0.3031664303323075,0.3329287171836405,3,55041,0.03603693144079498,0.08850484589610212,0.1222684510794793,0.024791410395334276,0.3745168584008586,107.67160581707294,20.19221084326604,1.45
55043,Grant County,Wisconsin,0.917978958194258,0,0.24829375486530444,0.38479518182039074,3,55043,0.027647765529593457,0.07639149673084714,0.11354572229024959,0.0238026572562877,0.37526785851111155,138.86444033367638,6.041285613211234,1.45
55045,Green County,Wisconsin,0.6033135757161338,0,0.22480306058437075,0.37851051513176304,0,55045,0.026551158832080562,0.07575918079090188,0.11238738986559113,0.022837760120484836,0.36288098509656525,135.08480026406056,7.947222096882465,1.0
55047,Green Lake County,Wisconsin,0.6504001118460436,0,0.28698177877617537,0.3634183330698683,0,55047,0.03301567381315297,0.08457482797047,0.12106110291422748,0.023754681164853284,0.380110669146156,126.00826225731218,12.678368686614672,1.0
55049,Iowa County,Wisconsin,0.704378383528193,0,0.2434521289349488,0.36905081326348,1,55049,0.026631571550279082,0.07413920924129515,0.11424588073883538,0.02337186398977413,0.3780616044641134,129.39567305979995,10.94717844220484,1.15
55051,Iron County,Wisconsin,0.9272847081513327,0,0.3320080376475846,0.30749865762919654,3,55051,0.03656321347984437,0.0926005493773842,0.1325239659242076,0.02357163081778623,0.3912201256929483,92.3777999834845,25.16289547909099,1.45
55053,Jackson County,Wisconsin,0.9232230451800146,0,0.27243068103318063,0.36427486736682946,3,55053,0.03213651185908332,0.08278525697788199,0.11791609314305389,0.02427673420552318,0.3702923581673916,126.5233876426652,12.858981146092423,1.45
55055,Jefferson County,Wisconsin,0.6872011087307891,0,0.2068306959750068,0.39073548553002724,1,55055,0.02503796043961386,0.06933873778665149,0.10954672925437536,0.02306304500942163,0.3595729187577172,142.43697823250525,3.819107590215075,1.15
55057,Juneau County,Wisconsin,0.9464155460366395,0,0.28012047731437867,0.37257989926261414,3,55057,0.03357437480102754,0.08511140985190378,0.1199780551214036,0.024045176708036013,0.3701161182479976,131.51808869650895,10.232534337957295,1.45
55059,Kenosha County,Wisconsin,0.8861849449320724,0,0.21592498477525945,0.3952370462123767,3,55059,0.02671278701086991,0.06729356288748571,0.10208857780706321,0.024337939931983344,0.370266693455472,145.1442465688839,2.144061204677437,1.45
55061,Kewaunee County,Wisconsin,0.6152912455593849,0,0.25135401659621576,0.36393722896316905,0,55061,0.02803068502477685,0.07811477010992997,0.11887152341324013,0.022887563921006,0.3736685707591651,126.32032967591176,12.75517823313919,1.0
55063,La Crosse County,Wisconsin,0.6831407176677654,0,0.20054069423032367,0.3934947124372985,1,55063,0.024026505590384644,0.06577833063933416,0.10112406015800358,0.023671489385652954,0.369138473210599,144.0963955248743,2.7945648461104264,1.15
55065,Lafayette County,Wisconsin,0.8999550242011166,0,0.26178047305540497,0.35887816432467545,3,55065,0.02973806824499464,0.07920447766609458,0.11929685830714508,0.02367125146059888,0.37245176620528314,123.27777477685434,13.928981027447543,1.45
55067,Langlade County,Wisconsin,0.9428893439232567,0,0.2878052086739105,0.36246330437661145,3,55067,0.033141162249692935,0.08816773773096823,0.12296683043973983,0.023671283556214548,0.3730169669885634,125.43390169127007,13.589236309500375,1.45
55069,Lincoln County,Wisconsin,0.6409853414608213,0,0.26710903115532436,0.3738763103054969,0,55069,0.02969735225224375,0.0829180386743894,0.11986407204807267,0.02322311751453647,0.3752642139418096,132.29775886314462,9.584686238572946,1.0
55071,Manitowoc County,Wisconsin,0.6584108031673945,0,0.26784846802669743,0.3905623351406971,0,55071,0.029130790775619662,0.0815562280330361,0.12247776548593624,0.023565058609271772,0.37275574201822814,142.33284444434972,3.9776078593869073,1.0
55073,Marathon County,Wisconsin,0.9044821411787345,0,0.22954138712382294,0.3942393998959939,3,55073,0.028662900508145937,0.07218194577158442,0.11298429548076934,0.022961479126979947,0.3662525107874563,144.5442554827172,2.444713353836098,1.45
55075,Marinette County,Wisconsin,0.6720288129634737,0,0.29119770725872945,0.3808311057047442,0,55075,0.03209247619316256,0.08608234984143842,0.12778329595277227,0.023747700280492084,0.374151582648144,136.4804187668976,7.399764961797639,1.0
55077,Marquette County,Wisconsin,0.9374242365055016,0,0.2901152394225624,0.35638423402950764,3,55077,0.03310164433948796,0.08701651150131645,0.12612443712566493,0.0235271244024734,0.37343741328222085,121.77790861983095,15.107537294351129,1.45
55078,Menominee County,Wisconsin,0.9373429730835192,0,0.36747634149155173,0.2789670882212201,3,55078,0.0475898887760576,0.0880231963873056,0.10291279968430694,0.0321883485814179,0.39015611337787837,75.21872563216668,30.205541050970428,1.45
55079,Milwaukee County,Wisconsin,0.9565587667397514,0,0.2606116710841028,0.3990840301157257,3,55079,0.0320110939466014,0.07712588040941838,0.10587298908336865,0.025829333357550107,0.3734076015004514,147.4578481055534,1.11042685010667,1.45
55081,Monroe County,Wisconsin,0.8969205324989795,0,0.2352957099841955,0.3832701744978594,3,55081,0.02825933079876558,0.07429419133730311,0.11089899110414944,0.02410288442488991,0.3648570512733169,137.94729085411416,6.419708434920056,1.45
55083,Oconto County,Wisconsin,0.9142360843679723,0,0.2504746173286856,0.38003302706301945,3,55083,0.030771092890746733,0.0793756155997732,0.11680184380537702,0.02301562721181932,0.36648922483760793,136.0004489988229,7.793730520971049,1.45
55085,Oneida County,Wisconsin,0.9496856457973353,0,0.27504078469624116,0.3799148330950246,3,55085,0.03133096188420861,0.08358501693988894,0.12078493863494312,0.022814070432717076,0.3804627913660008,135.9293663655579,7.597253562724594,1.45
55087,Outagamie County,Wisconsin,0.6875727105418352,0,0.20215632851997145,0.3957329849946679,1,55087,0.024089370834743093,0.06640050730649978,0.10497892805558542,0.02309561492898271,0.3681282728582852,145.44250742924362,2.000933540796128,1.15
55089,Ozaukee County,Wisconsin,0.612607818967651,0,0.22077670536731883,0.39183111360033224,0,55089,0.023464496159704595,0.07064828961364876,0.11738394332462607,0.0218167016792897,0.37354955535213374,143.09589619285055,3.388789604912495,1.0
55091,Pepin County,Wisconsin,0.6613919271563544,0,0.2578271595459681,0.31729625537260103,1,55091,0.0296439589450301,0.08062367987230509,0.12079732169609075,0.0230063437797856,0.3690494318190167,98.27013999953635,24.4359692983736,1.15
55093,Pierce County,Wisconsin,0.5613408883467337,0,0.18045359271491912,0.38088729563181456,0,55093,0.022123911933777024,0.0642476791677294,0.09822771675973711,0.023566144809215237,0.359870565253529,136.51421176028705,7.265180908720467,1.0
55095,Polk County,Wisconsin,0.9367011816052508,0,0.26320860026298176,0.38279221463719126,3,55095,0.02913150205726735,0.08102563010419299,0.12366862078731708,0.02341447186849214,0.367856592265255,137.65984263600606,6.727434657018085,1.45
55097,Portage County,Wisconsin,0.6718388791159425,0,0.19571223854930675,0.3884954824210781,1,55097,0.02376322184426975,0.06587658169478154,0.10616165344675152,0.023360100729755712,0.35894389073027594,141.08982556298207,4.585827531015872,1.15
55099,Price County,Wisconsin,0.9699173276660068,0,0.3169268551715921,0.35198164666703335,3,55099,0.03467111277392153,0.09067496730344381,0.1332113489969522,0.023434231699393883,0.3824963139193866,119.13016349194643,15.844238408586357,1.45
55101,Racine County,Wisconsin,0.7645463656862539,0,0.2688616276451419,0.3959612990385572,1,55101,0.03042782117957269,0.0783118093245722,0.11708560222005392,0.024487446101365523,0.37694028719226563,145.57981700371977,1.9068198217871406,1.15
55103,Richland County,Wisconsin,0.719377321571404,0,0.26607277940565754,0.35947271761295463,1,55103,0.03156495838883852,0.08240755147172242,0.11752797203048462,0.02367637218834892,0.3706032053608175,123.63534305266576,13.73949235457728,1.15
55105,Rock County,Wisconsin,0.9027410431123223,0,0.22770448386349318,0.3948755458691428,3,55105,0.028794657302676722,0.07345316722003715,0.10785364219985534,0.024800971385610653,0.3561565949221944,144.92683787401398,2.238777935276297,1.45
55107,Rusk County,Wisconsin,0.9599235632239845,0,0.3121128063357528,0.3499034441635469,3,55107,0.03567960719469042,0.0893390817317015,0.12594014219120683,0.024292680538771,0.38175100391947536,117.88031877557236,16.649114977677215,1.45
55109,St. Croix County,Wisconsin,0.6497007941111119,0,0.17361995423408935,0.39133725803644287,1,55109,0.02157991845406523,0.062196164429793185,0.10245234635050679,0.021991034914927838,0.36226083005087983,142.7988881938016,3.571486897333384,1.15
55111,Sauk County,Wisconsin,0.9064560810587179,0,0.2372278184229148,0.3879143064451665,3,55111,0.027212741668857884,0.07651657118625949,0.11529220162842753,0.023140541022317492,0.36659558633394534,140.74030249121307,4.914212444290335,1.45
55113,Sawyer County,Wisconsin,1.0022818329515382,1,0.3299240956711302,0.36130475464027556,3,55113,0.03904788392516263,0.08912906845984064,0.1290637499546062,0.02463386187199752,0.38546442370360257,124.73714222524748,13.181515975369887,1.45
55115,Shawano County,Wisconsin,0.9523649367042762,0,0.27584443417498544,0.38095897044865346,3,55115,0.03258379468319609,0.08280812146807634,0.11816992924495641,0.024160324960609367,0.3733111929880861,136.55731746869273,7.215621768399541,1.45
55117,Sheboygan County,Wisconsin,0.8870622281883492,0,0.2184815353059137,0.39328551861708577,3,55117,0.026213331323179375,0.07276202792675562,0.11054003286911604,0.02230604995786734,0.3683060798890619,143.97058497924542,2.905636706638768,1.45
55119,Taylor County,Wisconsin,0.731194748616748,0,0.27234896204010667,0.36347255849619603,1,55119,0.030047270844821648,0.08008358997752382,0.1212047337342777,0.02387083468496335,0.37719955257086174,126.04087378697552,13.187440205046716,1.15
55121,Trempealeau County,Wisconsin,0.6192161391413696,0,0.24369491328530302,0.3755212258560666,0,55121,0.028235348886756988,0.07744173429175068,0.11685377506883082,0.02276903043395795,0.3700382433691181,133.2870219432882,9.005835111852297,1.0
55123,Vernon County,Wisconsin,0.9411105259733962,0,0.27337724091726806,0.3756645011333499,3,55123,0.031853908396265514,0.08295158528203489,0.12256249224490098,0.02422276484334113,0.36487750519197226,133.37318864167256,8.9777251430335,1.45
55125,Vilas County,Wisconsin,1.0196058476975223,1,0.33460586101408635,0.36857058567386003,3,55125,0.03621320921978982,0.09377130163010325,0.13260271007086236,0.0239117082728005,0.39040801776893713,129.10686101451722,11.774174721826466,1.45
55127,Walworth County,Wisconsin,0.8727326641123189,0,0.20974516578288246,0.39213943015664776,3,55127,0.02532131141005967,0.07005808359321049,0.10401302395741172,0.023772534262183113,0.3642165439644442,143.28131980688005,3.3639760611408,1.45
55129,Washburn County,Wisconsin,0.9452483738957724,0,0.2956964578195445,0.35619897245340204,3,55129,0.03326029831448328,0.08543599465712623,0.12532142761038256,0.023896776544634762,0.3798121670660229,121.66649108392949,15.57173957498348,1.45
55131,Washington County,Wisconsin,0.6054261346979138,0,0.21126117669949304,0.3941649579984208,0,55131,0.023856903673244806,0.0697633771799463,0.10846435086087364,0.0223934164728013,0.3733219512782248,144.49948563367576,2.625850675264231,1.0
55133,Waukesha County,Wisconsin,0.6096984455298035,0,0.21166714547500626,0.3980313000547972,0,55133,0.0232620134200586,0.0669850195829452,0.1110440811372095,0.02100064373995742,0.38584443840360677,146.82472929147622,1.362317750874718,1.0
55135,Waupaca County,Wisconsin,0.937999776587465,0,0.26208153407892754,0.38481486356760014,3,55135,0.03087274983179618,0.08173592606728107,0.11844223866145015,0.022723718296012357,0.3748073158960241,138.87627706648632,5.760600733725517,1.45
55137,Waushara County,Wisconsin,0.9672309621449537,0,0.2968943187626666,0.37016151719937046,3,55137,0.03334836609952043,0.08883734551262532,0.1250819991225272,0.023204879557105103,0.3814712379558031,130.06365774531525,11.02509896226965,1.45
55139,Winnebago County,Wisconsin,0.7039862031344091,0,0.21695998888458212,0.3952019268844693,1,55139,0.025430614187006977,0.06910728560168619,0.11260684875068525,0.023466497755018256,0.3619412131021082,145.1231255730454,2.2512222493182152,1.15
55141,Wood County,Wisconsin,0.9460047339647278,0,0.262904139349158,0.3895129185575509,3,55141,0.02935304369021146,0.08005005368226427,0.11751044941363023,0.023151780052667017,0.380075053964285,141.70171837770306,4.101441306109133,1.45
56001,Albany County,Wyoming,0.6900304488356833,0,0.09372435575599132,0.3821587124065489,3,56001,0.01775555088079481,0.05320274973840635,0.07706186991236472,0.02441898605178778,0.3207349922227987,137.27885020892006,6.774308120201769,1.45
56003,Big Horn County,Wyoming,0.8349850663997246,0,0.22814991209439725,0.34770185783644725,3,56003,0.030327359057575734,0.08441862928268917,0.10942487341018341,0.023494941823011133,0.34413866584241926,116.55627021247486,17.51210254014998,1.45
56005,Campbell County,Wyoming,0.5734683636298323,0,0.11426058563892888,0.38440755664788184,1,56005,0.020601834209784287,0.06003370483935484,0.08606440735411061,0.023962909703776927,0.31505013592894837,138.6313199938726,6.234906317470688,1.15
56007,Carbon County,Wyoming,0.6040844580306712,0,0.16913807359087651,0.3561527594792724,1,56007,0.02943859464904954,0.07797473907947138,0.10407065090313697,0.0231326371564601,0.303864370803451,121.63869829595671,14.629324529784876,1.15
56009,Converse County,Wyoming,0.7965818050761873,0,0.19508396866295394,0.3542827934585545,3,56009,0.025473600206297076,0.0735927414067602,0.10697293868921487,0.02380828435198225,0.33803113935958934,120.51408837614748,15.35961865735206,1.45
56011,Crook County,Wyoming,0.7582237530363762,0,0.2018200034404545,0.3210929296880809,3,56011,0.027248424165887603,0.0777700467858513,0.1086268256804877,0.02290045966390865,0.3390505171295688,100.55348501766372,24.358080431799827,1.45
56013,Fremont County,Wyoming,0.8359335088812453,0,0.19445948512580374,0.38204638306815863,3,56013,0.02874576495583451,0.06779044941256396,0.10038743304404057,0.02548990922052333,0.33557003501762317,137.21129460264717,6.704642309481939,1.45
56015,Goshen County,Wyoming,0.8212413837569865,0,0.2161802244063554,0.3501931437019112,3,56015,0.028740449124385274,0.08219606191118507,0.11196179604481582,0.023323295012279074,0.335806097410946,118.05454599200252,17.050869218266836,1.45
56017,Hot Springs County,Wyoming,0.7870157559027271,0,0.25316547665833344,0.2896040101711336,3,56017,0.03278212949955385,0.09025117261301745,0.12076192684643744,0.023925081123997,0.33528769130226843,81.61584077146577,28.65872020779829,1.45
56019,Johnson County,Wyoming,0.606889069421268,0,0.19736017844960582,0.33036944713410543,1,56019,0.0274588548732662,0.0777290964096003,0.11126269092560614,0.0227319084824254,0.3309845438651722,106.13244390007038,21.65983648099206,1.15
56021,Laramie County,Wyoming,0.8311937623932039,0,0.18052781517454003,0.3927092623380144,3,56021,0.024789207786635944,0.06754671399012556,0.09266766566230172,0.02348939965292905,0.3578954118720062,143.62402064566075,3.030892923724244,1.45
56023,Lincoln County,Wyoming,0.6476648546402842,0,0.19555042683462281,0.3676364032873635,1,56023,0.026044462045398974,0.07315636179368137,0.10898793605002105,0.023661027423496274,0.33575538189477894,128.54503755509322,11.686999182179044,1.15
56025,Natrona County,Wyoming,0.8323712009759954,0,0.18322298854210028,0.3908261155792758,3,56025,0.02330693011177164,0.07261027562462366,0.10340552808938816,0.023558071553693546,0.3395383559676041,142.49148374292017,3.9315226040572773,1.45
56027,Niobrara County,Wyoming,0.7269935140699082,0,0.26547733609843904,0.23589750119115288,3,56027,0.0339296175981915,0.0858888448029641,0.1075221762638072,0.0258191599069589,0.358482899149463,49.31639142958792,33.324507293952024,1.45
56029,Park County,Wyoming,0.6368346915811678,0,0.17644764479187125,0.3773216522352312,1,56029,0.02416466491574036,0.07020143284556533,0.10215276022381081,0.0222981932803873,0.3453066302685351,134.36981026321573,8.446597070308986,1.15
56031,Platte County,Wyoming,0.8299984246281839,0,0.24169057961943158,0.33072212702069514,3,56031,0.0315697524069645,0.0860239616241825,0.11354455420223974,0.02371307586939925,0.34512401055991604,106.34454791403728,22.07911329856385,1.45
56033,Sheridan County,Wyoming,0.5533327533697266,0,0.17587955442560532,0.3774531989441213,0,56033,0.025221038237450186,0.07531477331703883,0.10254181879767751,0.022668700609518717,0.3311472794762362,134.44892332307728,9.06494281771642,1.0
56035,Sublette County,Wyoming,0.6695444470798352,0,0.13069766754067014,0.33105712354887135,3,56035,0.022237001408124103,0.0653044015555296,0.0941520715842087,0.0227714666674988,0.3172416745756672,106.54601703941955,21.50602119020535,1.45
56037,Sweetwater County,Wyoming,0.7426917028369847,0,0.12877046226893007,0.38343071210140417,3,56037,0.022361564213614925,0.06133103179582674,0.09037269996298375,0.022809868313694734,0.32638771964740404,138.04383922956512,6.318469985564128,1.45
56039,Teton County,Wyoming,0.46241268827295295,0,0.09182318690612574,0.3705895013668272,0,56039,0.017592948675995524,0.05611499439382922,0.08934555401011335,0.02039915503792795,0.32606617100984,130.32105025133438,10.564359857807986,1.0
56041,Uinta County,Wyoming,0.7618571800994053,0,0.1579202251439653,0.36749851975217623,3,56041,0.024019563292930833,0.0698403108131679,0.09764811910992344,0.024587315662104602,0.31605748593499106,128.46211348602887,11.894863230292692,1.45
56043,Washakie County,Wyoming,0.7786935869323841,0,0.2112426182769421,0.32578744167642626,3,56043,0.03000903547841703,0.07669853765828881,0.1073468411370453,0.024183571384552866,0.3362865693116363,103.3767955443062,22.25805898284243,1.45
56045,Weston County,Wyoming,0.7297601332054013,0,0.1860837179158894,0.3171991325705943,3,56045,0.026871856090652298,0.0790382006832949,0.10504393987627185,0.0233387604598997,0.3235414414792433,98.2117297047148,24.1692303651558,1.45
