{"accuracy": 0.8473333976275437, "weighted_f1": 0.7990421245650992, "roc_auc": 0.7304339242223856, "_timestamp": 1775758143.2798247, "_runtime": 13.223190784454346, "_step": 0, "_wandb": {"runtime": 10}}