{"accuracy": 0.8473333976275437, "weighted_f1": 0.7990421245650992, "roc_auc": 0.7304500081944407, "_timestamp": 1775762292.2210891, "_runtime": 12.128137111663818, "_step": 1, "roc_curve_table": {"_type": "table-file", "sha256": "3c0ae8745b93383b1372bfa69110ef242692eb6c6c35cc35ba353ee900446859", "size": 144505, "artifact_path": "wandb-client-artifact://qiy75cqs94fpiry7el5x0rbln07jtvn1zh3r0lkvuvx2yai9p1obsc28ccb7zetu9fphp3s3q8vl11im558ni57b90xjcafmwx0b2lz9eznzlwyhxae9g4b38m5nkv43:latest/roc_curve_table.table.json", "_latest_artifact_path": "wandb-client-artifact://qiy75cqs94fpiry7el5x0rbln07jtvn1zh3r0lkvuvx2yai9p1obsc28ccb7zetu9fphp3s3q8vl11im558ni57b90xjcafmwx0b2lz9eznzlwyhxae9g4b38m5nkv43:latest/roc_curve_table.table.json", "path": "media/table/roc_curve_table_1_3c0ae8745b93383b1372.table.json", "ncols": 3, "nrows": 4693}, "_wandb": {"runtime": 10}}