{"accuracy": 0.7983412093740959, "weighted_f1": 0.774956578262548, "roc_auc": 0.7164627457855801, "_timestamp": 1775761841.486833, "_runtime": 13.123934984207153, "_step": 1, "roc_curve_table": {"_type": "table-file", "sha256": "ed0d6dba3c66a574852a1711f8497b9aeead3609155193b8901b224c46f5ff08", "size": 105560, "artifact_path": "wandb-client-artifact://3a2a7t0eqmcwlzx9yc2wk7bg4rot1xfw1mgtin5l7w2rtlsrf8tykj20pawik9fcihv1xvqwyxd8p6p3bw9v889tcz2yzuzsf3xo07vbeu0vq9jdqvm28oq5u3g7m8aa:latest/roc_curve_table.table.json", "_latest_artifact_path": "wandb-client-artifact://3a2a7t0eqmcwlzx9yc2wk7bg4rot1xfw1mgtin5l7w2rtlsrf8tykj20pawik9fcihv1xvqwyxd8p6p3bw9v889tcz2yzuzsf3xo07vbeu0vq9jdqvm28oq5u3g7m8aa:latest/roc_curve_table.table.json", "path": "media/table/roc_curve_table_1_ed0d6dba3c66a574852a.table.json", "ncols": 3, "nrows": 3456}, "_wandb": {"runtime": 11}}