{"accuracy": 0.8473333976275437, "weighted_f1": 0.7990421245650992, "roc_auc": 0.7304500081944407, "_timestamp": 1775758162.351701, "_runtime": 13.142985105514526, "_step": 0, "_wandb": {"runtime": 11}}