{"accuracy": 0.8061529559263189, "weighted_f1": 0.7763794953773333, "roc_auc": 0.6945499346350426, "_timestamp": 1775761365.6585858, "_runtime": 12.828446865081787, "_step": 1, "roc_curve_table": {"_type": "table-file", "sha256": "3ca457f5d2a3c86e7abdd4cb9290eea0d7f4eee8c278c06a51aee04dee81ee1c", "size": 97307, "artifact_path": "wandb-client-artifact://4kj4wz5a0aowu6qln1wzzwh57mgx6e54yq4tg3ph7k03s5x2srdorl19kkakufonlil20kr1zannvalcl4qer174cuzpqsijq0fql47px7lgv09ijpmjcm5hbozsudaa:latest/roc_curve_table.table.json", "_latest_artifact_path": "wandb-client-artifact://4kj4wz5a0aowu6qln1wzzwh57mgx6e54yq4tg3ph7k03s5x2srdorl19kkakufonlil20kr1zannvalcl4qer174cuzpqsijq0fql47px7lgv09ijpmjcm5hbozsudaa:latest/roc_curve_table.table.json", "path": "media/table/roc_curve_table_1_3ca457f5d2a3c86e7abd.table.json", "ncols": 3, "nrows": 3169}, "_wandb": {"runtime": 11}}