{"accuracy": 0.8477191628893818, "weighted_f1": 0.7988403783323896, "roc_auc": 0.7327741802700736, "_timestamp": 1775758054.047755, "_runtime": 11.791157007217407, "_step": 0, "_wandb": {"runtime": 10}}