{"accuracy": 0.8092390780210242, "weighted_f1": 0.7775169178543749, "roc_auc": 0.6978459673823145, "_timestamp": 1775756069.931358, "_runtime": 12.126625061035156, "_step": 0, "_wandb": {"runtime": 10}}