{"accuracy": 0.8536985244478734, "weighted_f1": 0.7965698664726829, "roc_auc": 0.6868011952449375, "_timestamp": 1775761240.9205856, "_runtime": 12.612712621688843, "_step": 1, "roc_curve_table": {"_type": "table-file", "sha256": "2ff4cb7e6f14027ea2520a1e6dc34b89496be474160772e74c3c1071698c5873", "size": 55196, "artifact_path": "wandb-client-artifact://61m7ndlw6rwhhkm0rfvng8wzyoppfw5m7gkmlt9e3w9wm3jkc6u0h7zghaqfw6qbwvlyd89vpourkce7iv6l4qy8aw2t15kqmydfoyyaj81sgis1047pdv8crzwk6kjv:latest/roc_curve_table.table.json", "_latest_artifact_path": "wandb-client-artifact://61m7ndlw6rwhhkm0rfvng8wzyoppfw5m7gkmlt9e3w9wm3jkc6u0h7zghaqfw6qbwvlyd89vpourkce7iv6l4qy8aw2t15kqmydfoyyaj81sgis1047pdv8crzwk6kjv:latest/roc_curve_table.table.json", "path": "media/table/roc_curve_table_1_2ff4cb7e6f14027ea252.table.json", "ncols": 3, "nrows": 1798}, "_wandb": {"runtime": 11}}