{"accuracy": 0.8359533224033175, "weighted_f1": 0.8039466296459299, "roc_auc": 0.6990657575284043, "_timestamp": 1775757069.438472, "_runtime": 15.334213018417358, "_step": 0, "_wandb": {"runtime": 12}}