{"accuracy": 0.8476227215739223, "weighted_f1": 0.7989268876313945, "roc_auc": 0.7320629790412885, "_timestamp": 1775762196.8474076, "_runtime": 13.371022462844849, "_step": 1, "roc_curve_table": {"_type": "table-file", "sha256": "e4fde0f557dea7e4a1d72674db0dbd41d31798567f3d023023bd7cc105e7a3e2", "size": 145338, "artifact_path": "wandb-client-artifact://tdysqcni3tyku1ntpfcj9bltjwtns27x6acdge63lmbh2kgr8aadh9x2d5ktjs8r5bybbt4yhvosshdyfgdt3uo4r7vm9u28q6i2grusx4e357bixyeybkbo0rvrl5ko:latest/roc_curve_table.table.json", "_latest_artifact_path": "wandb-client-artifact://tdysqcni3tyku1ntpfcj9bltjwtns27x6acdge63lmbh2kgr8aadh9x2d5ktjs8r5bybbt4yhvosshdyfgdt3uo4r7vm9u28q6i2grusx4e357bixyeybkbo0rvrl5ko:latest/roc_curve_table.table.json", "path": "media/table/roc_curve_table_1_e4fde0f557dea7e4a1d7.table.json", "ncols": 3, "nrows": 4718}, "_wandb": {"runtime": 10}}