{"accuracy": 0.8092390780210242, "weighted_f1": 0.7775169178543749, "roc_auc": 0.6978459673823145, "_timestamp": 1775761263.9029362, "_runtime": 12.73021912574768, "_step": 1, "roc_curve_table": {"_type": "table-file", "sha256": "ebba5823b45b366f76bcb366ad5aacfe427d1f3752886cdcaba7eb68e5f88024", "size": 67058, "artifact_path": "wandb-client-artifact://oo3y70bk51a3vl3xx4bqhdzvlf7an2mokg4dapj9bufhgjy6vf4m4zqolf1jjyp912k3adknxosrcrq0cdu71wiqaclt4bn8ow7n9nvz22wjjqzzmo8e8vwhow79alal:latest/roc_curve_table.table.json", "_latest_artifact_path": "wandb-client-artifact://oo3y70bk51a3vl3xx4bqhdzvlf7an2mokg4dapj9bufhgjy6vf4m4zqolf1jjyp912k3adknxosrcrq0cdu71wiqaclt4bn8ow7n9nvz22wjjqzzmo8e8vwhow79alal:latest/roc_curve_table.table.json", "path": "media/table/roc_curve_table_1_ebba5823b45b366f76bc.table.json", "ncols": 3, "nrows": 2184}, "_wandb": {"runtime": 11}}