{"accuracy": 0.8328672003086122, "weighted_f1": 0.7921708499027315, "roc_auc": 0.719129140574678, "_timestamp": 1775761340.9127462, "_runtime": 13.096677303314209, "_step": 1, "roc_curve_table": {"_type": "table-file", "sha256": "4e2a81c9339522814170d9c90b54dabf74c02b47eaf874716f024a7f32561d90", "size": 94723, "artifact_path": "wandb-client-artifact://21rjtw9az38ap3crcie2ypxss1sxs0d6484rovhybmf9hxnl7k06dlk36fmli3rbo7d1i3esgmg9z4132fh58p95dnigvbnf3vtxp1lbj1unxrf5uh831yfp1z0rcmo7:latest/roc_curve_table.table.json", "_latest_artifact_path": "wandb-client-artifact://21rjtw9az38ap3crcie2ypxss1sxs0d6484rovhybmf9hxnl7k06dlk36fmli3rbo7d1i3esgmg9z4132fh58p95dnigvbnf3vtxp1lbj1unxrf5uh831yfp1z0rcmo7:latest/roc_curve_table.table.json", "path": "media/table/roc_curve_table_1_4e2a81c9339522814170.table.json", "ncols": 3, "nrows": 3089}, "_wandb": {"runtime": 11}}