{"mae": 2.8487771241199726, "rmse": 3.7979257235142043, "r2": 0.020111609608684966, "_timestamp": 1775619824.7266765, "_runtime": 15.125986576080322, "_step": 0, "_wandb": {"runtime": 12}}