,county,state,geoid,sub_price,roi_mean,roi_std,roi_p10,roi_p50,roi_p90
0,Autauga County,Alabama,1001,80,140.103276989995,5.280566752507129,132.3367564484535,141.78288025970357,144.78699662947957
1,Baldwin County,Alabama,1003,80,146.01314229793655,1.6783372196858155,143.73604204238862,146.2885918725388,147.9275928109095
2,Barbour County,Alabama,1005,80,129.56169442709648,11.094940718608683,111.89918417574026,133.79282745509568,139.46561507464995
3,Bibb County,Alabama,1007,80,127.5552417973216,11.64144856884101,110.05925621953111,131.57121045829064,138.82326053357463
4,Blount County,Alabama,1009,80,140.04642644613656,5.1143479851188385,132.85581159323965,141.79321760739725,144.74252847716104
5,Bullock County,Alabama,1011,80,110.13210135225326,18.92401781048842,81.7509274088914,116.35201045466258,128.69559905134005
6,Butler County,Alabama,1013,80,124.35763287071659,13.432274620053528,102.90927661805222,129.1336675732872,136.98499908638436
7,Calhoun County,Alabama,1015,80,143.92185562606826,3.076627508573869,139.63004743768022,144.72753420471201,146.85565584478582
8,Chambers County,Alabama,1017,80,134.33801993551555,8.49807977641486,121.71007468567477,137.33789811609591,142.1005289240277
9,Cherokee County,Alabama,1019,80,129.69635443351208,10.614947255835778,114.31654314277175,133.04900524317208,139.4219898785305
10,Chilton County,Alabama,1021,80,137.5970272334671,6.658295934030814,128.13345363197837,139.7333935634406,143.61909732088608
11,Choctaw County,Alabama,1023,80,115.39291924766364,17.895783721406396,87.99748570111052,121.69563778786974,131.64277237687818
12,Clarke County,Alabama,1025,80,128.14576395984705,11.958972855383497,110.43239711487834,132.3674361167782,138.51697111992516
13,Clay County,Alabama,1027,80,119.68806508428659,15.978116237972136,94.89353374991299,125.49720781434081,134.15700259399435
14,Cleburne County,Alabama,1029,80,120.46901663369675,15.545466083961207,96.96906730450499,125.70987876613361,134.2712578687792
15,Coffee County,Alabama,1031,80,139.32194986726572,5.589685582904351,131.00192237931677,141.0622471186761,144.29143898973066
16,Colbert County,Alabama,1033,80,139.9304999039097,5.119046713380805,132.65662954316278,141.63887664137985,144.73965101217726
17,Conecuh County,Alabama,1035,80,112.4764747742376,18.557505816626016,84.98670074046267,119.08854345859268,130.09333263269238
18,Coosa County,Alabama,1037,80,108.72456826398955,20.202389828264597,76.64241539598164,115.44406719440336,128.0976896378818
19,Covington County,Alabama,1039,80,135.63721356566052,7.782579063740487,123.78503651707864,138.3396274653722,142.45835205870125
20,Crenshaw County,Alabama,1041,80,115.81484064679042,17.66287831532482,88.35612942199887,122.24407544452939,132.50866809966976
21,Cullman County,Alabama,1043,80,142.68025052655165,3.530090916937094,137.85397030288422,143.6972663956405,146.0574585916574
22,Dale County,Alabama,1045,80,138.42387395489544,6.473430100983058,128.9451771406051,140.86147691855126,144.06869409503952
23,Dallas County,Alabama,1047,80,135.20555671795643,8.095969663225823,123.57798531982252,137.98587880724097,142.37922563096117
24,DeKalb County,Alabama,1049,80,141.2797247598818,4.627652925630493,134.84699499400804,142.76584099256337,145.5315835694381
25,Elmore County,Alabama,1051,80,142.37487101728755,3.897832227004685,136.11420538327522,143.6246555053823,146.0239165651884
26,Escambia County,Alabama,1053,80,135.04986387812409,8.320889686666973,122.9980157098479,138.10619623838642,142.46058464155095
27,Etowah County,Alabama,1055,80,143.30813864425357,3.2281820769419616,138.5838478312457,144.25153779250746,146.45579945076818
28,Fayette County,Alabama,1057,80,121.38856046241168,15.435477198347517,98.04013638422103,126.83159634523778,135.4725254600306
29,Franklin County,Alabama,1059,80,133.62805230130974,9.13646145148202,120.91108536613082,136.71101530248092,141.50330713968398
30,Geneva County,Alabama,1061,80,130.5449906062223,10.907719926065122,112.35282523750621,134.69499898017327,140.41790205159134
31,Greene County,Alabama,1063,80,99.06519321632587,23.82344354385104,62.9766341151352,106.3982757483495,122.50564116650972
32,Hale County,Alabama,1065,80,119.7072765012793,15.548876518353257,94.82324445654669,125.12907204729083,133.50975019961
33,Henry County,Alabama,1067,80,123.8675851816726,13.59811844950335,102.5410047037729,128.6181109654973,136.08722008323122
34,Houston County,Alabama,1069,80,143.37370009845642,3.3090987209820066,138.49993850462542,144.3402953643994,146.42631386129935
35,Jackson County,Alabama,1071,80,139.2806562096155,5.485008574517107,131.21567890565115,141.02361462203618,144.29973687390324
36,Jefferson County,Alabama,1073,80,147.2862354796717,1.2288050467539207,145.671256012464,147.3326030935604,148.87234040357853
37,Lamar County,Alabama,1075,80,117.60438793927086,16.38548985193034,93.62450975763743,123.20960486785057,133.38921912897075
38,Lauderdale County,Alabama,1077,80,143.02197134615236,3.4183191946294684,138.1717133166511,144.0049454829882,146.2516725904659
39,Lawrence County,Alabama,1079,80,134.3026876910946,8.58568249908901,121.41998223079123,137.39057423433457,141.82397545401886
40,Lee County,Alabama,1081,80,145.36398271207605,2.0594876323033118,142.91370441725942,145.7286214164005,147.50980231026043
41,Limestone County,Alabama,1083,80,143.56898092170002,3.1391618507747907,139.40247320036931,144.41908084750412,146.47930570653853
42,Lowndes County,Alabama,1085,80,107.89723912902208,20.735757765762113,75.60250867981183,115.16453380750386,127.44297734909271
43,Macon County,Alabama,1087,80,124.09160737701971,14.2609528173883,102.11273315795809,129.3501032268017,137.1234425243922
44,Madison County,Alabama,1089,80,146.9285542141193,1.319984466101371,145.17426696063586,147.00429269201715,148.50546628310366
45,Marengo County,Alabama,1091,80,125.70241959070371,12.514202364755523,105.9918607628752,130.1914172038826,137.05304907278267
46,Marion County,Alabama,1093,80,132.6807204426972,8.763455245839186,119.4176234305509,135.50350406412508,140.9874002638122
47,Marshall County,Alabama,1095,80,143.2517732704519,3.3657217138191595,138.74812867686686,144.21689323174587,146.4701641433871
48,Mobile County,Alabama,1097,80,146.89937479772934,1.3500333745713866,145.1738601845722,146.9242975322761,148.5371676949693
49,Monroe County,Alabama,1099,80,125.2257136048655,13.930714776384939,104.6972068977776,129.86057792212833,137.42213605614785
50,Montgomery County,Alabama,1101,80,145.88244053554095,1.83069490794408,143.57627987645338,146.15042939046702,147.92048809168605
51,Morgan County,Alabama,1103,80,144.06725550425512,2.852538610948538,140.0988540737659,144.70534527766495,146.91434877553297
52,Perry County,Alabama,1105,80,101.80314696514505,23.441595206101884,64.88922550193263,108.86495178796204,124.6137006922249
53,Pickens County,Alabama,1107,80,125.00711368293021,13.413766407888234,104.71069273623989,129.82574785708073,137.4086861143437
54,Pike County,Alabama,1109,80,134.00332301482976,8.955796415793948,120.47008629314256,137.39722617441333,141.8348637875165
55,Randolph County,Alabama,1111,80,128.47056987682046,11.750223873347492,111.38523540925424,132.22020742426696,139.0384814022821
56,Russell County,Alabama,1113,80,139.69233445518918,5.366733422258633,131.737202453833,141.3769152177984,144.500418156578
57,St. Clair County,Alabama,1115,80,142.7671602343904,3.674910717138262,137.41238909560607,143.96546295729917,146.14970427579007
58,Shelby County,Alabama,1117,80,145.83657766721078,1.7861105013953362,143.3801523165917,146.07828094055486,147.81515510553473
59,Sumter County,Alabama,1119,80,112.79476068944179,19.101542845083976,82.89787452497431,119.26723393044199,130.79926834073345
60,Talladega County,Alabama,1121,80,142.04303730133148,4.030746626311645,136.09700264326665,143.30858798111854,145.80703882680908
61,Tallapoosa County,Alabama,1123,80,136.84937643815957,6.859824587614402,127.04104445793256,139.27766095965336,142.99658556826245
62,Tuscaloosa County,Alabama,1125,80,145.95759207221639,1.7878900739273669,143.59887103239438,146.20319513473976,147.92064265338675
63,Walker County,Alabama,1127,80,140.74576181494774,4.692940569705714,133.76087849837597,142.08200502441602,145.12798517085562
64,Washington County,Alabama,1129,80,120.29270063896944,15.192114401768944,95.98304204408772,125.62960749156642,134.64309075762887
65,Wilcox County,Alabama,1131,80,108.37491728925478,19.36776424313156,79.94730475520507,114.40285557550843,127.63763496378128
66,Winston County,Alabama,1133,80,129.03151567258772,11.604217492432502,112.71325466832648,133.1215677150588,139.38297425810916
67,Aleutians East Borough,Alaska,2013,80,67.6294788057072,31.433745647667614,16.3464985201324,77.63032078004883,99.65532644352876
68,Aleutians West Census Area,Alaska,2016,80,87.14502015225975,26.39036750030842,47.251602696983944,94.82802723170046,114.59138565945547
69,Anchorage Municipality,Alaska,2020,80,146.52509439502435,1.4807137049223944,144.50489963109223,146.68358364855243,148.25095373759376
70,Bethel Census Area,Alaska,2050,80,124.96123917517001,13.758758351806168,103.77450648747913,130.10968107873504,137.85664956333628
71,Bristol Bay Borough,Alaska,2060,80,-9.961903412502577,31.1452942492219,-57.8012977862716,-5.665531633403071,30.57574068533335
72,Chugach Census Area,Alaska,2063,80,,,,,
73,Copper River Census Area,Alaska,2066,80,,,,,
74,Denali Borough,Alaska,2068,80,26.695756526876263,32.77005598627245,-20.324498949151632,33.42764280381691,63.59092075027725
75,Dillingham Census Area,Alaska,2070,80,82.897285253543,29.428064902892576,37.56599021340455,93.1176893389505,112.19491347216125
76,Fairbanks North Star Borough,Alaska,2090,80,143.3495161048612,3.3063056300080333,138.52752357168694,144.3346710406085,146.50581081659175
77,Haines Borough,Alaska,2100,80,41.59245259838325,32.51687958456373,-8.024482770499809,48.90775424500134,79.89429109821005
78,Hoonah-Angoon Census Area,Alaska,2105,80,49.32605362852465,31.172756827577622,-1.6245356430046638,57.664042837954206,82.46518284638758
79,Juneau City and Borough,Alaska,2110,80,134.16941010038698,8.601959111890425,121.52902285418415,137.2616286146241,142.10363703705562
80,Kenai Peninsula Borough,Alaska,2122,80,140.67111097061644,4.820843428539791,133.08562013129546,142.19382820848284,145.22902781815506
81,Ketchikan Gateway Borough,Alaska,2130,80,118.87966255507523,15.67391166820742,94.5113122837569,124.439276377634,133.76732966650874
82,Kodiak Island Borough,Alaska,2150,80,117.48813166786374,17.02968664971549,93.13706965511184,123.23634755455936,133.21059780439046
83,Kusilvak Census Area,Alaska,2158,80,105.81304173248095,22.306376909972325,69.9572106461915,112.82978656485315,126.70997611198212
84,Lake and Peninsula Borough,Alaska,2164,80,16.804901337723184,33.187569301075236,-34.84549448822184,22.686152540548782,56.36842191760105
85,Matanuska-Susitna Borough,Alaska,2170,80,144.22886799756117,2.7755884376428055,140.39746220738044,144.9424230274735,146.93547078519725
86,Nome Census Area,Alaska,2180,80,111.56851225014186,18.188221497061477,84.37373398642114,117.28669487725475,129.3136272197178
87,North Slope Borough,Alaska,2185,80,112.91238029899681,18.80557531226882,82.50510470816184,119.2701900364562,130.69961264389397
88,Northwest Arctic Borough,Alaska,2188,80,101.13036212373164,23.512812692971675,64.85826694686943,109.19878960958394,123.8078594679687
89,Petersburg Borough,Alaska,2195,80,66.52842957182939,31.44792239443523,17.16843446048032,75.39410392665278,99.93887631754019
90,Prince of Wales-Hyder Census Area,Alaska,2198,80,92.99535257675714,24.153579450260818,55.11522816222795,100.00394083400546,116.5980151582509
91,Sitka City and Borough,Alaska,2220,80,105.5330792455538,21.945337087047033,69.58044790774497,112.6352130241373,125.86381823598734
92,Skagway Municipality,Alaska,2230,80,4.480615933731851,34.05972733997733,-45.711309281418316,6.381736943948127,50.03960862286712
93,Southeast Fairbanks Census Area,Alaska,2240,80,99.27524644964205,23.634293509094686,63.229772561779704,106.37356999220502,123.25550990879198
94,Wrangell City and Borough,Alaska,2275,80,42.221838991345756,32.830211227605794,-7.329933239171085,50.11680144690935,79.58255511931473
95,Yakutat City and Borough,Alaska,2282,80,-21.88370369384432,26.873973179922242,-64.39259764370266,-14.381698778425314,9.177574259795568
96,Yukon-Koyukuk Census Area,Alaska,2290,80,87.53814633620173,26.05363813810831,49.095991469211384,94.4096449615196,114.94577938047199
97,Apache County,Arizona,4001,80,141.3162452334778,4.585310630109692,134.56634145527278,142.6949322309508,145.67490326722182
98,Cochise County,Arizona,4003,80,144.42396316830028,2.701320137938597,140.72350000599332,145.11333235331998,147.08795367764608
99,Coconino County,Arizona,4005,80,144.96808147991197,2.2680553560981087,141.86759485432907,145.42017796589698,147.2464514805537
100,Gila County,Arizona,4007,80,140.21947818009912,4.953846785597228,133.0982711256728,141.82623164111698,144.69652620538676
101,Graham County,Arizona,4009,80,137.2075949368317,7.068007288379437,126.21104611720247,139.69641956412028,143.37634452206203
102,Greenlee County,Arizona,4011,80,110.10182168842627,19.92144500912308,80.94382116591834,116.91492613533516,128.60576687969106
103,La Paz County,Arizona,4012,80,123.16013275838864,14.876232084568187,100.31369707464772,128.0451442146811,136.66437658537913
104,Maricopa County,Arizona,4013,80,147.9712351178288,1.0607756412974703,146.6075587182458,147.9715576756031,149.3359621376348
105,Mohave County,Arizona,4015,80,145.9597192504884,1.7416002542343476,143.59276201624297,146.20917842404629,147.86940765404387
106,Navajo County,Arizona,4017,80,144.10096033516785,2.8095035955737515,140.0149632711213,144.8239574323158,146.83753992141402
107,Pima County,Arizona,4019,80,147.65505769861153,1.1029730727553955,146.3104303430051,147.65727107528025,149.09336744413167
108,Pinal County,Arizona,4021,80,147.05600153948296,1.2760971621734867,145.35165096811807,147.12009599381395,148.62776802851928
109,Santa Cruz County,Arizona,4023,80,138.82954302393307,6.051228262961649,129.88975476791546,140.96510730657846,144.2848406683667
110,Yavapai County,Arizona,4025,80,146.20341722482195,1.660160082801283,143.9489368198755,146.4047635393093,148.05151401340532
111,Yuma County,Arizona,4027,80,145.88990083179755,1.8455592268547152,143.40767875659745,146.23359717102204,147.78302528957727
112,Arkansas County,Arkansas,5001,80,123.08774971551773,14.591163330094119,103.19516875298459,128.51516618322694,135.76432515012206
113,Ashley County,Arkansas,5003,80,124.00678663857059,13.46633123079603,103.56605419922047,128.51819967215738,136.68622586990583
114,Baxter County,Arkansas,5005,80,137.01930980707138,6.78478917246664,127.1200460864342,139.279591195033,143.2347109447456
115,Benton County,Arkansas,5007,80,146.38253329164377,1.5657734403416255,144.27519478723883,146.54683220693255,148.18782224087522
116,Boone County,Arkansas,5009,80,136.27577675519035,7.179354233233967,125.98900633200797,138.74476246760446,142.75252413994858
117,Bradley County,Arkansas,5011,80,108.97814137066398,19.76841274916412,77.09927380798734,115.29792093569066,128.3738744324068
118,Calhoun County,Arkansas,5013,80,78.02692581494485,28.300490325612575,34.43940132090006,86.83234900969832,107.12875924422981
119,Carroll County,Arkansas,5015,80,132.0963131275891,9.401662099976436,118.21089537511311,135.2633787316422,140.732203551185
120,Chicot County,Arkansas,5017,80,108.75887017546836,19.585663445460924,77.73487650336321,114.70062363265167,128.19243078221965
121,Clark County,Arkansas,5019,80,127.01271475607594,12.825688685588766,108.01250365378318,131.20039358278146,138.8004585038905
122,Clay County,Arkansas,5021,80,119.22404308552046,15.859133726418936,95.82487044970291,124.51724700090054,133.90585624216237
123,Cleburne County,Arkansas,5023,80,129.88983025969426,10.789607646313215,113.82606810378185,134.06373000043772,139.4826866520153
124,Cleveland County,Arkansas,5025,80,97.05461691079313,25.862371062791173,57.29175746143592,105.40879724108589,122.03079403673524
125,Columbia County,Arkansas,5027,80,128.35986463363068,11.545896221119946,110.07581285612541,132.4870044225288,138.7038404769395
126,Conway County,Arkansas,5029,80,127.07374099356646,12.301494494665315,109.25857868682334,131.30334697638324,138.3730982019401
127,Craighead County,Arkansas,5031,80,143.61537859494467,3.019515331960071,139.49726566801186,144.39420520630475,146.5814841071417
128,Crawford County,Arkansas,5033,80,140.2843346576537,5.131972138129689,132.4418506139605,141.85163414998556,144.9354736206217
129,Crittenden County,Arkansas,5035,80,137.91898814669943,6.412896615627066,128.2874426650273,140.17275229887574,143.67403367243682
130,Cross County,Arkansas,5037,80,122.76709470575047,14.363848166808332,101.93903488913614,127.80477244153295,135.92753288220425
131,Dallas County,Arkansas,5039,80,90.45923327935277,25.779423761792085,50.58303850413423,97.22862846841434,117.68643079280746
132,Desha County,Arkansas,5041,80,112.3076016592286,18.493790811530154,84.38812947707784,118.84286169850932,129.85368080391956
133,Drew County,Arkansas,5043,80,122.0438525194074,15.23237327799315,97.58690254041107,127.43154488264027,135.94597942598824
134,Faulkner County,Arkansas,5045,80,144.0288173485335,2.82293302714052,140.1296546185855,144.70618367978193,146.7888408204621
135,Franklin County,Arkansas,5047,80,122.89849172044103,14.513320468031061,100.05865650308188,128.201998565586,135.92215909863154
136,Fulton County,Arkansas,5049,80,115.44970133316666,16.93508732475344,89.80436074790389,121.34037201377755,131.6179597404301
137,Garland County,Arkansas,5051,80,143.17471885282407,3.2687964165014463,138.24994699481775,144.13416125826524,146.29037142025058
138,Grant County,Arkansas,5053,80,124.2244155810633,14.30472522083926,102.94898677965337,129.39894036461948,137.1242541286324
139,Greene County,Arkansas,5055,80,137.79565378787905,6.553320824857967,128.4977696890158,139.94067520700273,143.70132563593305
140,Hempstead County,Arkansas,5057,80,125.49725128371996,12.924510190565035,107.47216393605392,129.71745229838422,137.76221029676162
141,Hot Spring County,Arkansas,5059,80,134.21754666221094,8.505246768685993,121.3245408231975,137.26953250881354,141.92351008222076
142,Howard County,Arkansas,5061,80,114.76900278663634,18.831834527914197,87.72191761280699,122.20375786361396,132.18383886886747
143,Independence County,Arkansas,5063,80,135.77136011731147,7.837211009474647,123.82761178220578,138.69277306079113,142.72085514544358
144,Izard County,Arkansas,5065,80,117.9920938568417,16.840585134842442,90.70315376579396,123.86044942521406,133.92080803050038
145,Jackson County,Arkansas,5067,80,123.2104878568057,14.146259290685853,103.82929456107544,128.1397209453055,135.80531219781219
146,Jefferson County,Arkansas,5069,80,140.22850297071383,5.22953215513843,132.81817968675983,142.0429901244874,144.98561531468945
147,Johnson County,Arkansas,5071,80,131.17516397067976,10.004178757605011,115.96568053981373,134.59746093395506,140.00630915854111
148,Lafayette County,Arkansas,5073,80,90.90790345352897,26.02806962402844,49.065123242423645,98.71184441389548,117.31757953794244
149,Lawrence County,Arkansas,5075,80,121.55134535936993,15.415170700408794,97.19841102920691,127.23952911902485,135.46665044894561
150,Lee County,Arkansas,5077,80,103.26086193490868,22.0937713561052,69.64970539323397,109.5297726105406,124.40050546617043
151,Lincoln County,Arkansas,5079,80,115.83540596905979,17.206664226252645,91.06324385776745,121.82052220999807,132.34586294679954
152,Little River County,Arkansas,5081,80,112.56833400406397,19.22235459863722,84.62608301328433,118.98380374573924,130.85244266450894
153,Logan County,Arkansas,5083,80,127.83616318748571,12.027683602679822,109.2734385894535,132.49831180990233,138.11650975587733
154,Lonoke County,Arkansas,5085,80,141.24796220370732,4.636156427696136,134.46179583916322,142.72032046284426,145.54447626048412
155,Madison County,Arkansas,5087,80,123.91744740101483,13.792993040086762,103.93638094734052,128.69507106103552,136.3320697516957
156,Marion County,Arkansas,5089,80,122.93398109379035,14.458692769993656,100.64061761872941,127.92164448319144,136.2586357035885
157,Miller County,Arkansas,5091,80,137.1230797374868,6.642014210088422,127.33779648754141,139.03040695835014,143.17081861563668
158,Mississippi County,Arkansas,5093,80,135.92566066885036,7.697969275722968,124.23663514294891,138.50835670359527,142.85846586965087
159,Monroe County,Arkansas,5095,80,94.44328752124188,23.864475968272806,55.645890050536785,102.00787814852298,118.58801468872508
160,Montgomery County,Arkansas,5097,80,102.80235915711094,22.910911457891086,67.68248777079337,109.40241209719385,124.8021896376531
161,Nevada County,Arkansas,5099,80,101.3437872316647,23.027765898448212,65.86223094279605,108.32958955122162,123.13113047648704
162,Newton County,Arkansas,5101,80,96.55222043978448,24.593011502546606,59.21081004048567,104.87080042678522,121.34517852705449
163,Ouachita County,Arkansas,5103,80,127.44971037563106,12.511053695068627,109.03631505126192,131.8049965382478,138.4250917755795
164,Perry County,Arkansas,5105,80,108.39200462615378,20.943271452501676,76.96747802410945,116.28052902498686,128.79572350656196
165,Phillips County,Arkansas,5107,80,120.84970542212146,15.47145241606664,96.7661223296234,125.88645339982827,134.71748692380308
166,Pike County,Arkansas,5109,80,110.12798887807757,19.036785925032248,81.08202338310579,116.47463579290604,127.86851306072967
167,Poinsett County,Arkansas,5111,80,128.72219015951688,11.693793024855976,111.82016318554449,132.78938748855677,139.04670122023654
168,Polk County,Arkansas,5113,80,125.80172526785348,12.619967417930928,106.9107713160622,129.9137829080467,137.49050551762755
169,Pope County,Arkansas,5115,80,140.6317225172032,4.849027639220332,133.41761036594244,142.23201583273487,144.9974245740531
170,Prairie County,Arkansas,5117,80,99.65332675217752,25.063506916905535,62.57073011499269,107.20956611686009,124.06729768557321
171,Pulaski County,Arkansas,5119,80,146.8136063802947,1.356341900913816,145.01614695386075,146.87742118129344,148.4273822423358
172,Randolph County,Arkansas,5121,80,124.74224819265227,13.20150896067499,103.913422974402,129.28120799209447,137.1543115890072
173,St. Francis County,Arkansas,5123,80,128.64369860671385,11.461937807601338,112.16347935700455,132.6563536440455,139.12889962788043
174,Saline County,Arkansas,5125,80,144.11480030110914,2.8338573754448744,140.10110732400452,144.80344181131298,146.81224426722093
175,Scott County,Arkansas,5127,80,108.00443778434808,21.063394960150745,73.69317567580126,115.41094689812556,127.82850351091925
176,Searcy County,Arkansas,5129,80,101.68220511687237,23.14299389475017,64.99622078903616,108.86143598629285,124.0919230968843
177,Sebastian County,Arkansas,5131,80,144.34739691477688,2.7101037293848926,140.58252898168402,144.97131863974374,147.11541641274354
178,Sevier County,Arkansas,5133,80,120.95261527079833,15.764880049206877,96.6383317826701,126.52271061937427,135.15982045036557
179,Sharp County,Arkansas,5135,80,123.58072096789562,13.787953190331553,103.3592572739173,128.27094113766822,136.65701364254502
180,Stone County,Arkansas,5137,80,116.63587122958023,16.521642297740424,92.5045467776998,121.58457727990657,132.2397781216326
181,Union County,Arkansas,5139,80,135.9297137366384,7.604184659270383,125.15685331770838,138.4602159636566,142.7833730482047
182,Van Buren County,Arkansas,5141,80,121.99588959465402,14.83111512471298,101.14595432582205,127.22811147515517,135.4492599523297
183,Washington County,Arkansas,5143,80,146.08905510406998,1.6329892975765241,143.95823085389915,146.2501931875056,147.9924448358899
184,White County,Arkansas,5145,80,141.9788028869742,3.9889080059178474,136.20125398406344,143.1085109423072,145.65458023940752
185,Woodruff County,Arkansas,5147,80,91.26332129143132,25.671541507647838,51.67968758459938,97.97395131629898,117.61978427864484
186,Yell County,Arkansas,5149,80,126.29554904582581,12.828923542476696,106.23116886005526,130.5360671796721,137.84436642216303
187,Alameda County,California,6001,80,147.68771060822667,1.0804036267786226,146.32290122906963,147.69035279414442,149.07837813735722
188,Alpine County,California,6003,80,,,,,
189,Amador County,California,6005,80,131.9956069190955,9.695594816678963,117.52371985956904,135.34081934518073,140.65296118330866
190,Butte County,California,6007,80,144.7250040758871,2.4054905279614176,141.37852009927278,145.29578135421815,147.23252355437367
191,Calaveras County,California,6009,80,134.34056199730784,8.207210659261785,121.86334855655826,137.18399260650898,141.70357777663486
192,Colusa County,California,6011,80,120.74764637865397,15.21314476602307,97.82727216201879,126.39372917241346,134.57524224228146
193,Contra Costa County,California,6013,80,147.4197064298462,1.1281990675798181,145.92079935623076,147.41390252275204,148.83547862492694
194,Del Norte County,California,6015,80,125.38650392583351,12.906204257604857,107.3014869815501,130.20544265448348,136.78162644867155
195,El Dorado County,California,6017,80,144.4822185644683,2.535640852540988,140.9058961840692,145.12468130835973,146.97598701377217
196,Fresno County,California,6019,80,147.3581752232348,1.1246436425263675,145.89287058309003,147.38433651053128,148.7833321031567
197,Glenn County,California,6021,80,126.26267657849024,12.332474079804282,107.61837658118182,130.18832105559423,137.38148610711167
198,Humboldt County,California,6023,80,143.01982422879718,3.253173164865771,138.36886833935594,143.89124236640527,146.26112065946927
199,Imperial County,California,6025,80,144.1693834430054,2.7183523474136155,140.43518481271846,144.8253264372902,146.9160938769828
200,Inyo County,California,6027,80,117.29702371354556,16.59504479550515,90.00752122817073,123.0966628761359,132.3985496773953
201,Kern County,California,6029,80,147.26653946986406,1.1759777892528438,145.68900177997756,147.31130313069437,148.7096969534472
202,Kings County,California,6031,80,143.51935735923172,3.168178937372877,138.77479580736994,144.42776520097522,146.5219169750993
203,Lake County,California,6033,80,138.30117152515828,6.212307482871216,129.14092772906616,140.50595207201272,143.83448427742897
204,Lassen County,California,6035,80,127.26153193879288,11.95363200896236,108.69402914848791,131.82210021248466,137.9993330322223
205,Los Angeles County,California,6037,80,147.97457924703858,1.0634916113129123,146.5654528543876,147.97195809785603,149.3235114516075
206,Madera County,California,6039,80,143.73897482176565,3.080784660914561,139.135379485519,144.57659441912142,146.6788312207361
207,Marin County,California,6041,80,145.2516727016537,2.112852842518497,142.452323534508,145.5701142186487,147.54337232999842
208,Mariposa County,California,6043,80,114.42749258131012,17.955936510214023,85.36982453335465,120.27595791950205,131.06760439570056
209,Mendocino County,California,6045,80,140.6571263590816,4.64762352064573,133.83114329452678,142.20720076110288,145.08930651262466
210,Merced County,California,6047,80,145.70052030655503,1.8404003373647606,143.26868902994624,146.0444568738198,147.68911358392086
211,Modoc County,California,6049,80,90.51839303140659,25.90560342105599,50.898669449992276,98.89974863311008,115.43442868614785
212,Mono County,California,6051,80,106.40557295555135,20.048579116857333,73.88589630607176,113.2154700138673,125.77471558156643
213,Monterey County,California,6053,80,146.39193670128876,1.4931171841183921,144.36002647294586,146.54904035541796,148.11623989593394
214,Napa County,California,6055,80,142.8660361901668,3.3993029133660344,137.8768027695306,143.9184800200368,146.0375766453163
215,Nevada County,California,6057,80,141.44733836154208,4.147504018277754,135.79173033231135,142.66113581600047,145.25215130343167
216,Orange County,California,6059,80,147.90180921622732,1.0299817882570275,146.57990849102896,147.92807286680983,149.25889235317118
217,Placer County,California,6061,80,146.32361673853856,1.5152433019187166,144.24721180137203,146.4998010795605,148.07881633512974
218,Plumas County,California,6063,80,116.97553639578639,17.081521430741912,91.02589916471594,122.90051505386326,132.8558800716811
219,Riverside County,California,6065,80,147.88026059956158,1.0810940714263408,146.51000149849048,147.85909610868868,149.23213504853896
220,Sacramento County,California,6067,80,147.63930379925475,1.0907701583656455,146.25794959584218,147.6467645052315,149.10472826756248
221,San Benito County,California,6069,80,137.77357576849667,6.359232757962592,128.18827869213808,139.89700236145217,143.58615333443663
222,San Bernardino County,California,6071,80,147.73998475735746,1.1328436526527852,146.233141767269,147.70762252645417,149.21224600019156
223,San Diego County,California,6073,80,147.93967159666045,1.058633631537403,146.57825716410207,147.93725916813816,149.3242775290428
224,San Francisco County,California,6075,80,147.14091076369263,1.1512005585021121,145.70853522755652,147.15688195284878,148.67642294727594
225,San Joaquin County,California,6077,80,147.1933299770874,1.2272228505997136,145.5624480269971,147.23481385477515,148.7586060015881
226,San Luis Obispo County,California,6079,80,145.473919463204,1.9991327771272518,142.82757328859662,145.80774567063332,147.667541098586
227,San Mateo County,California,6081,80,147.1117495619363,1.2060420757691317,145.54762765031887,147.16596251572616,148.67864200571867
228,Santa Barbara County,California,6083,80,146.45995315375902,1.4411005716591487,144.58563939845627,146.5542593904756,148.23434347744086
229,Santa Clara County,California,6085,80,147.66850968031034,1.1316796497760298,146.2524635365047,147.66395110542226,149.10020996956246
230,Santa Cruz County,California,6087,80,145.27805946788095,2.0738948918756535,142.43413136634385,145.6259108016526,147.58024193713007
231,Shasta County,California,6089,80,144.20770035103124,2.7072614283329224,140.44090314375498,144.8335068353376,146.89951285985296
232,Sierra County,California,6091,80,,,,,
233,Siskiyou County,California,6093,80,132.8263534025473,9.47415542096078,117.91860559248602,136.20590774135962,141.11006051942238
234,Solano County,California,6095,80,146.4792477325353,1.4439229488077552,144.58044116129525,146.6747141901209,148.13125489344137
235,Sonoma County,California,6097,80,146.59593975995165,1.4217500619343206,144.65589357409632,146.71057806945745,148.28787434547382
236,Stanislaus County,California,6099,80,146.81660449619665,1.3325798637823585,145.0364988307477,146.96878273338586,148.41903500084902
237,Sutter County,California,6101,80,141.16170833350816,4.530453841250301,134.54219936405224,142.61033327379943,145.34825053360913
238,Tehama County,California,6103,80,137.7692583458873,6.346276747049727,128.78784790241008,139.9239784906808,143.54442725052104
239,Trinity County,California,6105,80,112.0854176675716,18.560630693763198,83.95135613418473,118.61166813701927,129.34810587334528
240,Tulare County,California,6107,80,146.6701597227006,1.4293715503239304,144.83337093733545,146.77244509869507,148.29099664811972
241,Tuolumne County,California,6109,80,135.79673357741592,7.326517789950637,125.12276050400834,138.389652949057,142.52312011162806
242,Ventura County,California,6111,80,147.30777072727204,1.2454720524547354,145.76186186347155,147.3372027014769,148.8802851484428
243,Yolo County,California,6113,80,144.89087492587876,2.211242617813888,141.9692711729305,145.36150184087558,147.27930353001037
244,Yuba County,California,6115,80,140.303104980314,5.00113400724042,133.04561452856018,141.98502316057065,144.6648885541877
245,Adams County,Colorado,8001,80,147.1872438828812,1.1855735093091089,145.59348777793056,147.2381745452111,148.71500268889807
246,Alamosa County,Colorado,8003,80,123.60092024198055,14.700308098001374,101.73245750952354,128.90446608145268,136.686001044545
247,Arapahoe County,Colorado,8005,80,147.40383127961294,1.186434211812638,145.87081642085917,147.4634505333861,148.9190157521751
248,Archuleta County,Colorado,8007,80,119.49266427911886,16.198275758346735,94.72001238832107,125.03862667793057,134.60815336956307
249,Baca County,Colorado,8009,80,69.22478238319579,30.736965954726674,22.163112914091343,77.58222762137073,103.06354058898226
250,Bent County,Colorado,8011,80,88.03400084205194,27.415634145499794,47.17465696629378,95.73414681600775,116.88527746614247
251,Boulder County,Colorado,8013,80,146.62575475777066,1.3545615450887472,144.8687199379792,146.7697321466917,148.20745541506363
252,Broomfield County,Colorado,8014,80,141.80457493657266,4.218224676881961,135.6151316232927,143.1729402307139,145.71785118873055
253,Chaffee County,Colorado,8015,80,127.51300550235166,12.138414733374136,108.55459483933267,131.99843701836477,138.4210770262762
254,Cheyenne County,Colorado,8017,80,30.588541621749254,33.212183062984295,-16.571673816145694,37.96144163957419,68.53780128314781
255,Clear Creek County,Colorado,8019,80,108.99168667046173,19.887127453751592,76.96864904803734,115.69810605671444,127.59465576040361
256,Conejos County,Colorado,8021,80,102.69307711323648,23.15939066062341,68.75661812867718,110.14017988421713,125.17592585471266
257,Costilla County,Colorado,8023,80,70.60623439940686,30.968536535408187,22.304326050076522,79.0656224396914,104.27709187790569
258,Crowley County,Colorado,8025,80,92.00851767335614,25.528215285411576,53.36123451750569,99.63838829506327,117.83096277213455
259,Custer County,Colorado,8027,80,88.57318764809752,26.17169638828451,48.85589248390412,97.00563289744088,115.7091894385191
260,Delta County,Colorado,8029,80,134.16342576067865,8.658081874145317,122.09150874768913,137.00589540250206,141.83016414857624
261,Denver County,Colorado,8031,80,147.444597731117,1.1046979785745823,146.06495802214212,147.4710053233385,148.90220203946726
262,Dolores County,Colorado,8033,80,51.866951134339516,31.85089076476853,0.15013638174389982,59.1335849155083,88.19713499279615
263,Douglas County,Colorado,8035,80,146.78969494384577,1.3717462045548994,145.00426886120002,146.85738226778142,148.4991924798006
264,Eagle County,Colorado,8037,80,139.81821773208324,5.428336669653852,131.84490391007668,141.5997154475155,144.62833547138763
265,Elbert County,Colorado,8039,80,133.06692107555995,9.073418688905498,119.83220506707922,136.14984105153707,141.16777068931773
266,El Paso County,Colorado,8041,80,147.44389754912945,1.1375115657544934,146.03425264513936,147.46830461350885,148.85469838327393
267,Fremont County,Colorado,8043,80,139.32490689424492,5.690422251222007,130.73843661815854,141.17712056329668,144.45317573387914
268,Garfield County,Colorado,8045,80,140.47503940382484,5.014476082779065,132.7974819652298,142.1196359250558,145.02763701139565
269,Gilpin County,Colorado,8047,80,92.31511017583475,25.95960380041271,50.98153366638968,100.18858327600654,118.35337442817799
270,Grand County,Colorado,8049,80,122.18873109772987,14.421759939918239,100.05489385490894,126.85109293750031,135.79858841210356
271,Gunnison County,Colorado,8051,80,124.59176512248214,13.844891932824188,104.2239453495326,129.84981869457908,137.28080566873848
272,Hinsdale County,Colorado,8053,80,-16.748019430084312,29.043177169197914,-62.3145209331379,-10.224444800571323,17.832213240345386
273,Huerfano County,Colorado,8055,80,101.08704837271536,22.237606514421696,67.1262921492001,108.00794120370216,123.06676448958886
274,Jackson County,Colorado,8057,80,10.581124588171214,33.18920304102376,-41.066905091792904,15.663639772237048,50.877776417864474
275,Jefferson County,Colorado,8059,80,147.2239391858561,1.2217682281579079,145.59749391718026,147.23812953298125,148.69989732462528
276,Kiowa County,Colorado,8061,80,19.25646942420602,34.22923522420463,-31.763908005168595,25.022819843023367,61.10623909390315
277,Kit Carson County,Colorado,8063,80,100.41192015419738,22.37304842614716,64.27444544953079,107.26654905941976,122.91809033040234
278,Lake County,Colorado,8065,80,99.90330980486297,24.301487229357218,62.573132771899694,107.8751869012361,123.14905553439235
279,La Plata County,Colorado,8067,80,140.18645661781392,5.285919830776289,132.73144151229897,142.0652636816564,144.82285358942644
280,Larimer County,Colorado,8069,80,146.70954006718102,1.2963290697566041,145.0756828961208,146.7823196955082,148.22164513312765
281,Las Animas County,Colorado,8071,80,121.64184543754754,14.314622343146564,98.6903069570346,126.29858307958872,135.09775577478226
282,Lincoln County,Colorado,8073,80,89.9679402056546,26.26086067321507,49.58388733528484,96.80511317999088,117.38226496512615
283,Logan County,Colorado,8075,80,128.23155836059075,11.434232233491464,111.93082125859812,131.7918556725088,138.67262500852053
284,Mesa County,Colorado,8077,80,145.21204437432806,2.2362390761201527,142.0176859307218,145.56664717746082,147.68138970376538
285,Mineral County,Colorado,8079,80,-2.6359870026408037,33.46897556201075,-52.85154656814377,-0.8740469410994061,42.29826075737996
286,Moffat County,Colorado,8081,80,118.75292273438208,16.914603335883744,92.98414368830889,124.54209819191517,134.19073889214994
287,Montezuma County,Colorado,8083,80,132.6340264870734,9.61069274098274,119.07548273229358,136.04168310661498,141.23930609723703
288,Montrose County,Colorado,8085,80,138.44005032500718,6.076632852946946,130.07537419044274,140.2006152394573,143.91071189810424
289,Morgan County,Colorado,8087,80,133.72113098199637,8.630349043192574,120.96141613145292,136.50770719660602,141.7090541937655
290,Otero County,Colorado,8089,80,125.73896851116879,12.897504979827987,105.80489240981528,130.11136132725665,138.00933317411324
291,Ouray County,Colorado,8091,80,83.32075218103623,28.49606013139185,36.9252537754502,92.72434780326279,113.0981689286456
292,Park County,Colorado,8093,80,124.42678982891837,13.207956277531496,103.44085505806406,128.74056726200496,136.75764056166432
293,Phillips County,Colorado,8095,80,80.33449803747169,29.779934587459415,31.65702153730189,88.84930052444344,111.88502742037188
294,Pitkin County,Colorado,8097,80,123.58405540879554,14.32600815931979,103.10967649797615,128.73736057580282,136.5528647410384
295,Prowers County,Colorado,8099,80,115.62910810389519,18.139089317344474,88.65200677146672,121.74157347400572,132.5548756834871
296,Pueblo County,Colorado,8101,80,145.31219822349004,2.1959506135675158,142.26786317707365,145.7422427440822,147.58147368900512
297,Rio Blanco County,Colorado,8103,80,97.47503171593058,23.710666636725133,61.42175888603796,105.37284043755204,120.59641274792078
298,Rio Grande County,Colorado,8105,80,114.21221474340346,17.997511736509068,87.05588664101528,120.11837788938894,131.97224404365602
299,Routt County,Colorado,8107,80,130.19684543570307,10.390407584908475,114.44260113690541,133.42024176385365,140.03655049767448
300,Saguache County,Colorado,8109,80,97.42191249955499,24.109392940674816,60.900943770182344,104.85098501151414,121.19701833959373
301,San Juan County,Colorado,8111,80,-14.147864655861303,29.56888902923675,-62.41934222205997,-8.77185262819457,20.859887771568427
302,San Miguel County,Colorado,8113,80,102.80948493733763,22.434275387665622,70.40204139964119,109.40739336724764,124.80195272875673
303,Sedgwick County,Colorado,8115,80,48.123718608138624,31.29889680889401,-2.3365920620026763,56.125604653650086,83.11723520415879
304,Summit County,Colorado,8117,80,133.42818787019968,8.715107234657475,120.84341961681243,136.21721376180375,141.5449856612601
305,Teller County,Colorado,8119,80,130.72732276012152,10.295657592862021,115.86207041030197,134.28915430192473,140.07154197463518
306,Washington County,Colorado,8121,80,84.13524747424346,28.26835147910947,38.96314712894584,94.34085515604367,113.21459415691531
307,Weld County,Colorado,8123,80,146.77951322118548,1.3619135378725014,145.02008179062832,146.8390059469153,148.48064908932088
308,Yuma County,Colorado,8125,80,110.92368564958531,19.79920829259576,80.71159387532882,117.81967731225399,130.06872069466152
309,Capitol Planning Region,Connecticut,9110,80,,,,,
310,Greater Bridgeport Planning Region,Connecticut,9120,80,,,,,
311,Lower Connecticut River Valley Planning Region,Connecticut,9130,80,,,,,
312,Naugatuck Valley Planning Region,Connecticut,9140,80,,,,,
313,Northeastern Connecticut Planning Region,Connecticut,9150,80,,,,,
314,Northwest Hills Planning Region,Connecticut,9160,80,,,,,
315,South Central Connecticut Planning Region,Connecticut,9170,80,,,,,
316,Southeastern Connecticut Planning Region,Connecticut,9180,80,,,,,
317,Western Connecticut Planning Region,Connecticut,9190,80,,,,,
318,Kent County,Delaware,10001,80,145.67380249466544,1.8889324725190766,143.18443441696266,146.03161171577125,147.76078585195597
319,New Castle County,Delaware,10003,80,147.3277903512302,1.1641649370224494,145.87064064445056,147.33081957009733,148.8684412309956
320,Sussex County,Delaware,10005,80,146.27784715391522,1.6021745327840744,144.11737995329253,146.45048070280222,148.19505956147614
321,District of Columbia,District of Columbia,11001,80,,,,,
322,Alachua County,Florida,12001,80,145.57333753008797,1.9317291405446875,142.87303974043968,145.90240803443956,147.68846819755845
323,Baker County,Florida,12003,80,125.70376247632797,13.16219929927525,104.137432745621,130.8756117750462,137.3268082752315
324,Bay County,Florida,12005,80,144.2800148052834,2.729818533989504,140.32598077868388,144.9636308924603,147.00199056005735
325,Bradford County,Florida,12007,80,125.58283228152227,13.471660479551005,105.66869520648147,130.86479696982084,137.03583269433065
326,Brevard County,Florida,12009,80,146.91474302871538,1.2708743422659108,145.1973774594704,147.0729881337798,148.40965390663894
327,Broward County,Florida,12011,80,147.77277845364966,1.1026297378880061,146.4166957472406,147.80685969515827,149.17961122516638
328,Calhoun County,Florida,12013,80,107.51544433336478,20.999427748130504,74.17390877994163,115.7053481888538,126.77760458199641
329,Charlotte County,Florida,12015,80,144.69947130595193,2.4036899547506083,141.21023522581683,145.32806740427816,147.11709764853953
330,Citrus County,Florida,12017,80,143.82568406999368,2.8180299390258643,139.73827644601434,144.44922247898657,146.6942803002379
331,Clay County,Florida,12019,80,144.9830476045407,2.287048092409473,141.66223443603678,145.4735193038832,147.43411347029303
332,Collier County,Florida,12021,80,146.29291449363552,1.6076569866860273,144.225138528949,146.4886318004764,148.11790658945102
333,Columbia County,Florida,12023,80,139.07234354906086,5.856160988396621,130.2771365138853,141.12900901833945,144.05690169053227
334,DeSoto County,Florida,12027,80,130.60814440331026,10.41334722204165,114.95968412553589,134.33757042028554,139.52941679148134
335,Dixie County,Florida,12029,80,114.59243973975924,17.725098101884306,87.83241464842915,120.67722324532426,131.07946200815854
336,Duval County,Florida,12031,80,147.342670308973,1.201041706012412,145.72831492649865,147.43954495469274,148.84273379374622
337,Escambia County,Florida,12033,80,145.88959408167395,1.7573578220145414,143.35627839744876,146.12707433330712,147.89048510224762
338,Flagler County,Florida,12035,80,142.7924657723168,3.4904080872219567,137.80606264670712,143.75205632239607,146.05056658027107
339,Franklin County,Florida,12037,80,104.89641719850005,20.90634560265341,72.47062832174711,111.94886567258402,125.524348326488
340,Gadsden County,Florida,12039,80,133.44088553669292,8.947197985206541,121.00670586292183,136.45434515197758,141.19900521780528
341,Gilchrist County,Florida,12041,80,117.75356297958307,16.34423820833839,92.225812696104,123.47310585052486,132.67124027635464
342,Glades County,Florida,12043,80,104.56639972781956,22.162830470512095,70.00278005574098,112.87691061374616,125.40116785109508
343,Gulf County,Florida,12045,80,112.4216812195186,18.37099156352466,83.07937528344418,118.60884249523954,129.3148282889088
344,Hamilton County,Florida,12047,80,107.50253611775149,20.013678248697435,75.96592697790805,114.11346650445495,126.43688666309154
345,Hardee County,Florida,12049,80,124.19435506872678,13.48198441024542,103.30630024992183,129.54252647284045,136.3180166641537
346,Hendry County,Florida,12051,80,132.82965610730236,9.211134984182241,118.2959719611968,136.13190177071277,140.76850021463216
347,Hernando County,Florida,12053,80,144.86182379398852,2.3339083782850127,141.50119953319273,145.3367358604554,147.21710144710175
348,Highlands County,Florida,12055,80,141.42624430512393,4.261761555158909,135.5041475081621,142.77599277965663,145.52504891287123
349,Hillsborough County,Florida,12057,80,147.57110986106395,1.1127892542547133,146.15410438488732,147.55344758947527,149.02513305485147
350,Holmes County,Florida,12059,80,118.47593764342209,15.72160018756849,93.91363435256947,123.80119503515112,133.16646524484523
351,Indian River County,Florida,12061,80,143.9254888792651,3.05282076057048,139.34650134233954,144.792376435176,146.83632081109738
352,Jackson County,Florida,12063,80,135.2124307809574,7.801923837879124,123.93133960404498,137.84586096972822,142.03508735868033
353,Jefferson County,Florida,12065,80,111.86592703573453,18.477483010621913,83.1415851026107,118.042879406845,129.08588569843255
354,Lafayette County,Florida,12067,80,88.69790481283994,25.589649409463707,49.40655579216238,96.9437322519772,113.98663233958287
355,Lake County,Florida,12069,80,146.37789456866844,1.5573006139890122,144.2557453231178,146.56479432860274,148.16228180384005
356,Lee County,Florida,12071,80,147.24550935825246,1.1719474923173605,145.7574436792775,147.27860993457938,148.67692508032962
357,Leon County,Florida,12073,80,145.63928203727176,1.8882130980484197,143.14911138246444,145.92151656044942,147.77160632466806
358,Levy County,Florida,12075,80,134.05762887626793,8.667726119305568,120.70959440808927,137.26368474217824,141.62398767653232
359,Liberty County,Florida,12077,80,85.75940792796042,26.869899583051602,43.03126594085121,94.05079733369206,112.34287660976776
360,Madison County,Florida,12079,80,117.35599734524996,16.278362739863237,91.41299599624634,123.24047856278975,132.29636168607496
361,Manatee County,Florida,12081,80,146.39929785430044,1.507667858561881,144.4418649331688,146.5346112874555,148.16854322112334
362,Marion County,Florida,12083,80,146.31037874969064,1.524795540932866,144.29287694681184,146.48347637628768,148.09141556197054
363,Martin County,Florida,12085,80,143.77197822262173,2.999349815659041,138.94850643081506,144.60523059922866,146.6788548524362
364,Miami-Dade County,Florida,12086,80,147.8218445754239,1.0889314990073624,146.40327544386503,147.80100740327197,149.21231780259393
365,Monroe County,Florida,12087,80,139.83794470601705,5.266007947090853,131.78433274713538,141.58271549565268,144.52244055181112
366,Nassau County,Florida,12089,80,140.99689183649983,4.681368332060121,133.415391999828,142.5617701074661,145.4376526509024
367,Okaloosa County,Florida,12091,80,144.80993070502905,2.290143279219104,141.74139184913807,145.2531151120022,147.16431026839894
368,Okeechobee County,Florida,12093,80,132.59634067649773,9.373126893417197,117.92929012014386,136.1533515595993,140.67373337724933
369,Orange County,Florida,12095,80,147.60018584069383,1.1075816415946282,146.15200965533018,147.56991199677952,149.02910204698867
370,Osceola County,Florida,12097,80,146.39775746342252,1.4835528447411512,144.4858153376681,146.5799488559599,148.1293797436942
371,Palm Beach County,Florida,12099,80,147.56141417213317,1.1216538976180068,146.13394841140482,147.60566296390272,148.94454500524947
372,Pasco County,Florida,12101,80,146.878255320593,1.3007052776683308,145.2708253768094,146.91129573892715,148.50370814917417
373,Pinellas County,Florida,12103,80,147.41113228348567,1.1966629664443804,145.88216450478026,147.40929216047283,148.8656958003694
374,Polk County,Florida,12105,80,147.23194337843003,1.1848645457338332,145.69747806451073,147.30428959005195,148.73471294892624
375,Putnam County,Florida,12107,80,139.32307612670445,5.344649009993086,130.95912839823959,141.0361708734763,144.3829141002237
376,St. Johns County,Florida,12109,80,145.74687993663463,1.8764923887390486,143.2134937573114,145.9741312482542,147.83426654845263
377,St. Lucie County,Florida,12111,80,146.20066267822924,1.644386477606605,143.95731822121422,146.38031944957805,148.03675822780895
378,Santa Rosa County,Florida,12113,80,144.53261514230067,2.489902671772326,141.0389391713203,145.1347917921435,147.02663154277997
379,Sarasota County,Florida,12115,80,146.54313862702864,1.4762365162863678,144.6479153482362,146.7073272411858,148.22482387893928
380,Seminole County,Florida,12117,80,146.60914978681362,1.4654414940326823,144.7313464786415,146.60950551824897,148.43664654489422
381,Sumter County,Florida,12119,80,143.33545625025405,3.3178028958252,138.42598393151187,144.25521416968564,146.50813552409826
382,Suwannee County,Florida,12121,80,134.0446867161617,8.673932360680316,121.06072970104852,137.18380629084965,141.5712854158388
383,Taylor County,Florida,12123,80,120.27456244546667,15.717863250982608,95.50418736121574,126.11193184555646,134.40156780268626
384,Union County,Florida,12125,80,111.8243518841484,19.170378291558627,81.76503491311111,118.63582771923163,129.32276386672297
385,Volusia County,Florida,12127,80,146.83759594189593,1.3524790674889116,144.95537052978437,146.92512195680348,148.44348127953845
386,Wakulla County,Florida,12129,80,130.7230431590838,9.884461136262606,116.23340629814552,134.20983624615548,139.52688650190964
387,Walton County,Florida,12131,80,139.8477674934319,5.400758778401584,131.40621975196308,141.776035812025,144.6478642238804
388,Washington County,Florida,12133,80,125.1438477427679,13.22163046060784,105.16334935272717,130.001910350814,136.71459135144397
389,Appling County,Georgia,13001,80,116.39168472548245,17.20787170571721,89.00881819410401,122.1444698146066,132.33440012531673
390,Atkinson County,Georgia,13003,80,90.3498927518269,25.501419343548793,49.87217769029024,98.93330822003719,115.68666894639269
391,Bacon County,Georgia,13005,80,100.89127269006885,22.556782378965245,64.58559923040823,107.82622701718549,122.7156044679145
392,Baker County,Georgia,13007,80,34.367549356360136,32.980883516931605,-19.091373609541964,43.01215332617621,71.32254208894915
393,Baldwin County,Georgia,13009,80,133.76460618070183,8.333812472850457,121.04182326378533,136.65083668784905,141.11884210265504
394,Banks County,Georgia,13011,80,118.07741767449544,16.2734213444817,90.78952876557223,124.15049800628779,133.1351383090577
395,Barrow County,Georgia,13013,80,140.21021172175935,4.883434612679433,132.90077413788183,141.78611618906368,144.71778488738875
396,Bartow County,Georgia,13015,80,141.85107082354486,4.113328776332133,135.8501625760575,143.1259414472623,145.68037369146262
397,Ben Hill County,Georgia,13017,80,115.52094009880194,16.9071005389886,90.78969122939822,120.91667418399922,131.19969195658163
398,Berrien County,Georgia,13019,80,116.50245962407699,16.4101227287278,90.37984391207611,122.46550466871595,131.75291758941555
399,Bibb County,Georgia,13021,80,143.75972168052417,2.90441668963449,139.45788741528835,144.53951836827747,146.57426289041382
400,Bleckley County,Georgia,13023,80,106.47230842520402,20.160759727133144,76.31596249482966,112.85973949423521,125.12806079462051
401,Brantley County,Georgia,13025,80,117.06916806780497,16.623817854925456,90.74947175658201,123.1394461094998,131.83004061260706
402,Brooks County,Georgia,13027,80,113.80179627869005,17.570764955579403,86.74936796986594,119.72018756013746,130.681008854843
403,Bryan County,Georgia,13029,80,134.19134947374624,8.7251072785911,120.88814719887701,137.2858141523761,141.6803829762175
404,Bulloch County,Georgia,13031,80,140.18313221352133,5.047170601690805,133.3078237702079,141.78786701092446,144.7088841288432
405,Burke County,Georgia,13033,80,123.84303903874927,13.222342390948802,105.91812044087386,128.0952020091833,135.81877325020756
406,Butts County,Georgia,13035,80,124.71840621445146,13.413893247260674,103.41763839449521,129.31826311129095,136.96730591732447
407,Calhoun County,Georgia,13037,80,70.63403836758569,30.24679352908211,21.98517472556689,78.9817806727182,102.67059207426512
408,Camden County,Georgia,13039,80,136.30138453196855,7.122709720839602,125.14103477336802,138.61233404635425,142.85072579961985
409,Candler County,Georgia,13043,80,99.35437806133824,23.717655711280802,61.98037320049984,107.15685295014049,122.68647870864709
410,Carroll County,Georgia,13045,80,142.59796011069216,3.5635178602275035,137.1436840265808,143.65871090315272,145.9553113047216
411,Catoosa County,Georgia,13047,80,138.44686439851714,5.854174772552336,129.39973516687502,140.34090348175937,143.92468015174617
412,Charlton County,Georgia,13049,80,107.16481538178893,20.09010452322247,76.97601853648382,114.69355961087558,125.87031403728342
413,Chatham County,Georgia,13051,80,145.8307058850761,1.7993186723848456,143.529319598467,146.10312725713507,147.85884657621222
414,Chattahoochee County,Georgia,13053,80,89.74884490075333,26.263222760808908,46.76320411708478,98.49535176337943,116.1339349763242
415,Chattooga County,Georgia,13055,80,123.82990168290655,13.624456484546997,103.40488498576411,128.52770954284733,136.2380840828407
416,Cherokee County,Georgia,13057,80,145.61158350895147,1.985086950392845,142.78618158840763,145.97939221478478,147.7249675323835
417,Clarke County,Georgia,13059,80,142.64121946054348,3.560566457629879,137.02493591410524,143.6197281928441,146.05695836103624
418,Clay County,Georgia,13061,80,35.66497964190264,32.013635066400674,-16.86983203890691,43.50477182333112,72.73673157169719
419,Clayton County,Georgia,13063,80,145.70165976250854,1.7793373497691338,143.28944198072818,145.9402559593625,147.71528406513337
420,Clinch County,Georgia,13065,80,81.20405498867258,27.59664315682495,37.12818557186665,89.20049426482262,108.78856214163413
421,Cobb County,Georgia,13067,80,147.0999074387519,1.2493415788317133,145.44174336956658,147.1739472228228,148.66996487306062
422,Coffee County,Georgia,13069,80,133.61542921674635,8.693085881155731,119.40347192041627,136.8493782650106,141.25686468887272
423,Colquitt County,Georgia,13071,80,133.7230970543814,8.906031651714828,119.90250470451058,136.82321851951056,141.50300476786524
424,Columbia County,Georgia,13073,80,143.7983565637578,2.868918577948498,139.74981827799442,144.5131057028605,146.61973609127335
425,Cook County,Georgia,13075,80,114.89336458786046,17.067294609474978,87.36984188283265,120.23608528915528,131.23553205313473
426,Coweta County,Georgia,13077,80,143.59316772335777,3.1186245314574292,138.93510722213244,144.44314313455,146.64453162033524
427,Crawford County,Georgia,13079,80,104.21409099805533,21.983087152233157,67.82812163380501,112.27342376892446,124.62932663715733
428,Crisp County,Georgia,13081,80,118.2023150715064,16.0683122508553,93.14751341348446,123.79398990816371,132.76312312518655
429,Dade County,Georgia,13083,80,113.60355313863398,18.215414212653013,85.58312139738973,119.99219863043469,130.3862141832123
430,Dawson County,Georgia,13085,80,127.84796264633839,11.167804899562691,110.57367795701133,131.65097338407548,137.7517834413153
431,Decatur County,Georgia,13087,80,126.75862612480299,12.065585453734583,108.73974699326305,130.9070510406719,137.76440448189152
432,DeKalb County,Georgia,13089,80,147.1079448925522,1.234375945452739,145.49625546704058,147.12124143811164,148.68709238168174
433,Dodge County,Georgia,13091,80,118.62332912429997,16.139663715102607,93.24022332992172,124.40784276042527,133.49714860038017
434,Dooly County,Georgia,13093,80,100.3402301263993,22.64116772214637,65.46386539081787,108.66257936666197,122.00448088631171
435,Dougherty County,Georgia,13095,80,139.8749200759597,5.234781492610968,132.03266299673408,141.67978657922973,144.62125544285294
436,Douglas County,Georgia,13097,80,143.3658918316359,3.285368456439462,138.54876604829965,144.34962872759115,146.49095567974817
437,Early County,Georgia,13099,80,98.63759997289004,24.063410333341043,59.591032167236335,106.83804203120732,121.81061707157795
438,Echols County,Georgia,13101,80,49.982030282683525,32.78769996656317,0.11429366568710261,59.281784185675455,85.35094307048332
439,Effingham County,Georgia,13103,80,138.5573308039078,6.012319307353668,129.0885395644016,140.8166075365186,143.95689592213873
440,Elbert County,Georgia,13105,80,118.29824768880275,15.837305745347546,95.71474920068266,123.65402320232495,133.38618097991534
441,Emanuel County,Georgia,13107,80,122.42187103644561,14.30563254744629,98.9575627491913,127.39837195707258,135.561375064661
442,Evans County,Georgia,13109,80,98.79050781389064,23.622743946452914,62.98222650487411,107.0783170289269,121.82542241973891
443,Fannin County,Georgia,13111,80,123.6775184463668,13.901525433257305,102.03797422963316,128.84642661769357,136.24556660775613
444,Fayette County,Georgia,13113,80,142.10378909297657,4.002136395425632,136.25576711058602,143.41755654753155,145.8924272304942
445,Floyd County,Georgia,13115,80,141.51317334878863,4.1184528673606025,135.4248047238401,142.88026134696963,145.41598913900074
446,Forsyth County,Georgia,13117,80,145.37810860741592,1.95067532823759,142.65716189076207,145.73256128736614,147.46688049919396
447,Franklin County,Georgia,13119,80,123.28374622472475,13.975136113425574,102.57420107278492,128.12489468263786,135.87560135280353
448,Fulton County,Georgia,13121,80,147.35545149361613,1.1691184268513615,145.81786025748923,147.384389207094,148.81323859303544
449,Gilmer County,Georgia,13123,80,128.67626460620127,11.470365482014975,111.6606897875326,132.7399391547974,138.88925078981615
450,Glascock County,Georgia,13125,80,37.05071682943834,32.55149022324548,-15.526594178316381,44.18915557969201,74.07039984034813
451,Glynn County,Georgia,13127,80,140.18738863116323,5.277738185493675,132.8991414078101,142.00717813565893,144.81161258691313
452,Gordon County,Georgia,13129,80,136.85676117832307,6.962864823987441,126.1042838456517,139.09630137915013,143.04549805348475
453,Grady County,Georgia,13131,80,124.91646994220064,13.434991881022976,103.55638557348651,130.2433315263251,136.80345644089533
454,Greene County,Georgia,13133,80,118.7323716657375,16.016626489089372,93.90189773179503,124.55073186723726,133.39165669577005
455,Gwinnett County,Georgia,13135,80,147.28474660061252,1.1400674840692908,145.80246939221456,147.30933654459045,148.71011838977174
456,Habersham County,Georgia,13137,80,134.7886475953352,7.834506552902464,123.33759151899216,137.46379460127363,141.86948828919054
457,Hall County,Georgia,13139,80,144.77245979728,2.4173476356673644,141.0183859710323,145.3668160387295,147.2175959526615
458,Hancock County,Georgia,13141,80,90.22215372394159,26.172886118214134,48.64026585215279,100.10789398464908,115.66718770967591
459,Haralson County,Georgia,13143,80,128.35667149629194,11.187535382252367,110.92745173568936,131.9595378725266,138.7237809817678
460,Harris County,Georgia,13145,80,130.98002552429352,10.236961810931337,115.78563053633037,134.36648488367598,139.8899196616947
461,Hart County,Georgia,13147,80,125.46116000784784,12.637723237661566,105.66036849664562,129.88501869029562,136.8504559926677
462,Heard County,Georgia,13149,80,102.3276544520389,22.8152348628974,66.60092191887504,110.51050634801493,123.85560946211396
463,Henry County,Georgia,13151,80,145.35079544878045,2.0484590033049113,142.7358118794415,145.7368988799155,147.5351483648947
464,Houston County,Georgia,13153,80,143.813160298682,2.890054504706031,139.7496162701455,144.52222791670124,146.7136840913356
465,Irwin County,Georgia,13155,80,93.89507490609853,25.0850303605356,53.598229085705746,102.16536975348413,117.74542833011868
466,Jackson County,Georgia,13157,80,140.12436328340175,4.944383012007057,133.06356595695652,141.55226576854454,144.6848217271947
467,Jasper County,Georgia,13159,80,111.92658413487028,19.034245253044762,83.5595717689118,118.74573890178432,129.4141895449668
468,Jeff Davis County,Georgia,13161,80,111.29528308332996,19.391645044338624,81.90278669569844,118.41622017194005,128.98197513406083
469,Jefferson County,Georgia,13163,80,112.04853648902822,18.512457019887435,84.31242708477392,118.31108582480186,129.35731974164108
470,Jenkins County,Georgia,13165,80,90.2041909912003,26.629624042203893,47.20211806138953,99.97810606509128,117.05413517139819
471,Johnson County,Georgia,13167,80,95.08482757181264,24.121821223700756,55.67336511451421,102.633963135411,118.51131724301284
472,Jones County,Georgia,13169,80,126.76959677387862,12.277179020258869,107.97404132443783,131.4524473141607,137.77239073699297
473,Lamar County,Georgia,13171,80,118.14973786850616,16.37738790511278,93.13965982217019,124.08398931814838,133.37642602608568
474,Lanier County,Georgia,13173,80,97.5235793700283,23.149822431354664,62.38717824779703,104.91349136240069,121.08935357244476
475,Laurens County,Georgia,13175,80,135.37290229219275,7.764872474848243,123.83640150403507,138.01879221921314,142.38378281267745
476,Lee County,Georgia,13177,80,129.20710821431908,11.108524711245853,112.69004410365808,133.4923404588475,139.29508055361757
477,Liberty County,Georgia,13179,80,138.1525452874398,6.216257820735679,128.27455273774052,140.3111154186505,143.60837399947158
478,Lincoln County,Georgia,13181,80,87.20512126655976,27.215728779930632,44.74092999928628,96.57648156488267,114.18479725674659
479,Long County,Georgia,13183,80,116.01685136823463,17.13256499925753,89.35073694193537,121.98787173455064,132.10385835541504
480,Lowndes County,Georgia,13185,80,142.2927493149392,3.7756614970859532,136.8065967459234,143.52231353905012,145.88151898933054
481,Lumpkin County,Georgia,13187,80,130.23873902467048,10.647043061650832,114.23812120014354,134.06434288596364,139.59720886891478
482,McDuffie County,Georgia,13189,80,121.28203934192621,14.695345565056066,99.9108909710176,126.37814495085844,134.74696226068068
483,McIntosh County,Georgia,13191,80,101.23243906356787,21.982126349671123,68.07099020677855,108.73264888729287,122.2634309234707
484,Macon County,Georgia,13193,80,103.27874649289032,22.976840418288077,67.0965973619312,111.33278707234294,124.7042021992505
485,Madison County,Georgia,13195,80,127.78036453658898,11.93896675092535,109.70562583893474,132.27048183456975,138.48751241403025
486,Marion County,Georgia,13197,80,84.37324795230975,27.801072733552186,40.290653547787926,92.58464779200435,112.37683954787256
487,Meriwether County,Georgia,13199,80,120.58403514574032,15.472763818150646,95.94108843147158,126.31311581496105,134.07392125748657
488,Miller County,Georgia,13201,80,74.55770204313784,28.613533323000198,27.76970408921456,83.58519765848847,103.2551325617024
489,Mitchell County,Georgia,13205,80,121.08352424356742,14.337455962144997,98.96908078100736,126.19301875754142,134.23608651796636
490,Monroe County,Georgia,13207,80,127.05537694369433,11.974763019844747,107.65191897720398,131.27159010362448,138.1817564780773
491,Montgomery County,Georgia,13209,80,92.63960953132394,24.8130288071227,52.17090398451305,101.03411419245307,116.68964827995373
492,Morgan County,Georgia,13211,80,119.76548298677692,15.920187791026716,94.4564997569239,125.5989220778557,134.04353369258794
493,Murray County,Georgia,13213,80,132.09271900859193,9.986142916473629,117.03217066924722,135.93231277986595,140.8132887400462
494,Muscogee County,Georgia,13215,80,144.75704845083595,2.33341338079713,141.66674159899935,145.22389598249043,147.15352795423166
495,Newton County,Georgia,13217,80,142.17851091678256,4.056011714167747,135.88172190629123,143.4955745057321,145.9035359287581
496,Oconee County,Georgia,13219,80,133.300220715844,9.265642524602281,118.74290115605768,136.68529502921888,141.26063308889596
497,Oglethorpe County,Georgia,13221,80,111.05658200895076,19.14079457381736,80.87078138055918,117.84971293905261,129.11414680679195
498,Paulding County,Georgia,13223,80,144.30038081127225,2.6152091835427287,140.58420842291065,144.91696856725224,146.90266871011966
499,Peach County,Georgia,13225,80,126.02751426640575,12.846694281260056,105.66257503791294,131.00415739837325,137.37392051935464
500,Pickens County,Georgia,13227,80,129.29777208805248,10.90243739932347,112.32091388282737,132.96456821612222,139.25697081052542
501,Pierce County,Georgia,13229,80,118.73226257167876,16.237376500012072,91.94978164891542,124.7512834376397,133.3235457169095
502,Pike County,Georgia,13231,80,118.55078817099097,15.77837664482071,94.1735517431686,124.02181751683315,133.27067330608187
503,Polk County,Georgia,13233,80,133.90632494522652,8.465362417302865,121.40351335695433,136.8617975231437,141.11552388661758
504,Pulaski County,Georgia,13235,80,97.47733985714493,23.57858414680859,61.49815191947872,104.77292765660599,120.86501818060144
505,Putnam County,Georgia,13237,80,121.53537203706686,14.864007135089714,98.98930948621629,126.94362726247371,134.87627917796584
506,Quitman County,Georgia,13239,80,23.174580898773034,31.43306930459021,-26.64381957679039,29.923262039448197,59.40729517009377
507,Rabun County,Georgia,13241,80,114.75393390991216,17.59934600907873,87.39868986689153,120.90728611667919,131.09068435365452
508,Randolph County,Georgia,13243,80,76.19328782044552,29.05729823648192,30.219062312036595,84.6936244930987,106.78578360527388
509,Richmond County,Georgia,13245,80,144.75145392084465,2.308174513223662,141.50558840090196,145.28706614876447,147.15185807807174
510,Rockdale County,Georgia,13247,80,140.7014826844773,4.983446772013565,133.00925915082,142.48463136603908,145.1028805021436
511,Schley County,Georgia,13249,80,61.62774483678294,30.566089679932603,14.651882276791092,69.6558103998604,93.2224059312643
512,Screven County,Georgia,13251,80,108.21915755992414,19.941689787660145,74.24522959631966,114.33140904450386,127.55445786068582
513,Seminole County,Georgia,13253,80,94.76399669573698,24.363718656268304,57.17890209460291,102.5337323272052,118.41886212663655
514,Spalding County,Georgia,13255,80,138.64170318309195,5.806072793729141,130.63910614963177,140.6779142579736,143.8863331033034
515,Stephens County,Georgia,13257,80,126.06917389531469,12.31430349649562,107.51027003192736,130.52352919096194,137.22061958324056
516,Stewart County,Georgia,13259,80,61.40100221397124,31.29421219866517,13.075275362814411,70.58755935751913,94.53425070746783
517,Sumter County,Georgia,13261,80,127.43398575919649,12.000709932574072,109.54512759102634,131.5127994542018,137.84826186437772
518,Talbot County,Georgia,13263,80,71.8860913987877,29.600907771631014,24.60630036037033,80.33628838435413,102.83173788690972
519,Taliaferro County,Georgia,13265,80,2.126157125653149,30.3118321950533,-41.840158687944054,7.224447406150473,37.86773443546767
520,Tattnall County,Georgia,13267,80,122.70480522565448,14.379396098270178,100.15772516767856,127.69194737795627,135.74611968793968
521,Taylor County,Georgia,13269,80,87.29649000674979,26.525529075868477,45.48061912588078,94.93500636390701,113.1579431927463
522,Telfair County,Georgia,13271,80,105.68471565410701,20.645713814189484,74.17045846631942,112.91565880939945,125.10621099614417
523,Terrell County,Georgia,13273,80,91.79366196310293,25.696232512123633,49.16093066529049,100.0980648555566,116.89705678613366
524,Thomas County,Georgia,13275,80,133.93736933766374,8.479066444538681,121.16999732004557,137.07812264884583,141.3592516781337
525,Tift County,Georgia,13277,80,132.84784569218417,9.0149529675904,118.8147353729759,136.12566633313452,140.7278123097905
526,Toombs County,Georgia,13279,80,125.68914805062188,13.004372203274002,105.76858814851603,130.57713353648757,137.34034146940758
527,Towns County,Georgia,13281,80,106.99152767664324,20.52449447586411,73.44918856235712,114.28764867760134,126.26026618371262
528,Treutlen County,Georgia,13283,80,77.53519504605269,28.41434917144185,31.14237938714675,86.47557946897481,107.13375599939972
529,Troup County,Georgia,13285,80,138.63671681549906,6.073474125511759,129.25577045107516,140.7767277669816,144.11458847933932
530,Turner County,Georgia,13287,80,92.93540631136932,25.23491073885351,55.69391058273905,100.70486329805658,117.99024887293405
531,Twiggs County,Georgia,13289,80,85.45971258068275,26.859614172158626,43.95081904071313,94.370079343978,113.13937624671337
532,Union County,Georgia,13291,80,125.13989675707256,13.173887473252375,104.2028900074227,129.90351032019115,136.97375376767903
533,Upson County,Georgia,13293,80,126.0302432265024,12.760955571852056,106.10926704686186,130.55721429513014,137.50922861871172
534,Walker County,Georgia,13295,80,138.76069630545808,5.771789692208133,130.5188727765235,140.6837095456643,143.9546745971558
535,Walton County,Georgia,13297,80,141.66619638541118,4.100337634360523,135.5642581162126,143.07321069140062,145.4259316805322
536,Ware County,Georgia,13299,80,131.27440345369098,9.623892903472894,116.79023203066409,134.55334898642516,139.87325426137758
537,Warren County,Georgia,13301,80,68.60470939576334,30.324521685417455,19.587323012661997,77.22031967191656,100.01744507955034
538,Washington County,Georgia,13303,80,118.13615043524679,16.057954159784448,92.62980948162273,123.84790663894911,133.0263872218981
539,Wayne County,Georgia,13305,80,128.4467709528926,11.6885951631972,110.7787008626893,132.61653290947476,138.6603479267726
540,Webster County,Georgia,13307,80,25.833934738108212,31.11481235911353,-23.731790745805476,32.624517888926576,61.602621583666014
541,Wheeler County,Georgia,13309,80,85.26617494728819,26.97654598039065,43.48092379963569,93.90552531637371,111.88657005641453
542,White County,Georgia,13311,80,126.5160031841303,11.928003563997946,109.28846871816677,130.57282470167058,137.55326887757258
543,Whitfield County,Georgia,13313,80,141.54901196154574,4.209651983997747,134.57721459398255,142.967423734588,145.46700365707824
544,Wilcox County,Georgia,13315,80,93.12073248489455,24.54510769021089,56.36659240806956,101.20712162015374,117.13342537641182
545,Wilkes County,Georgia,13317,80,94.75348813956411,25.010641586579187,54.3693625485438,102.67311107965556,118.8941939434958
546,Wilkinson County,Georgia,13319,80,92.64411677978508,24.76534330731119,52.31134640394121,101.16496060968288,115.98899230986915
547,Worth County,Georgia,13321,80,119.71388006854727,15.823124510827109,95.3625235999181,125.58602145520695,133.78943433196216
548,Hawaii County,Hawaii,15001,80,145.817065603576,1.885297323906956,143.2078043166735,146.132281998943,147.91823450771503
549,Honolulu County,Hawaii,15003,80,147.55718216184184,1.0730132813286608,146.15575050180152,147.58788828087933,148.93854910330964
550,Kalawao County,Hawaii,15005,80,-92.55392437215899,3.3178211914941,-97.0672090236867,-92.57203456678403,-87.84908847680849
551,Kauai County,Hawaii,15007,80,141.7426974745457,4.288832387834254,135.3451532778677,143.09625962058118,145.60935948306494
552,Maui County,Hawaii,15009,80,145.23185546376888,2.140425392960879,142.3788947579976,145.69676924238524,147.44977979206936
553,Ada County,Idaho,16001,80,147.23823607063497,1.2504118537788516,145.6610007777447,147.3160544261157,148.80436277282828
554,Adams County,Idaho,16003,80,84.09688259599258,27.625898044306492,41.37556907851982,92.66024920402198,112.1962856280777
555,Bannock County,Idaho,16005,80,143.01833109708235,3.486608851466325,137.9703970748551,143.93263600602376,146.37755405913123
556,Bear Lake County,Idaho,16007,80,99.02271254136316,22.82090856845159,63.59678227503739,105.67305185500209,122.07376601242642
557,Benewah County,Idaho,16009,80,111.70754046756925,19.607557169656992,80.33535406102087,117.8055926514003,130.60492644126094
558,Bingham County,Idaho,16011,80,139.42900223889174,5.613671569928514,131.2294713739128,141.22306514876766,144.62994439083388
559,Blaine County,Idaho,16013,80,131.0727624571328,9.935095720515793,116.57054829503521,134.32445851788515,139.99639270668305
560,Boise County,Idaho,16015,80,105.5339132859144,22.975853806205482,69.98505351172746,113.04662657279356,126.74849827212209
561,Bonner County,Idaho,16017,80,139.32513287899312,5.655692910575293,131.50146396483285,141.2649010521438,144.55294519706777
562,Bonneville County,Idaho,16019,80,144.4645916154888,2.633093190853639,140.60638965934507,145.1860905606493,146.96953482262444
563,Boundary County,Idaho,16021,80,119.2892377230112,15.58035103226837,96.06501789058125,124.64870402009981,134.2036302727289
564,Butte County,Idaho,16023,80,54.229146499644116,32.766904492857826,-0.21828546958740136,63.16758664458912,90.57204536247765
565,Camas County,Idaho,16025,80,7.655312039834019,33.02715235236983,-43.8436528647947,12.351661530094056,48.44777300376464
566,Canyon County,Idaho,16027,80,146.21176750440304,1.6500646348096304,144.01716243584173,146.41436291978272,148.10341124622323
567,Caribou County,Idaho,16029,80,100.79394329512016,23.75145401118336,65.44296285567088,109.15228548876591,123.43051483941818
568,Cassia County,Idaho,16031,80,131.90923198202142,9.712723503150427,117.5339453542501,135.18760693234006,140.72344655284644
569,Clark County,Idaho,16033,80,-13.920671710160688,29.604036762832283,-60.019738499893826,-8.164468024950082,22.073650453487705
570,Clearwater County,Idaho,16035,80,108.83257868314887,20.036603354577185,78.47139022104189,115.57005146040026,127.90687648215592
571,Custer County,Idaho,16037,80,81.52445104521568,29.18327778083872,35.374046013785566,89.4847355722832,112.56064051131156
572,Elmore County,Idaho,16039,80,133.73256963483198,8.526224137558895,121.41579486696264,136.55436213158686,141.50264986016438
573,Franklin County,Idaho,16041,80,121.84401094272047,15.584387859377273,97.7798183665689,127.6577282064464,135.42039708185945
574,Fremont County,Idaho,16043,80,120.02016314076309,15.754326614229075,95.2068936696187,125.5530161509958,134.75945639889198
575,Gem County,Idaho,16045,80,128.36182940218484,11.465515588910982,111.93289284890203,132.51575716860825,139.01454983848424
576,Gooding County,Idaho,16047,80,123.33713859499261,14.641054185916412,102.53798951264938,128.52762857408123,136.3166722201904
577,Idaho County,Idaho,16049,80,125.39505474467627,13.295597142521137,105.53844497637436,129.95841006574352,137.88971448339436
578,Jefferson County,Idaho,16051,80,134.96307660043746,8.421743994722176,122.58298946365785,137.93780102463802,142.3790077640668
579,Jerome County,Idaho,16053,80,132.07859044872365,9.241916692357794,119.44056538715259,135.1518803916449,140.85522937687844
580,Kootenai County,Idaho,16055,80,145.45117373642535,2.0801144739349375,142.64942856378943,145.7997324729574,147.61603527157882
581,Latah County,Idaho,16057,80,137.58682395022186,6.593438484905541,128.17247889012143,139.8913296968778,143.64524400520315
582,Lemhi County,Idaho,16059,80,104.4368901100826,22.389416581540573,70.24543214497928,112.00513871935894,125.3459931383764
583,Lewis County,Idaho,16061,80,72.45449911152167,30.878772634971806,26.20982243320294,80.40000509911567,104.55484980137817
584,Lincoln County,Idaho,16063,80,87.86083035819786,26.433278311187895,46.13071601414293,96.1733272794614,114.75013538917453
585,Madison County,Idaho,16065,80,139.93659637403064,5.351825745244087,132.420673425646,141.65011987073635,144.73704944672235
586,Minidoka County,Idaho,16067,80,129.71354748827554,11.198741057801971,113.52693032232384,133.5821751213211,139.70128984900776
587,Nez Perce County,Idaho,16069,80,138.03068141101724,6.509611250686831,128.8499232887687,140.18630308216999,143.88046951603587
588,Oneida County,Idaho,16071,80,83.94820783133366,28.616073459900274,43.32963026658176,93.434376714752,112.38131641949727
589,Owyhee County,Idaho,16073,80,116.80015842323203,17.321420451040535,89.29606000362186,122.44621956989295,133.23175280134515
590,Payette County,Idaho,16075,80,132.68720709763426,9.681240188210008,118.82749066987158,136.15551024662074,141.23743752274066
591,Power County,Idaho,16077,80,103.74029893255441,23.08157351085006,67.99920222952294,111.22252474128507,125.87148167160534
592,Shoshone County,Idaho,16079,80,119.79862147657789,16.01980494329312,94.24896922278164,125.39568097777865,135.0017878390202
593,Teton County,Idaho,16081,80,117.64843005248348,16.603405279806992,93.5653497490247,122.94123528227063,133.40120592700467
594,Twin Falls County,Idaho,16083,80,143.30226432301342,3.4032904642958863,138.71489906217477,144.1438760177179,146.56842808495858
595,Valley County,Idaho,16085,80,117.14225859515258,17.10712667473076,90.89416121283516,122.63909479694736,133.3257699781966
596,Washington County,Idaho,16087,80,114.66886423898137,18.17757093930313,86.23704225954725,120.88778893949258,131.7844481962713
597,Adams County,Illinois,17001,80,140.76552805659688,4.889500328364759,134.0709717163976,142.29376497123047,145.2123037959292
598,Alexander County,Illinois,17003,80,81.30230102179138,28.80442686638988,33.48843495485333,90.44399998812729,110.82239219644245
599,Bond County,Illinois,17005,80,122.2486563112472,15.018088138773349,99.47264922573567,127.88031303570278,135.84192589577177
600,Boone County,Illinois,17007,80,138.7313718675222,6.034377917055031,130.03375657065857,140.77891838535425,144.1824516783729
601,Brown County,Illinois,17009,80,91.30768889582114,26.05474290010837,50.773427583113005,99.90367123789531,117.49699398349456
602,Bureau County,Illinois,17011,80,133.87597924440124,9.154177700980354,119.24555411576866,137.19132894956397,141.84944362458762
603,Calhoun County,Illinois,17013,80,76.27801263164267,29.731639499878167,29.141753946236367,84.59738814426254,107.90373424426836
604,Carroll County,Illinois,17015,80,120.31379655656687,15.921328112324423,95.33200189869032,125.95533754465299,134.76800778940233
605,Cass County,Illinois,17017,80,115.55087056981691,17.608416787441485,89.87496822205374,121.64681301744199,132.11612375860247
606,Champaign County,Illinois,17019,80,145.707132212791,1.941434800941801,143.17080033163506,145.97829180401482,147.81376047174925
607,Christian County,Illinois,17021,80,134.1914247589225,8.691934281152657,120.22209171562476,137.15020571057096,141.864212463903
608,Clark County,Illinois,17023,80,120.2220635806073,16.016128113427392,96.67690220676711,125.8446909378473,134.5528983488051
609,Clay County,Illinois,17025,80,116.39021429815226,17.135201040053573,90.82533934308194,122.53234303870228,132.63272493237824
610,Clinton County,Illinois,17027,80,135.46963781936233,7.729888222285888,124.44616148151373,138.2385703985303,142.5394966371697
611,Coles County,Illinois,17029,80,137.94897854933495,6.260077296794198,129.17690654466594,139.8798509000281,143.6858179579093
612,Cook County,Illinois,17031,80,148.0087184458102,1.0627977184826694,146.62773408393554,148.00682658759052,149.39536326854724
613,Crawford County,Illinois,17033,80,124.21032665910631,13.66750196486236,104.12483589710399,129.13005979593186,136.89467640184913
614,Cumberland County,Illinois,17035,80,108.67099916352952,20.557403018381528,74.31444381107164,115.39809325565389,128.32144390835032
615,DeKalb County,Illinois,17037,80,143.27514277714752,3.1984019686133562,138.4991286721754,144.0474667624024,146.34336703332625
616,De Witt County,Illinois,17039,80,120.35587263752093,15.840182721485135,95.61046132105662,126.22465263419927,134.82538450571212
617,Douglas County,Illinois,17041,80,125.07520429106405,13.56612049374907,104.30975448871683,129.56225643071747,137.46174122239918
618,DuPage County,Illinois,17043,80,147.46633472661728,1.1213062231634205,146.02950369220864,147.4784276467521,148.8618760595233
619,Edgar County,Illinois,17045,80,121.40703929866913,15.443768378831068,98.92237399662781,126.90972236014424,135.7964100507397
620,Edwards County,Illinois,17047,80,91.48116048632748,25.45373178910561,52.2418582447393,98.84783270161631,117.50155406445188
621,Effingham County,Illinois,17049,80,134.64444629213023,8.07620848204537,122.62124887001207,137.40913930331504,141.94760758499353
622,Fayette County,Illinois,17051,80,127.02046489139273,12.28524196717458,108.44019177629347,131.20373666235815,138.32910274884654
623,Ford County,Illinois,17053,80,117.98873483948694,16.338746623775414,92.53231859264515,123.15209054572145,133.06541599870906
624,Franklin County,Illinois,17055,80,135.70969841978518,7.785785145574683,124.51938213547336,138.41411030902958,142.5620996151503
625,Fulton County,Illinois,17057,80,134.2996804102173,8.798967049636255,120.47561125892949,137.3199610680822,142.00359995366247
626,Gallatin County,Illinois,17059,80,79.35056110819558,29.36427591559258,31.42806467326147,87.13027406545825,110.30470523358912
627,Greene County,Illinois,17061,80,113.8860865719677,18.139183214049414,86.38903959170612,119.77514954275054,131.0510464221998
628,Grundy County,Illinois,17063,80,139.0180940292935,5.891283748940907,129.8559916441391,141.1155086449991,144.25160005935106
629,Hamilton County,Illinois,17065,80,101.36339252461347,23.59681426789488,63.4046025191408,108.87070375494301,124.38827835023079
630,Hancock County,Illinois,17067,80,123.3715309995122,14.494743565180796,102.02719669232687,128.31239191642274,136.18702583384302
631,Hardin County,Illinois,17069,80,67.46213079684983,30.868522115313652,21.47669448260765,75.90211836811518,101.52168115901726
632,Henderson County,Illinois,17071,80,91.89749496262388,25.493664817598575,53.10419030624754,101.16417863863299,117.47285058300596
633,Henry County,Illinois,17073,80,138.61538518973887,6.109383557936257,130.36655828741715,140.93355953607417,144.0014019654252
634,Iroquois County,Illinois,17075,80,130.88016010650742,10.216610808124255,116.08876919449888,134.2188129954113,140.41896622293092
635,Jackson County,Illinois,17077,80,139.10382819863113,5.919961464022073,130.40455307163535,141.21444099685738,144.3169722889894
636,Jasper County,Illinois,17079,80,105.637079459581,21.949907260852473,68.9403319936184,113.05402865141366,126.65596359068023
637,Jefferson County,Illinois,17081,80,135.71724553832215,7.8548040247379864,124.49949437862071,138.38106598251534,142.43171725058494
638,Jersey County,Illinois,17083,80,127.31963886656996,12.077133686991564,109.82499070040653,131.28379350282364,138.24687549809715
639,Jo Daviess County,Illinois,17085,80,127.83046121464649,11.540487330332812,110.09392323663832,131.61632716095136,138.46939305175542
640,Johnson County,Illinois,17087,80,116.50458398448237,17.028082413913253,88.6624807822575,122.72418495697073,132.05639543032706
641,Kane County,Illinois,17089,80,147.02956488369264,1.2675683900200991,145.39041380630175,147.06197723948736,148.5983221743884
642,Kankakee County,Illinois,17091,80,143.62358277282746,3.135514207511474,139.4692452593478,144.4564087283636,146.6332485575252
643,Kendall County,Illinois,17093,80,144.20698765152738,2.6999160124968995,140.15928424411948,144.83392315220732,146.92133414381829
644,Knox County,Illinois,17095,80,138.19744158372998,6.312869950229448,128.70592020490332,140.22213277597405,143.88195189194005
645,Lake County,Illinois,17097,80,147.31462262620303,1.193764660248144,145.7402073077987,147.33263393498146,148.79539966907564
646,LaSalle County,Illinois,17099,80,143.53878051005233,3.0743061194421473,139.24456345492527,144.42714064791448,146.42380907445553
647,Lawrence County,Illinois,17101,80,119.751086664654,15.39877508491118,96.06480479912675,124.76905158033972,134.39938901028998
648,Lee County,Illinois,17103,80,134.0977998286403,8.5884252378453,120.55174288707845,137.13828320369566,141.9500796388286
649,Livingston County,Illinois,17105,80,134.9106630437362,8.351497763889766,122.09012744503747,137.71812066996546,142.3828009502524
650,Logan County,Illinois,17107,80,131.24065654694522,10.26203046426654,116.08948262348184,134.80200815757956,140.22745741616825
651,McDonough County,Illinois,17109,80,130.69903360785926,10.387753091731973,114.4328835882539,134.33987220431723,140.2531925493028
652,McHenry County,Illinois,17111,80,146.46550329324074,1.5437762991557087,144.3603480925352,146.57644240174022,148.30920437574957
653,McLean County,Illinois,17113,80,145.2008515822281,2.08400782657477,142.51119776595064,145.5801373126224,147.40334153712033
654,Macon County,Illinois,17115,80,143.3142692911412,3.1611744899234058,138.74230703842545,144.13420460097305,146.34651438450058
655,Macoupin County,Illinois,17117,80,137.75831020581683,6.34931026053225,128.94733489459924,139.97457438537464,143.39699883041914
656,Madison County,Illinois,17119,80,146.2086328983435,1.70551346206557,143.96774136254612,146.48797891785827,148.12362279772375
657,Marion County,Illinois,17121,80,135.53630800633744,7.670553108519918,124.92168166942967,138.18847870967147,142.39025803946842
658,Marshall County,Illinois,17123,80,113.24539241722454,18.691550915164363,84.88269458861811,119.59903510349778,130.96894114646562
659,Mason County,Illinois,17125,80,116.0411604560787,17.333046357611625,89.44644766211265,122.235734394015,132.16496397267474
660,Massac County,Illinois,17127,80,118.56158403437958,16.366010013348713,93.88983027633192,124.25092043434563,133.4603316402848
661,Menard County,Illinois,17129,80,114.3122120242006,18.178134461999313,86.99311116749615,120.40620115394495,131.40709405509426
662,Mercer County,Illinois,17131,80,120.8325757018202,15.800657719988367,96.83956951799773,126.84802002982222,135.14709900207933
663,Monroe County,Illinois,17133,80,134.82691145642724,8.069924184746448,122.87132569159233,137.38609532878127,142.20911683162456
664,Montgomery County,Illinois,17135,80,132.17232419932873,10.190118980452281,117.46649158020864,135.78068118605597,141.1037419920887
665,Morgan County,Illinois,17137,80,133.92598730355186,8.896953796517343,121.26250185438556,137.0092866394255,141.76922669476954
666,Moultrie County,Illinois,17139,80,118.28738640334663,16.85720945318661,92.37028971830169,124.26297944453182,133.850827987354
667,Ogle County,Illinois,17141,80,138.57439277169428,6.328712027539996,129.62251314743492,140.84284484140906,144.10635319667563
668,Peoria County,Illinois,17143,80,145.2618471255373,2.070447154022255,142.40339795507904,145.59978954789437,147.48604358691833
669,Perry County,Illinois,17145,80,126.66301446059052,12.57319405293182,107.46205802379055,130.835382061368,138.285459004892
670,Piatt County,Illinois,17147,80,122.47222389707892,14.337430601603543,103.23750178174015,127.08575922782764,135.5907894985037
671,Pike County,Illinois,17149,80,119.58550607359709,16.303359635018786,93.09023278277883,125.35469655513212,134.30841972832255
672,Pope County,Illinois,17151,80,69.26941663872515,31.030938304318003,22.756570571845995,78.74157741434294,101.78874363723313
673,Pulaski County,Illinois,17153,80,82.30831176454171,27.803779655226993,38.224348971395585,90.25860744090429,112.45374307640697
674,Putnam County,Illinois,17155,80,86.20332967038533,27.22941043387509,45.538387579767836,94.60477862076843,114.54517032317673
675,Randolph County,Illinois,17157,80,132.63937811619593,9.424806113776006,117.45361400369801,135.79417422196366,141.1791157818541
676,Richland County,Illinois,17159,80,119.97418500350668,15.566224628720308,96.26983672932532,125.1824692618546,134.51480845663878
677,Rock Island County,Illinois,17161,80,144.61213145651385,2.5976033695554768,140.86120247459345,145.25688785662436,147.21573450127272
678,St. Clair County,Illinois,17163,80,146.18031854736319,1.626277557740638,144.09410776912617,146.39040422491095,148.0047674468106
679,Saline County,Illinois,17165,80,128.55752632420302,11.421421118062147,111.84725549870399,132.19211406531457,139.19523496817808
680,Sangamon County,Illinois,17167,80,145.62140739254622,1.960168437571433,142.850501527316,145.9329030751083,147.7891034498414
681,Schuyler County,Illinois,17169,80,94.87024267039787,24.464222971322712,56.13379240524585,102.88621111156894,119.2337277961905
682,Scott County,Illinois,17171,80,80.16797295268815,28.470915004955167,34.81587154737263,88.93982592007494,109.26341986244066
683,Shelby County,Illinois,17173,80,126.93366663328095,12.322200111796796,108.43461952736916,130.99954418039496,138.20826256619915
684,Stark County,Illinois,17175,80,86.12567136067089,26.804596542881832,44.45123876531932,94.228352189612,112.97529530742842
685,Stephenson County,Illinois,17177,80,137.22266748253222,6.595229057534464,127.0773575497038,139.56719979341176,143.37917575098166
686,Tazewell County,Illinois,17179,80,144.2878876704369,2.680125050213779,140.76761403351725,144.9344346855659,146.90200658745863
687,Union County,Illinois,17181,80,122.45015535037797,14.84043414639933,99.35594854399676,127.84589075310303,135.88368454864724
688,Vermilion County,Illinois,17183,80,141.3354355207172,4.360147567748878,135.04089752584238,142.577327826023,145.3607748899078
689,Wabash County,Illinois,17185,80,110.84386995884556,19.8888408820926,78.85792550043982,117.46398519807065,129.88144381984847
690,Warren County,Illinois,17187,80,120.6972904362582,15.862995749256243,98.05384909554654,125.99817782055992,135.21561667894886
691,Washington County,Illinois,17189,80,117.36331909804471,16.968938875439516,91.40497251655704,123.42002241344349,133.55475676254454
692,Wayne County,Illinois,17191,80,121.13233965522058,15.36312675112151,97.79719162036955,126.24790826423684,135.26400226452424
693,White County,Illinois,17193,80,117.6745836280715,16.340708508858288,92.7027864101945,123.51526001959763,133.0429293051841
694,Whiteside County,Illinois,17195,80,139.45838413051027,5.408046696846171,131.6753768644709,141.22467545939327,144.3439697204898
695,Will County,Illinois,17197,80,147.34882856903516,1.1421486277702242,145.917595590477,147.36252782454682,148.7587772258334
696,Williamson County,Illinois,17199,80,140.6854443721389,4.727843727659232,133.53139635452447,142.20996881913155,145.01845976697163
697,Winnebago County,Illinois,17201,80,146.3492415942568,1.567161959996836,144.2299343843205,146.51863837980335,148.17366587739082
698,Woodford County,Illinois,17203,80,135.67038405467986,7.925704796737389,123.55173884375677,138.60613110244566,142.5184631844983
699,Adams County,Indiana,18001,80,135.2401345523852,7.9029380135484315,123.49600672738147,138.02665066620915,142.40010935872172
700,Allen County,Indiana,18003,80,146.8247596517215,1.304423323565882,145.08007720233172,146.87881572229782,148.4284701198573
701,Bartholomew County,Indiana,18005,80,142.31817232378322,3.788197553796317,137.1069418516089,143.39712757761293,145.97424225299417
702,Benton County,Indiana,18007,80,104.09376986123644,22.220841257025153,68.52337905813725,112.07414299179291,125.27962554281513
703,Blackford County,Indiana,18009,80,114.48611103908031,18.278670843920175,86.35029393966377,120.61905724416508,131.8916865412236
704,Boone County,Indiana,18011,80,141.6248069930332,4.199628837180613,135.86913427656873,142.77858455961706,145.4388741359516
705,Brown County,Indiana,18013,80,119.34915336444267,16.896261481248647,94.252107007412,125.13208739374906,134.54348370990024
706,Carroll County,Indiana,18015,80,126.8988239439311,12.393454441928577,108.10432252366843,131.16332434621305,138.39198631637151
707,Cass County,Indiana,18017,80,135.7559102529543,7.754461548861366,124.18212882679879,138.57062033881655,142.47885173954006
708,Clark County,Indiana,18019,80,144.08086480994046,2.8579451825907767,140.2062439365971,144.8499663003984,146.91911332788325
709,Clay County,Indiana,18021,80,131.22459207061968,10.135265840267524,115.4089001083977,134.90626234132264,140.27273788937705
710,Clinton County,Indiana,18023,80,133.8122710903,8.92308497642967,120.4651491455712,136.92707469885124,141.80801126312682
711,Crawford County,Indiana,18025,80,111.12333706040927,19.28082734335266,80.5975618069125,117.64447297317214,129.44292910797037
712,Daviess County,Indiana,18027,80,134.12687593700107,8.600971497794976,121.27812459815941,137.13417222660996,141.82292796130758
713,Dearborn County,Indiana,18029,80,138.68497921905282,5.8724539633602,129.90227133650504,140.6631306552133,144.01432542724385
714,Decatur County,Indiana,18031,80,130.99917254233515,10.29764805732817,115.23215294815672,134.68168002307243,140.32510061951228
715,DeKalb County,Indiana,18033,80,137.45320478324314,6.797825893275475,128.0188398146432,139.87532792902198,143.4343483228778
716,Delaware County,Indiana,18035,80,143.69712436599718,2.999865640575629,139.36534184804475,144.506953736644,146.62280437166245
717,Dubois County,Indiana,18037,80,137.00736325190633,7.082955800435619,126.35901057165566,139.42491644376335,143.1774153532339
718,Elkhart County,Indiana,18039,80,145.64969554400727,1.8838663192751104,143.05919438847303,145.968119298596,147.69724317359405
719,Fayette County,Indiana,18041,80,129.13114644947126,10.970831275692797,113.39867277838844,132.96861932840565,138.92457038333453
720,Floyd County,Indiana,18043,80,142.10652461528457,4.105556497902453,136.1328029979256,143.35083330076077,145.88351716814898
721,Fountain County,Indiana,18045,80,121.60197102864224,15.402733111336442,98.40594115748013,126.87767619144563,135.3279744402676
722,Franklin County,Indiana,18047,80,128.58523036826585,11.631289276571215,111.07137366430449,132.85852550619012,138.83113861784412
723,Fulton County,Indiana,18049,80,125.94099127102271,12.508975046300248,107.81818687411211,130.08630287278947,137.39663621082622
724,Gibson County,Indiana,18051,80,134.3399837746887,8.205062226974366,121.70398747983654,137.23131901687387,141.69214115372165
725,Grant County,Indiana,18053,80,140.75346139004003,4.708263727433753,133.99092557709042,142.13080178971006,145.15915778063618
726,Greene County,Indiana,18055,80,133.11535870249512,9.297736097989867,119.0582328085039,136.22765719108727,141.48458090081056
727,Hamilton County,Indiana,18057,80,146.61938016094496,1.5050153672020572,144.6240303988886,146.77411500861348,148.36968668628083
728,Hancock County,Indiana,18059,80,142.10190700203228,3.953965818307136,136.27803894506908,143.26812282490982,145.821741180226
729,Harrison County,Indiana,18061,80,136.04847024014927,7.613568511749382,125.06521128433086,138.72100946389776,142.89271116700124
730,Hendricks County,Indiana,18063,80,145.34659646712439,2.0686798892918232,142.50444798814326,145.71194738225347,147.57659711225037
731,Henry County,Indiana,18065,80,138.62054114434676,5.993057567773467,129.6505016232893,140.67338839711493,143.99666881564266
732,Howard County,Indiana,18067,80,142.13090993875673,3.9728721325978475,136.06024860991604,143.37277350681413,145.84848120887386
733,Huntington County,Indiana,18069,80,135.31807047884416,7.961472173564477,124.29154525788098,137.86297059723978,142.68075389405493
734,Jackson County,Indiana,18071,80,137.60398735434595,6.614899658511075,128.06330083808828,139.6561825770885,143.69425844908898
735,Jasper County,Indiana,18073,80,134.23622925912147,8.468299628265013,122.0308048651145,137.200938612688,141.8404700833311
736,Jay County,Indiana,18075,80,126.42054685794858,13.08173371134479,106.52450184708168,131.3432704565077,138.0194587220394
737,Jefferson County,Indiana,18077,80,134.0529722902974,8.673022937892393,121.75154455605895,137.06823157554203,141.8824362385497
738,Jennings County,Indiana,18079,80,131.72081151139002,9.655893027982282,116.92094935075612,135.07115821922568,140.49999575582575
739,Johnson County,Indiana,18081,80,145.08338968067994,2.2242970316164854,141.99834788023398,145.56785416755827,147.4350281900996
740,Knox County,Indiana,18083,80,135.02485889151603,8.07309849007751,122.5690676411521,138.02586961802496,142.13801083620135
741,Kosciusko County,Indiana,18085,80,142.08402505588253,4.153136744516852,136.55481693455332,143.36165535131005,145.88416298437048
742,LaGrange County,Indiana,18087,80,136.64781930794516,7.3435584221935235,126.44805285759047,139.2999865504493,143.0724441791029
743,Lake County,Indiana,18089,80,147.07061908837505,1.235041835152504,145.45176979247327,147.13599766735982,148.63601069514823
744,LaPorte County,Indiana,18091,80,143.7150167429141,2.9841554931108742,139.57452948989084,144.445701351411,146.68399181556236
745,Lawrence County,Indiana,18093,80,137.40429359776527,6.56992764097079,127.95994640702965,139.6388168415553,143.42300890936824
746,Madison County,Indiana,18095,80,144.2448100797242,2.7944299882277353,140.1177513295076,144.92482999242873,147.04218480272
747,Marion County,Indiana,18097,80,147.64147053608963,1.0730422367411763,146.31565251788078,147.646770540209,149.07462889327954
748,Marshall County,Indiana,18099,80,137.68718324600567,6.586966359421723,127.42346674423646,140.02625331447632,143.65137377919072
749,Martin County,Indiana,18101,80,108.07081078191516,20.676286634687422,77.02369255312504,114.42025897063849,128.0735573059151
750,Miami County,Indiana,18103,80,135.03366604198555,8.561433399823462,122.39386744319187,138.359988751072,142.39678112398224
751,Monroe County,Indiana,18105,80,144.473944679006,2.6016550242050593,140.77571927344982,145.06802492667526,147.13656297590623
752,Montgomery County,Indiana,18107,80,135.77198975841725,8.07061152488338,123.06166611600547,138.71795958370132,142.7203776267596
753,Morgan County,Indiana,18109,80,141.25653132868874,4.544080745192543,134.4066095297655,142.7042572686799,145.4185169602721
754,Newton County,Indiana,18111,80,118.88887149882484,16.035876296028587,93.34653315405654,124.60163191574095,133.86519818753996
755,Noble County,Indiana,18113,80,138.0937600235283,6.454005762400874,128.10111601056727,140.2015623508343,143.92969171083865
756,Ohio County,Indiana,18115,80,91.74985401448251,26.358498143913394,49.28963779526868,101.02131358904835,117.27956049551142
757,Orange County,Indiana,18117,80,125.49156268363362,13.103856551864821,104.79083151757452,130.47599050399404,137.27078565985724
758,Owen County,Indiana,18119,80,127.42933262888069,12.044480732350644,109.55863679518735,131.73691089414615,138.2524367611543
759,Parke County,Indiana,18121,80,121.75353008572895,15.179933626814819,99.77778217865185,126.99042087894108,135.77408880204973
760,Perry County,Indiana,18123,80,125.86538148059664,12.688284183703963,107.41537928391979,130.55072965364315,137.71286358072285
761,Pike County,Indiana,18125,80,115.41374066499478,17.622852583191253,89.10705146160579,121.44570142090414,131.43176982222386
762,Porter County,Indiana,18127,80,145.20385029145436,2.2715914301534053,142.18304530477332,145.699376903197,147.55632111065174
763,Posey County,Indiana,18129,80,130.4012430550839,10.46464649965526,114.63363212416927,133.9035054515364,139.81219007113282
764,Pulaski County,Indiana,18131,80,115.8935391528706,17.32941684024342,90.49905525645221,121.30196071905141,132.07611149829847
765,Putnam County,Indiana,18133,80,135.81903140325062,7.75338019431278,124.00820018861252,138.75521410099006,142.5920564324702
766,Randolph County,Indiana,18135,80,129.24245848695764,11.69304217852422,111.5195642507266,133.34784129968438,139.62813078127047
767,Ripley County,Indiana,18137,80,132.17136561321067,9.501463468372679,117.31410956422708,135.57196963239193,140.9596169076819
768,Rush County,Indiana,18139,80,122.17972677906303,14.38476963648084,101.29562598848145,126.79125174565101,135.49699414327165
769,St. Joseph County,Indiana,18141,80,146.28572059593893,1.6167329603428922,144.16369455657008,146.52627693243815,148.05107792755155
770,Scott County,Indiana,18143,80,129.7880546238473,11.149242046558998,113.39583704697735,133.59092020143342,139.63052515928564
771,Shelby County,Indiana,18145,80,137.53383474487595,6.6771788368469585,128.2358914080848,139.7475921767693,143.72678703718006
772,Spencer County,Indiana,18147,80,126.2588139763861,13.184627390204632,106.25045987430444,130.91794140070687,138.02223236780927
773,Starke County,Indiana,18149,80,128.66356164357737,11.872707017948713,110.48571661174726,133.16969607023182,139.03712455098133
774,Steuben County,Indiana,18151,80,134.75505072542208,8.370237824855177,122.01861621830717,137.4793977437463,142.28554429642338
775,Sullivan County,Indiana,18153,80,126.84501033277928,12.189905870288001,108.73804770498212,131.09619283298724,137.83559337430913
776,Switzerland County,Indiana,18155,80,109.40753171800789,20.426072912602123,76.4742512943416,116.84634582767328,128.61247216586713
777,Tippecanoe County,Indiana,18157,80,145.34133633738062,2.0660143092012464,142.4258083957079,145.70505741887507,147.5879938524401
778,Tipton County,Indiana,18159,80,119.25423880499815,15.915810629937743,94.46179120997407,124.45783030258062,134.26681966016397
779,Union County,Indiana,18161,80,95.98364336627576,24.128189838293753,59.22623071774671,102.82774536048349,119.91119371246133
780,Vanderburgh County,Indiana,18163,80,145.23235560852004,2.1404682337301386,142.23866840354236,145.70887109444152,147.38895883718754
781,Vermillion County,Indiana,18165,80,120.90271873443541,15.721310783393442,96.69004900180674,127.16750958381006,134.8401267167413
782,Vigo County,Indiana,18167,80,143.44269206499453,3.2616199825724603,138.90459019903494,144.3313656529745,146.5286265703432
783,Wabash County,Indiana,18169,80,133.1486100099074,9.059494245529939,119.46277745770146,136.52410600497115,141.2659364670718
784,Warren County,Indiana,18171,80,103.3618693719647,22.216183473643817,68.20143304815339,110.4862006035701,125.095594121083
785,Warrick County,Indiana,18173,80,140.86970660797255,4.731384512179966,134.11138290700794,142.28383619783443,145.25030491387514
786,Washington County,Indiana,18175,80,132.20536164730277,9.769010338070407,118.1984475798419,135.61542080299841,140.86690305869413
787,Wayne County,Indiana,18177,80,140.94468279546462,4.528354845868533,134.494866134817,142.23159200896492,145.26373192796316
788,Wells County,Indiana,18179,80,131.79769486581253,10.003089197065494,117.77251818373772,135.39983077342757,140.60135405192938
789,White County,Indiana,18181,80,129.74948168693427,11.298016643549737,112.82781751071228,134.07515841193026,139.41786969600736
790,Whitley County,Indiana,18183,80,134.47884793798752,8.499656075351817,121.66543133653751,137.72696571176579,142.03411476539543
791,Adair County,Iowa,19001,80,101.52477719901698,23.538784550742623,66.9136203184293,108.58445497036968,124.56801324616873
792,Adams County,Iowa,19003,80,70.06048101430024,30.889821526240777,23.242745060757116,78.00270479458756,102.93294041039964
793,Allamakee County,Iowa,19005,80,120.64841957710155,15.578036032186178,96.24095647164458,125.90299544738753,135.19454664721093
794,Appanoose County,Iowa,19007,80,116.78632219834914,18.247665857371267,88.68028563179094,123.13463074872595,133.500557431311
795,Audubon County,Iowa,19009,80,91.37536585975327,25.301217676116615,51.014750242699535,98.49312903697364,117.74803767558957
796,Benton County,Iowa,19011,80,131.95994065653247,9.722085554292265,118.01976726074233,135.15229887577925,140.7977329528528
797,Black Hawk County,Iowa,19013,80,144.6425193715976,2.53467778223409,141.03947371057626,145.3173327651495,147.17016256575303
798,Boone County,Iowa,19015,80,132.08169253193455,10.011394762090426,116.98270436712441,135.74832360225412,141.02224684834803
799,Bremer County,Iowa,19017,80,131.96049112963257,9.60128598731401,118.4735120518278,135.1797168707417,140.45594427812912
800,Buchanan County,Iowa,19019,80,129.0219746183055,11.372480613926646,111.59355589621337,133.27281944025634,139.1257097302728
801,Buena Vista County,Iowa,19021,80,127.83550290518501,12.148253265690812,109.83270937760015,132.21728503739908,138.91270819193878
802,Butler County,Iowa,19023,80,121.2911448172254,15.005753937157426,98.82212644237465,126.26474542585726,134.73767566038774
803,Calhoun County,Iowa,19025,80,110.96714968012506,19.345868498398772,80.05983001947055,117.29982148417321,129.726524666558
804,Carroll County,Iowa,19027,80,127.91258210104878,12.30189084189736,109.33900411092846,132.47282273743002,138.9848208383193
805,Cass County,Iowa,19029,80,119.14004111692518,15.824226353770275,95.63881222658945,124.34542227062373,134.1135380640776
806,Cedar County,Iowa,19031,80,126.62029920335739,12.663599621281914,107.25385347107732,131.1459492244689,137.91158475350215
807,Cerro Gordo County,Iowa,19033,80,137.65779750728245,6.849320949072613,127.75182678632781,140.0067449966037,143.761727874277
808,Cherokee County,Iowa,19035,80,115.64191824134579,17.623243267713104,88.94726466867435,121.58688146561389,132.4412764610689
809,Chickasaw County,Iowa,19037,80,116.56456426475887,17.187755412611008,90.45418516216746,122.15811506567795,132.64722626821708
810,Clarke County,Iowa,19039,80,110.32407492283956,19.297987895431447,81.23412259962802,116.70961894580786,128.88128850911582
811,Clay County,Iowa,19041,80,123.8485546768326,14.413352678385252,101.39049199744427,128.74915670425335,137.19676536246976
812,Clayton County,Iowa,19043,80,124.62639217223345,13.953293297236405,104.50815136179047,129.0532862492201,137.61361396637906
813,Clinton County,Iowa,19045,80,138.66667187445267,6.365145495617458,129.75249915903933,140.7511227520368,144.1631331461177
814,Crawford County,Iowa,19047,80,123.8859988281094,14.25444200385944,103.41594462798226,128.75223823742482,136.68727817038786
815,Dallas County,Iowa,19049,80,143.97509013679064,2.850314128337252,139.95875652877857,144.69808519135853,146.80072176942915
816,Davis County,Iowa,19051,80,108.09791114376887,21.666928279025615,75.33736712379553,116.01940747619213,128.7442828840543
817,Decatur County,Iowa,19053,80,102.46961583571105,23.226966458034354,67.58037047236515,109.9629516658418,124.74959512221139
818,Delaware County,Iowa,19055,80,125.12673832744622,13.310075624462936,104.19125601215907,129.52221962605114,137.40177882682076
819,Des Moines County,Iowa,19057,80,136.73200397348919,7.553300051590465,124.81524221012572,139.3123690448276,143.38059379031398
820,Dickinson County,Iowa,19059,80,125.78194876414993,12.95900175867033,106.85645670166306,129.8009593632513,137.73397560459654
821,Dubuque County,Iowa,19061,80,143.52240171397753,3.2786720340367226,138.96764416319607,144.42680987995402,146.72222122361828
822,Emmet County,Iowa,19063,80,109.0189214302431,20.21513895851756,79.07845152066118,116.07410427425681,128.85087712970207
823,Fayette County,Iowa,19065,80,126.76781745880356,12.716615171970798,107.12266613794596,131.1894968801411,138.40760924815274
824,Floyd County,Iowa,19067,80,122.94077900500237,13.883000065966174,101.96051257561666,127.04718012837509,136.01037238079752
825,Franklin County,Iowa,19069,80,111.70871456098708,19.52675439085497,82.62481617653113,118.40918484649752,130.20597151244536
826,Fremont County,Iowa,19071,80,97.0317256963007,24.707236423039085,57.169736074736385,105.62819181613011,121.82552860006723
827,Greene County,Iowa,19073,80,106.47711437696691,21.28169192609922,76.16901144315896,112.83665062370153,127.39306497705
828,Grundy County,Iowa,19075,80,117.92881248326646,15.16614036539418,96.67948109754512,122.06685046253278,132.8782211894934
829,Guthrie County,Iowa,19077,80,112.97370869017797,19.262161649348364,83.11019415098467,119.84108869796667,130.96886182712552
830,Hamilton County,Iowa,19079,80,121.07355863744469,15.001123359966838,98.45673053888456,126.03902972962103,135.4496161925521
831,Hancock County,Iowa,19081,80,113.45858262351754,19.261118500577684,83.79386605249805,120.04242084176724,131.42768182858924
832,Hardin County,Iowa,19083,80,123.88711606968862,14.292870716980586,103.12182234600148,129.03353244570351,137.033553224517
833,Harrison County,Iowa,19085,80,121.71433082930014,14.899474257769834,99.6021491495625,126.71588796155834,135.24292377945528
834,Henry County,Iowa,19087,80,127.91479962617038,12.231428688052961,108.90000589122323,132.11837917380487,138.89470351806364
835,Howard County,Iowa,19089,80,110.38328081305275,19.607588583157728,80.29512502085815,116.84826145123446,129.48332386959547
836,Humboldt County,Iowa,19091,80,110.62587529148699,19.991557349340678,80.60710476367093,117.13219311335418,129.69821373578353
837,Ida County,Iowa,19093,80,98.78791346447058,23.713758924819444,61.80879111489455,106.5907413947508,122.56008306909062
838,Iowa County,Iowa,19095,80,124.2119450455434,14.301607810162704,102.26745170848737,128.98915821484923,137.01821612009155
839,Jackson County,Iowa,19097,80,127.5742557598001,12.187036443837082,108.83751684258704,131.83847654206693,138.44376927865335
840,Jasper County,Iowa,19099,80,136.83764582890788,6.8736283617520995,126.74858563430338,139.11583960477878,143.17800019544734
841,Jefferson County,Iowa,19101,80,123.28610027522414,14.540171646056937,102.54094933679227,128.43322780833392,136.53427730766154
842,Johnson County,Iowa,19103,80,145.23687901754275,2.0691189798059075,142.29695843829563,145.70338449119555,147.3721472263327
843,Jones County,Iowa,19105,80,128.4996183911001,11.649066847373712,110.38420791673022,132.52741624588595,139.19688506994507
844,Keokuk County,Iowa,19107,80,111.4944157958538,19.17871204174225,80.6301075747346,117.73923330920746,130.09271411078515
845,Kossuth County,Iowa,19109,80,121.17790245938298,15.393329096595725,97.85784502697646,126.62652580492941,135.50080513965534
846,Lee County,Iowa,19111,80,135.25334231026784,8.285047341186129,122.8102781481567,138.1115386711362,142.52159217505792
847,Linn County,Iowa,19113,80,146.04441442639262,1.7765485281745828,143.7826585540254,146.25516779957405,148.06557699754592
848,Louisa County,Iowa,19115,80,113.4475506241699,18.591283005311855,84.8622234239786,119.76783156153297,131.2152652071421
849,Lucas County,Iowa,19117,80,108.15483420793238,20.80342347492179,77.70487690027548,114.93138636120761,127.61879329344987
850,Lyon County,Iowa,19119,80,117.49983815691361,16.844993884150504,92.28546122479318,122.53898622054763,133.67357105510456
851,Madison County,Iowa,19121,80,124.24196127542197,14.573350768850952,101.22511860336641,129.32010237475004,137.3589601370245
852,Mahaska County,Iowa,19123,80,129.05870302273468,11.12787600187964,112.24108087756593,132.647144940896,139.51102927645525
853,Marion County,Iowa,19125,80,135.72606860073324,7.365130562289357,124.99535431324836,137.99884716177885,142.47195768470326
854,Marshall County,Iowa,19127,80,137.36515178992985,6.845667683494508,126.73912764544946,139.70845868761154,143.53933265441833
855,Mills County,Iowa,19129,80,121.22679412817959,15.371620444613376,96.96976540682546,127.25120791522929,135.0854379322217
856,Mitchell County,Iowa,19131,80,113.48287476098456,18.624573757529948,83.93817895913044,120.06131730222847,131.3031240676232
857,Monona County,Iowa,19133,80,106.42227024921802,21.378593030601394,75.03867131542472,112.37287890854117,127.29396954535548
858,Monroe County,Iowa,19135,80,101.753957181874,23.708601065828454,64.367655367592,110.1547811651207,124.96577608637142
859,Montgomery County,Iowa,19137,80,112.17979276535267,18.214572216102454,85.07690884735558,118.24914750587996,130.48100470468808
860,Muscatine County,Iowa,19139,80,137.91632719444155,6.369639194092271,128.95125555401836,139.91342565656117,143.75598658445753
861,O'Brien County,Iowa,19141,80,121.05868169621536,15.638480166181157,97.55604306290545,126.84836610845099,135.16195067505583
862,Osceola County,Iowa,19143,80,93.91525461407299,24.142516154027415,57.68198412671579,100.53560892746971,119.01934150928436
863,Page County,Iowa,19145,80,122.0496993769217,14.884989318517668,99.69557614735909,127.15330700412854,135.86451642445422
864,Palo Alto County,Iowa,19147,80,109.54043459046652,20.11192048720946,78.50865087415632,116.41524179061417,128.68393425404633
865,Plymouth County,Iowa,19149,80,131.75462351613965,10.340788159070279,117.29935477627097,135.18636621459265,140.91171514849546
866,Pocahontas County,Iowa,19151,80,101.36559600929711,22.873652837324403,65.06646042667928,109.25734935608628,123.14441654842516
867,Polk County,Iowa,19153,80,147.1853519819367,1.1862220363453966,145.69810752360112,147.22857950171544,148.70080014520613
868,Pottawattamie County,Iowa,19155,80,143.2758622815178,3.251529323100713,138.81054216798887,144.1652931577458,146.4353627933039
869,Poweshiek County,Iowa,19157,80,126.02690869275817,12.703015292746418,106.64523400013421,130.554862400803,137.96882592346216
870,Ringgold County,Iowa,19159,80,83.45871934727738,27.292722350599732,41.93241960688004,91.67506522701109,111.44060654555868
871,Sac County,Iowa,19161,80,109.71254688683277,20.802021238136945,77.33022277761775,117.03164947734842,130.33428607416164
872,Scott County,Iowa,19163,80,145.54904519476176,1.8769719196199233,142.94731132292964,145.82980693130617,147.66827375895772
873,Shelby County,Iowa,19165,80,116.16478571181997,17.366152874114455,89.72525450082965,122.01728730599694,132.32349796536658
874,Sioux County,Iowa,19167,80,136.66129574701458,6.953093219460828,127.12741902819363,138.90025742434761,142.9585498422276
875,Story County,Iowa,19169,80,143.6532097901332,3.109775192373211,139.29426058859758,144.4602318212307,146.60612228468963
876,Tama County,Iowa,19171,80,124.56710510368383,13.559217796449959,104.61326931777316,128.69550385866012,137.23990832345535
877,Taylor County,Iowa,19173,80,94.07777500206399,24.908788418211348,55.94155299364809,101.56705054294102,119.15532485663887
878,Union County,Iowa,19175,80,116.23223516028197,17.93580849340442,89.06971157244043,122.495473031862,132.77634479838795
879,Van Buren County,Iowa,19177,80,101.51925242130116,22.743510112910844,66.99693181952019,108.51537111423258,123.63443299401189
880,Wapello County,Iowa,19179,80,135.79667544973356,7.922307592467365,124.34047358076195,138.5834580880479,142.82277179195142
881,Warren County,Iowa,19181,80,139.97595385233265,5.219691212459391,131.5509743770682,141.73307772644927,144.7751975448298
882,Washington County,Iowa,19183,80,129.55902517570274,11.297903120763106,112.95649062285678,133.7060003476225,139.738135118225
883,Wayne County,Iowa,19185,80,98.24369138507988,23.607067440329434,63.696828994824465,105.84852735002467,121.8764085735828
884,Webster County,Iowa,19187,80,136.4123465492706,7.447659940838688,125.49660448036266,138.70836912612697,143.20661869288418
885,Winnebago County,Iowa,19189,80,112.8195203603144,19.196689371603348,81.81198180660441,119.0147620775681,131.38611496346286
886,Winneshiek County,Iowa,19191,80,127.34495700386988,12.271103597398591,109.64821658745879,130.89135167162408,138.74297238989624
887,Woodbury County,Iowa,19193,80,143.76063714125996,3.175297232168007,139.6880731389529,144.5725616331685,146.74061571718605
888,Worth County,Iowa,19195,80,102.48214495340859,22.087930452450994,67.14856347006082,109.5972582258222,123.80425539158836
889,Wright County,Iowa,19197,80,118.67981498988787,16.56049235707893,94.73136951328817,124.37038695212523,134.18408639792398
890,Allen County,Kansas,20001,80,118.24862995320747,17.440288833101754,90.38966562105168,124.51995041013689,134.03656482407015
891,Anderson County,Kansas,20003,80,103.33232586298197,23.479974253925317,67.14420643623443,111.37636440715636,125.09664082065478
892,Atchison County,Kansas,20005,80,123.23886474543497,14.828910225711486,101.59987929615097,127.619941275192,137.15039715409966
893,Barber County,Kansas,20007,80,77.42094156797509,30.007590002263193,32.8639491850788,85.44012247868476,109.58079836974416
894,Barton County,Kansas,20009,80,131.3412390317594,10.260036965275358,116.53182320788726,135.12428464829554,140.70699868701467
895,Bourbon County,Kansas,20011,80,120.98658983487549,14.877699192674223,97.20447973283967,126.3504511659363,135.55094960751643
896,Brown County,Kansas,20013,80,110.03212359691653,20.03412947776046,79.29976217436867,116.59170881913055,129.3553571147688
897,Butler County,Kansas,20015,80,141.34440357002407,4.516489674703542,134.485198495814,142.79976979044963,145.50258125369493
898,Chase County,Kansas,20017,80,52.9312752864949,32.82617311805746,0.6861569252756086,61.6455430362944,91.41062877633944
899,Chautauqua County,Kansas,20019,80,67.63635844530454,30.506653014599088,23.788987420314758,73.77986202129463,101.40463809079571
900,Cherokee County,Kansas,20021,80,126.92775337685693,11.986393473004961,108.47306896257861,131.04848774770718,138.0478352182587
901,Cheyenne County,Kansas,20023,80,52.94389211386804,32.22070964257117,1.5949685642838503,59.52832658066957,91.75153505015204
902,Clark County,Kansas,20025,80,41.372315290399534,32.79396487309566,-7.598399819569499,51.07420570989572,78.08628207769733
903,Clay County,Kansas,20027,80,105.36315739518116,22.24098595468534,71.49059194857118,112.64528188487058,126.53648928477394
904,Cloud County,Kansas,20029,80,108.24043494434757,20.738947497911752,74.6880624824259,114.89764622402645,128.16343024697517
905,Coffey County,Kansas,20031,80,105.64579145690973,22.26797927305485,72.6035813822878,112.99178178279453,126.6981584901055
906,Comanche County,Kansas,20033,80,29.587690023805408,32.93739932070412,-18.720431350267226,35.534950318642665,65.62947229398294
907,Cowley County,Kansas,20035,80,135.7913535269259,7.709354796798159,124.24672993507166,138.62865185284915,142.4907619463152
908,Crawford County,Kansas,20037,80,137.06225951229757,7.214981009760304,126.37974316686471,139.45137471984344,143.4030718683025
909,Decatur County,Kansas,20039,80,56.24508205429019,31.20840703956957,7.439852118327989,64.80556595959244,91.46550177380362
910,Dickinson County,Kansas,20041,80,125.89127199246064,12.965805711001668,105.6563013026644,130.27511923278342,138.02121582738826
911,Doniphan County,Kansas,20043,80,100.91308188542439,23.535604168982605,66.09189490143659,108.12996711009814,124.82124141541358
912,Douglas County,Kansas,20045,80,144.39394390157867,2.74296488162978,140.29567705609995,145.09763780352546,146.95492631470893
913,Edwards County,Kansas,20047,80,58.69471337743873,30.437609967168537,8.348346227677506,65.49002398579717,92.73907735940838
914,Elk County,Kansas,20049,80,51.55935978366363,32.00957481855395,-0.004199353065575544,58.88595495453945,88.45883650247737
915,Ellis County,Kansas,20051,80,133.41820047604187,9.37170193144532,118.58332136887375,136.8785011961624,141.78525039182983
916,Ellsworth County,Kansas,20053,80,96.3120133144389,24.001864711476472,60.03866546832271,102.46053324009057,121.23765943640164
917,Finney County,Kansas,20055,80,136.4956460353789,7.637491900658577,125.5314058882609,139.09198338376194,143.11767771011077
918,Ford County,Kansas,20057,80,135.28212654869688,7.962614382459374,123.8783506673809,138.0179568705301,142.48171936368058
919,Franklin County,Kansas,20059,80,131.83459516254658,9.70077833073578,117.58861806548707,134.8623418946953,140.94005956329707
920,Geary County,Kansas,20061,80,135.78944229127714,7.713075226017764,123.71161838278647,138.65779062174644,142.74419863754264
921,Gove County,Kansas,20063,80,58.285849513657766,30.738839771305035,8.86000057723415,66.19925700114217,91.30917629605324
922,Graham County,Kansas,20065,80,49.165261504044395,32.934712884637435,-3.8717851131709833,56.56213534629681,87.77961552395979
923,Grant County,Kansas,20067,80,100.15791082077419,22.967887809627168,64.2207283040308,107.7838515720324,122.41498828800735
924,Gray County,Kansas,20069,80,92.92682035771776,24.798644721297894,54.84996138170061,100.05352764142705,117.40059599420893
925,Greeley County,Kansas,20071,80,12.95419816650241,31.425356244260538,-34.677680542142156,17.862717819478753,49.316422522619945
926,Greenwood County,Kansas,20073,80,94.71876386412984,24.676013427813594,57.525789584958396,102.61418553632251,119.96114238333823
927,Hamilton County,Kansas,20075,80,51.77610612058082,31.81491182596119,-0.22871410600046987,59.46323218439974,89.06924933712756
928,Harper County,Kansas,20077,80,88.65271931004035,26.49486777854889,47.49433013697689,96.83424969542148,115.36808950214775
929,Harvey County,Kansas,20079,80,135.6179904308988,7.762122816220005,124.16067022337789,138.06058526162082,142.73465543973532
930,Haskell County,Kansas,20081,80,72.22853199671547,29.48366449034699,28.59077154298084,80.17922477412363,103.84420692069293
931,Hodgeman County,Kansas,20083,80,31.214071161593907,32.467762395211516,-15.999457432488231,37.15035642571503,67.12535802372598
932,Jackson County,Kansas,20085,80,118.77863930189737,16.167038626565695,94.6907344227099,124.27555856794822,133.98271037481723
933,Jefferson County,Kansas,20087,80,125.89663799045265,12.902566950082166,106.22558970318988,130.3022783510018,137.61281737251826
934,Jewell County,Kansas,20089,80,60.79248615055884,31.374329328053758,10.455991877322871,67.43124700084621,96.24396163896729
935,Johnson County,Kansas,20091,80,147.31648428283864,1.1155055954315796,145.8968696926446,147.34842698586021,148.73025675025184
936,Kearny County,Kansas,20093,80,73.08660285479456,30.55498882306493,25.174833097657135,82.70835427102526,104.71769522740114
937,Kingman County,Kansas,20095,80,100.7810504744332,23.689324853688966,64.40316664737894,108.28501996194088,124.539446805266
938,Kiowa County,Kansas,20097,80,50.560064196376466,31.750392559266853,-0.8042140960107883,59.8374003077751,86.99743547746704
939,Labette County,Kansas,20099,80,128.1049325713449,12.19829823888622,109.96771772977453,132.57088811179813,138.794403697861
940,Lane County,Kansas,20101,80,25.38778685168454,33.5442633748029,-22.953665912211967,28.551531012731623,65.83685402030065
941,Leavenworth County,Kansas,20103,80,142.6654554330317,3.6830309606214464,137.7486370906943,143.76482794352285,146.06027873605873
942,Lincoln County,Kansas,20105,80,59.54007468888978,32.44710937584592,6.803842085763439,65.63270520817595,96.65684412213221
943,Linn County,Kansas,20107,80,110.66108512925456,19.365410917210262,80.75312634275724,117.1723057825131,129.1439394882676
944,Logan County,Kansas,20109,80,57.0684416215674,31.501892370460524,5.771569470559951,64.06157666901291,91.95911334052654
945,Lyon County,Kansas,20111,80,134.5652104420067,8.872501857414989,121.50612913198935,137.94040347778747,142.15756011850635
946,McPherson County,Kansas,20113,80,134.4073840327634,8.744035177728188,121.91037671560193,137.2735060442324,142.04153952055174
947,Marion County,Kansas,20115,80,116.71565473862138,17.353745428196493,90.09761894784312,122.65569334599124,133.10066920401022
948,Marshall County,Kansas,20117,80,111.90992244164121,19.770069851477718,80.10630145652077,118.80473118441859,131.12783288069042
949,Meade County,Kansas,20119,80,73.03272553763567,32.634139594139164,23.109619038260124,82.690591690252,107.67859416286201
950,Miami County,Kansas,20121,80,135.54848264873988,8.091502022599055,123.31769050024563,138.5523788033256,142.70578313638265
951,Mitchell County,Kansas,20123,80,92.31642207305438,25.891622612721985,52.30356922072932,100.86664706821209,118.39993537597383
952,Montgomery County,Kansas,20125,80,134.61074374319594,8.447764228750506,122.01375982301654,137.521851449449,142.10518327508868
953,Morris County,Kansas,20127,80,89.27543266797157,26.550940488860075,47.69134028603387,97.86804508576925,115.86300098454574
954,Morton County,Kansas,20129,80,56.19192139046639,30.827015257319996,5.0297789902127095,63.36396178531011,91.04825134370269
955,Nemaha County,Kansas,20131,80,111.66457091737685,19.24446372604363,83.53432557900598,117.85378706695789,130.55890506235804
956,Neosho County,Kansas,20133,80,123.1543886491847,14.966998705167809,100.80805379444509,128.88172676008327,136.53619558867106
957,Ness County,Kansas,20135,80,56.68950420543579,31.589762188767786,4.820695865175077,64.65989420719387,91.47041790868573
958,Norton County,Kansas,20137,80,88.94779092733178,26.84013344190365,46.18135662275826,97.57733980346379,116.68911054767653
959,Osage County,Kansas,20139,80,123.00792749032668,14.531372569346823,101.6492357902946,128.26210168602574,136.29490315089052
960,Osborne County,Kansas,20141,80,69.60593332375342,31.102164415027563,19.10235486015538,77.9812948508455,103.58333510788607
961,Ottawa County,Kansas,20143,80,93.56727493630669,26.09257028018729,53.72222091672473,102.5531136565923,118.83132562382491
962,Pawnee County,Kansas,20145,80,93.95316203924094,25.343770871437158,53.68211024167208,101.39425680385793,119.66126312633071
963,Phillips County,Kansas,20147,80,83.76281160275846,27.975745798819922,41.53200241760242,92.15940456548552,112.81279388294354
964,Pottawatomie County,Kansas,20149,80,132.5019911257604,9.40410040266474,118.39928822388346,135.6787282610747,140.9196129682909
965,Pratt County,Kansas,20151,80,108.6975741217019,20.677900945572038,76.79609393188301,115.62642966967404,128.66489391108837
966,Rawlins County,Kansas,20153,80,53.172729346521095,32.87769587962932,0.8729814418772653,62.312546429223104,90.95077306497258
967,Reno County,Kansas,20155,80,141.17145418903533,4.6727226711059675,134.70405097751302,142.50519493682805,145.51233000877573
968,Republic County,Kansas,20157,80,82.93281450898851,27.930301914487444,39.52007988509658,91.78534829703548,111.43706803562918
969,Rice County,Kansas,20159,80,110.05560294605753,19.199046476259305,80.15510462049339,116.15512324287806,128.44824585646035
970,Riley County,Kansas,20161,80,141.66771060545142,4.422754400211705,134.7982257289419,142.9947209850304,145.8687116131664
971,Rooks County,Kansas,20163,80,84.61680220546687,27.48673123910195,42.516883376806376,92.58016355652818,113.87146014731536
972,Rush County,Kansas,20165,80,61.58158240201329,32.98171545731488,5.9672607155138895,69.69308958596605,97.67030846402862
973,Russell County,Kansas,20167,80,97.7301712822403,23.974392213055744,60.29610432743036,105.11124652936854,121.59693476085855
974,Saline County,Kansas,20169,80,139.83713218426047,5.431419751931109,131.99787400409926,141.65034737590844,144.76752567119155
975,Scott County,Kansas,20171,80,85.34059871089526,28.480886502269115,39.441144500821885,93.34863144888422,115.52788355023273
976,Sedgwick County,Kansas,20173,80,147.219658539996,1.2365339675038096,145.5470075637125,147.24962729924823,148.73573577778458
977,Seward County,Kansas,20175,80,128.7210910521568,11.774414516647022,111.54188969654564,132.81680382088194,139.07444206694106
978,Shawnee County,Kansas,20177,80,145.5206608692424,1.9409575446400704,142.8443077908943,145.8445564628958,147.64362221591114
979,Sheridan County,Kansas,20179,80,50.10677951210819,33.41562317405961,-4.368485022410115,59.24447107384465,88.49465195312305
980,Sherman County,Kansas,20181,80,92.0784259981327,25.56876985460271,52.90731569280688,99.07317118900448,118.04157547927464
981,Smith County,Kansas,20183,80,68.34780862911713,31.6353805816124,16.29211282108569,75.34306983482844,103.19944094327113
982,Stafford County,Kansas,20185,80,74.91901310619791,30.605149237738274,28.802727321314627,82.27367096897487,108.25864086184501
983,Stanton County,Kansas,20187,80,38.859420873359504,34.75371388480373,-13.13013735658519,47.96524936471985,79.762514553402
984,Stevens County,Kansas,20189,80,87.59721954346797,26.68687293430437,47.108659223163905,95.90630285652196,115.25047622616398
985,Sumner County,Kansas,20191,80,129.55580594005593,11.191565662556128,114.221018876612,133.05696095286964,139.91397523603666
986,Thomas County,Kansas,20193,80,104.15192999218918,22.36592393064484,69.38917509852342,110.91940133300642,125.85408843369238
987,Trego County,Kansas,20195,80,57.22726592061858,32.4331058986291,5.349397625736903,65.18117217790707,93.57770961166067
988,Wabaunsee County,Kansas,20197,80,100.3410443617194,23.732884343217844,62.5000858027928,108.22577434615653,123.46608272969723
989,Wallace County,Kansas,20199,80,24.217682913126147,34.2681297035719,-28.21337296807866,29.894879764765612,64.83965305537893
990,Washington County,Kansas,20201,80,90.78628289888444,25.48805046127416,51.14891288443329,97.5726767779631,117.6903247472098
991,Wichita County,Kansas,20203,80,42.08857914015544,33.41664398870684,-9.906090755459925,49.8934946651311,80.13494816770285
992,Wilson County,Kansas,20205,80,105.99633441182624,22.14364758011196,71.70436562863996,113.51058243605411,126.85508735864038
993,Woodson County,Kansas,20207,80,63.75742963085205,31.641823873870457,12.901691009207319,70.85878686906528,99.07816823724507
994,Wyandotte County,Kansas,20209,80,145.18224684812427,2.208574176334229,142.19113096908112,145.69586049581335,147.55052850623355
995,Adair County,Kentucky,21001,80,125.22791483720182,13.011714585793268,105.57967301345936,129.7275743314608,137.29157985419076
996,Allen County,Kentucky,21003,80,127.12229835129239,12.034233555265242,108.05342050802429,131.20240679634483,138.29544236780015
997,Anderson County,Kentucky,21005,80,129.34215525768815,11.43637395789804,113.62598343130217,133.66373064006078,139.2224734913967
998,Ballard County,Kentucky,21007,80,99.22637376052087,23.63447951282465,61.768426011340836,106.17813220897588,122.26404873699973
999,Barren County,Kentucky,21009,80,137.25279841785047,6.916454208762849,127.06292196056673,139.5735387977865,143.506767029736
1000,Bath County,Kentucky,21011,80,115.63098642196887,17.820424406779726,87.41330673864303,121.35718581976712,132.24700236777602
1001,Bell County,Kentucky,21013,80,129.7316663362313,11.17978415489754,113.71638267862407,133.49702855522668,139.49984263282496
1002,Boone County,Kentucky,21015,80,144.57590975249542,2.4733013793619625,141.40922978141103,145.14556099156783,147.11697385086222
1003,Bourbon County,Kentucky,21017,80,126.31021178493349,12.656615864658221,107.74984453988938,130.75211675306986,138.29834985437057
1004,Boyd County,Kentucky,21019,80,138.1960556763651,6.3875178905894465,129.25716201888977,140.37951177891375,143.7922148533653
1005,Boyle County,Kentucky,21021,80,133.34448887706566,9.264628929725472,119.77980626097471,136.74543706736836,141.4355030957298
1006,Bracken County,Kentucky,21023,80,103.08681620473693,23.10680804083606,65.53855392748562,111.37471849076255,124.58109066867762
1007,Breathitt County,Kentucky,21025,80,117.45862016899414,16.610020889265467,90.78380741753115,123.23122809621663,132.90222534682007
1008,Breckinridge County,Kentucky,21027,80,127.341729859715,11.78815793000411,110.46613270760409,131.66157798624428,138.17864095820272
1009,Bullitt County,Kentucky,21029,80,142.13453912785997,4.114610527500182,136.44209534841823,143.35649740791365,145.9584407466959
1010,Butler County,Kentucky,21031,80,114.35961270647527,18.131603455986756,86.74909983874578,120.40815681077177,131.27245970087148
1011,Caldwell County,Kentucky,21033,80,115.26436913230977,17.60555927684694,90.45084976280152,121.30581071667002,131.7800215623388
1012,Calloway County,Kentucky,21035,80,135.63564915529983,7.799741921643993,124.9824266212265,138.21074285300193,142.7893885995069
1013,Campbell County,Kentucky,21037,80,142.76745863449202,3.6023140733837713,137.45966625022035,143.7862285240319,146.10651147869171
1014,Carlisle County,Kentucky,21039,80,79.19576135952771,28.187983772667252,35.86034022481494,87.58404154292074,108.21016190220988
1015,Carroll County,Kentucky,21041,80,112.32702640119638,18.301017070101004,83.13581842015346,118.34188035903477,129.7396563178712
1016,Carter County,Kentucky,21043,80,131.09858636993573,10.14252302232012,115.00104215072821,134.77926855949056,140.287800494605
1017,Casey County,Kentucky,21045,80,121.51960762339048,14.994397964647048,98.90326568248669,126.75042619688227,135.49710061673443
1018,Christian County,Kentucky,21047,80,141.43749710854283,4.318556522868509,135.0720805819696,142.77845351323458,145.46489573543903
1019,Clark County,Kentucky,21049,80,136.21362818539654,7.05533220389419,126.58227081204619,138.42742413691946,142.5094236001768
1020,Clay County,Kentucky,21051,80,126.6681933969169,13.003340408530027,107.29661311213172,131.10652221820607,138.0855559175101
1021,Clinton County,Kentucky,21053,80,106.19945061733256,21.493553594334298,72.33733550583031,113.85844141041457,126.80189934275776
1022,Crittenden County,Kentucky,21055,80,104.39862819891486,21.600487312209484,71.4298750912997,111.57512471349989,126.06100699355297
1023,Cumberland County,Kentucky,21057,80,89.7807056945684,26.022441272859705,49.81485184294154,97.21751461227484,116.79631148345007
1024,Daviess County,Kentucky,21059,80,143.30199415178922,3.420556353599536,138.36340532185943,144.29265727524742,146.51280885543676
1025,Edmonson County,Kentucky,21061,80,114.89282043919194,17.828081556738564,88.45187234412334,121.05939810460556,131.66367458928326
1026,Elliott County,Kentucky,21063,80,97.14974156862918,24.442059551244153,58.84413742954403,105.15723367962845,121.42243029876877
1027,Estill County,Kentucky,21065,80,117.7429328454012,16.411022074987056,92.00019694651704,123.47022317917953,133.52830040082927
1028,Fayette County,Kentucky,21067,80,146.50687641042185,1.478424835724063,144.5766481889469,146.70737109332185,148.23080698194403
1029,Fleming County,Kentucky,21069,80,119.46506064529682,16.19280040496486,94.83917055961554,125.1192739606891,134.38235442694182
1030,Floyd County,Kentucky,21071,80,134.87129528582906,8.47461670639458,123.08684487065301,137.79705470578415,142.47481241395295
1031,Franklin County,Kentucky,21073,80,138.9028183062653,5.901406182883953,130.8986001401076,141.04947149040646,144.2513809856911
1032,Fulton County,Kentucky,21075,80,92.83848012760687,24.778230029273335,55.46789336727033,100.7572244410213,118.0574757798464
1033,Gallatin County,Kentucky,21077,80,103.93938114878857,22.40819979335829,68.64463235951673,112.11180929652842,124.45601596525779
1034,Garrard County,Kentucky,21079,80,123.6531577346335,13.639222920678652,103.00000556090062,128.4018383357139,136.35560472743938
1035,Grant County,Kentucky,21081,80,130.42928944593382,10.580131138811316,114.71099031690892,134.24587797408688,139.9602959553811
1036,Graves County,Kentucky,21083,80,135.32331220492668,8.086124881422501,123.35869318503042,138.13922201335572,142.45187449865801
1037,Grayson County,Kentucky,21085,80,131.59713907243662,10.210451094581574,115.83172976354703,135.38746084544505,140.637331790928
1038,Green County,Kentucky,21087,80,112.92822931972219,17.98040179460585,86.44126718232063,119.00572951954376,130.32761354708174
1039,Greenup County,Kentucky,21089,80,134.90965060573566,8.570841670672754,121.75949171131211,138.00903453280867,142.32518828822043
1040,Hancock County,Kentucky,21091,80,106.49772873041492,20.875512362987383,75.37367568770556,113.15274739094902,127.10238804958716
1041,Hardin County,Kentucky,21093,80,143.649441708259,3.1311289850271815,139.34782118483432,144.5589869839834,146.67819327299173
1042,Harlan County,Kentucky,21095,80,130.4726327304493,10.627993597685789,114.638676662026,134.2566388783626,139.8502712853248
1043,Harrison County,Kentucky,21097,80,124.63098457936232,13.659207000731024,103.76843490362133,129.5284798024523,137.4182162886467
1044,Hart County,Kentucky,21099,80,125.4631968770911,13.210895678145986,106.79478374918646,130.19022974764846,137.24690933442758
1045,Henderson County,Kentucky,21101,80,137.35351374067437,6.924492003107359,127.44276013314058,139.72670140706606,143.48720400734342
1046,Henry County,Kentucky,21103,80,121.23879333233286,15.30072057483259,98.91052403001946,126.49350641598103,134.90410730427942
1047,Hickman County,Kentucky,21105,80,75.4682363290987,30.386402495564607,28.087126973560604,84.41629336102851,107.5641179162918
1048,Hopkins County,Kentucky,21107,80,137.6283659484121,6.497361580066298,128.56315041769147,139.72268327076762,143.6095998154542
1049,Jackson County,Kentucky,21109,80,116.71610368945217,16.54743769152336,93.40287954906387,121.99325448172277,132.60634938384356
1050,Jefferson County,Kentucky,21111,80,147.46983160452626,1.127524471009352,146.02267766211952,147.4817178446633,148.91150531223442
1051,Jessamine County,Kentucky,21113,80,138.9447894727548,5.785684905729831,130.20241572915205,140.66481147138109,144.32799460247617
1052,Johnson County,Kentucky,21115,80,127.64502995401992,12.272932743571978,108.16804119224005,132.18249397084836,138.703036762554
1053,Kenton County,Kentucky,21117,80,145.0598948739583,2.189961787840736,141.97302148145423,145.43222437980643,147.44013684390194
1054,Knott County,Kentucky,21119,80,117.84249879466881,16.135153166862377,92.82568938021568,122.62941650752131,133.40685696479093
1055,Knox County,Kentucky,21121,80,132.9875546855652,9.172188210268393,120.06638246630484,136.37953073601943,141.1433640924531
1056,Larue County,Kentucky,21123,80,120.24214854033158,14.967745110162163,96.79137190742807,125.38691912437609,134.29924786633902
1057,Laurel County,Kentucky,21125,80,140.51090101683758,5.073401593079376,133.34555055905884,142.20755210745386,144.97269256154098
1058,Lawrence County,Kentucky,21127,80,121.62425447173213,14.461625154837725,100.49890305215463,126.23329021142175,135.265431203796
1059,Lee County,Kentucky,21129,80,98.5691085820487,23.399294568133104,61.89635073320195,105.53716794708129,121.2551306177134
1060,Leslie County,Kentucky,21131,80,109.84184821959084,19.302042963704782,79.41885959916829,116.56225774835508,128.2491118797612
1061,Letcher County,Kentucky,21133,80,127.03507038932563,12.763929667259386,107.4876374340086,131.381393958569,138.3556495683711
1062,Lewis County,Kentucky,21135,80,115.39668443659623,17.95658490403954,88.95609541295362,121.9247739374328,132.00490383027454
1063,Lincoln County,Kentucky,21137,80,129.0197991498806,11.79575629125882,110.40076271443996,133.69144827902159,139.42073971355038
1064,Livingston County,Kentucky,21139,80,105.39430502831823,21.022669581833505,76.66463535010612,112.34555649271705,125.49410541026845
1065,Logan County,Kentucky,21141,80,132.05948810651333,9.429541398199298,118.15395113174509,135.23996868960575,140.46809377639553
1066,Lyon County,Kentucky,21143,80,105.1002458488513,22.29100966673859,69.11188231568438,112.59641987718126,126.1658644508123
1067,McCracken County,Kentucky,21145,80,140.91216620973975,4.754790369437015,134.18178486270912,142.46235747418768,145.26261069771323
1068,McCreary County,Kentucky,21147,80,123.20113224444006,14.067089034389852,103.99556942306633,127.84725267830262,135.69694851571575
1069,McLean County,Kentucky,21149,80,106.68368990255718,21.54614379654455,71.32667390010643,113.68388653315102,126.75044095387008
1070,Madison County,Kentucky,21151,80,142.93973066795553,3.434790777065849,137.7062018885865,143.9114277051545,146.18069967862147
1071,Magoffin County,Kentucky,21153,80,111.66023148490005,19.44563565776033,82.89550020530814,118.22697713843925,130.25784953979596
1072,Marion County,Kentucky,21155,80,125.65803864709146,13.843311884308184,104.94807753312764,130.6419609943535,137.72354869200322
1073,Marshall County,Kentucky,21157,80,133.6974990953107,9.012842186984493,120.5654022318406,136.7807207983293,141.72847030796203
1074,Martin County,Kentucky,21159,80,112.02449058878649,19.169221569900902,82.31066691577925,118.21101328870436,130.30141744784282
1075,Mason County,Kentucky,21161,80,122.72142357235575,14.448544216544196,100.9602234541314,127.75157255284037,135.95027795705795
1076,Meade County,Kentucky,21163,80,132.98857864437252,9.067674057654067,118.61654691863764,135.9702974936202,141.1847444757876
1077,Menifee County,Kentucky,21165,80,92.00393932718534,24.46022836754695,53.56751203649308,98.8183298814095,117.35553274342288
1078,Mercer County,Kentucky,21167,80,127.95276102317456,12.340667540337682,107.71503908714024,132.5795973712007,139.06696000899197
1079,Metcalfe County,Kentucky,21169,80,109.86208460012435,19.400134164278843,81.78836888414224,115.80407745982595,128.499039491572
1080,Monroe County,Kentucky,21171,80,113.79271583757989,17.90668935618921,86.30041931737223,120.17491345720676,130.6814437195456
1081,Montgomery County,Kentucky,21173,80,131.98984135250882,10.104492464988342,117.4863035571544,135.5403829273206,140.93179307522234
1082,Morgan County,Kentucky,21175,80,119.2793853376506,16.378549824427576,94.59456340167898,125.17486950516755,134.0096045614351
1083,Muhlenberg County,Kentucky,21177,80,133.04670703533674,9.221321536193468,118.77089860040189,136.33875607994565,141.51080514555332
1084,Nelson County,Kentucky,21179,80,138.05696850326007,6.442280455089998,128.8835347408207,140.15871320709505,143.93689308355877
1085,Nicholas County,Kentucky,21181,80,99.72268111809932,23.91428512800859,60.55236972361036,107.27878181065464,122.86052737006891
1086,Ohio County,Kentucky,21183,80,128.95036012093112,11.857451921967897,112.15976404872347,132.9805428874578,139.4319780591151
1087,Oldham County,Kentucky,21185,80,140.76299648845347,4.835706836134554,133.5380970686542,142.34083157594546,145.1178087792107
1088,Owen County,Kentucky,21187,80,112.65364818830848,19.136568246490377,81.81560873123395,119.42475609662958,129.90203500084266
1089,Owsley County,Kentucky,21189,80,72.80936072816654,29.97466300206932,27.546123797659817,81.6350131696295,103.85514190300697
1090,Pendleton County,Kentucky,21191,80,120.0215087475764,15.215332186125453,96.84016608520386,125.51954730647503,134.1018510223612
1091,Perry County,Kentucky,21193,80,131.49909694386093,10.141597182810587,116.78332089924388,135.24886235887757,140.39980818450186
1092,Pike County,Kentucky,21195,80,139.54938129099762,5.440736986870705,131.5625805305157,141.34771864425792,144.49314160038912
1093,Powell County,Kentucky,21197,80,116.91151892137758,17.202027534919342,90.88060851704515,122.59496523816344,132.33051611442275
1094,Pulaski County,Kentucky,21199,80,140.87618609163096,4.738542242682391,133.9508104882214,142.26139246462577,145.10930939675356
1095,Robertson County,Kentucky,21201,80,41.713819949309865,32.31319712030841,-9.99109638241444,50.13105303453119,75.9050772317393
1096,Rockcastle County,Kentucky,21203,80,122.1398926183998,14.906825190840395,100.3677705433495,127.20664047003999,135.5565308864489
1097,Rowan County,Kentucky,21205,80,130.14286938132224,10.903804969646707,114.76362666231687,134.03179881305934,139.65910464562867
1098,Russell County,Kentucky,21207,80,123.77188843387694,13.94572753012452,100.63998814166666,128.49350885258232,136.6576930374229
1099,Scott County,Kentucky,21209,80,139.8463989615621,5.306178977863577,131.66776355776406,141.62696822466472,144.72682551626136
1100,Shelby County,Kentucky,21211,80,138.4222915233795,6.226998140451722,128.60670766339865,140.63076301553497,143.9631720124095
1101,Simpson County,Kentucky,21213,80,125.62455588191236,13.238284236426333,104.7759412694131,129.98619831720683,137.76795043439017
1102,Spencer County,Kentucky,21215,80,126.21389625337223,12.743881020216003,106.35842545441498,130.99512226016842,137.6140072073857
1103,Taylor County,Kentucky,21217,80,130.20520700780793,10.870433967597759,112.68860842025975,133.87840312406695,140.21136822310746
1104,Todd County,Kentucky,21219,80,114.84581968700783,17.6898619275564,88.17460105575586,120.93324872745848,131.80569717932573
1105,Trigg County,Kentucky,21221,80,120.08450833027096,14.984609162724645,98.84222651045387,125.17947059394464,133.69212527377871
1106,Trimble County,Kentucky,21223,80,103.28766487394789,22.57689282753859,67.58430049891969,110.36116390424833,125.08031430869582
1107,Union County,Kentucky,21225,80,116.9007414561644,16.955997632918713,91.01786073373496,122.74681646469986,132.84733613932246
1108,Warren County,Kentucky,21227,80,144.5692416717732,2.5731912754178468,140.97785620671235,145.18989986306093,147.08698786155105
1109,Washington County,Kentucky,21229,80,113.88899797262785,18.372684482475265,85.54723205670508,120.08421785683923,131.44009020582817
1110,Wayne County,Kentucky,21231,80,125.73961843517799,13.26958448729106,107.17688148616162,130.5305830927967,137.4671601265957
1111,Webster County,Kentucky,21233,80,116.53606208703783,16.640087704579848,91.68205758812114,122.75313752486038,132.09317344106083
1112,Whitley County,Kentucky,21235,80,135.45977448545068,7.69601665835441,123.71508040763135,137.95189850377193,142.4637386844563
1113,Wolfe County,Kentucky,21237,80,93.27045546285619,25.08239994698092,55.48898541499123,101.64218974559151,118.92003722925828
1114,Woodford County,Kentucky,21239,80,131.21350508586428,10.311787780808253,115.71654470799993,134.90687429205818,140.28235600620192
1115,Acadia Parish,Louisiana,22001,80,139.62776052844816,5.677125456625469,131.21580006260731,141.60126905095828,144.54168169126822
1116,Allen Parish,Louisiana,22003,80,128.8221033526588,11.793305033626346,111.94930482871538,133.18560325300172,138.86557688280445
1117,Ascension Parish,Louisiana,22005,80,144.2964347134207,2.7253926305059384,140.39529444244218,145.00787320457735,146.95253846930584
1118,Assumption Parish,Louisiana,22007,80,126.9710076128786,12.17818954535977,108.15854520821355,131.39512777392355,137.75607788374862
1119,Avoyelles Parish,Louisiana,22009,80,136.3279238228678,7.088269703973541,125.82402397367102,138.80164697421367,142.78304335189796
1120,Beauregard Parish,Louisiana,22011,80,135.4311851605862,7.677632799788945,124.35461774226178,138.07861628818168,142.32583297846335
1121,Bienville Parish,Louisiana,22013,80,115.86405761295414,17.10035711643023,91.10564258218444,121.81366760241974,132.21610149763913
1122,Bossier Parish,Louisiana,22015,80,144.23271311336464,2.7859607937368738,140.17350656247487,144.9196759063808,146.98079088880638
1123,Caddo Parish,Louisiana,22017,80,145.95715866081267,1.701579720755967,143.86375616957127,146.12643056848052,147.86758587091268
1124,Calcasieu Parish,Louisiana,22019,80,145.65509560708182,1.8470708474796198,143.24101277480656,145.94577906234954,147.6844209511852
1125,Caldwell Parish,Louisiana,22021,80,108.24066975718756,20.698840472875304,75.20569726386277,115.39823709231425,127.13082792409188
1126,Cameron Parish,Louisiana,22023,80,,,,,
1127,Catahoula Parish,Louisiana,22025,80,103.66734043410196,21.988041186137465,71.9747890386987,110.77425877446436,124.6355376255158
1128,Claiborne Parish,Louisiana,22027,80,118.55190367717613,16.043263562200206,94.08225577224789,124.47290463547682,133.45683179059318
1129,Concordia Parish,Louisiana,22029,80,124.54708830578423,13.480840715970078,104.40051353360202,128.88015073466266,136.8250936175297
1130,De Soto Parish,Louisiana,22031,80,131.53649012246626,10.318477699366012,116.01637131927733,135.2590600474207,140.39165250952627
1131,East Baton Rouge Parish,Louisiana,22033,80,146.9908769734177,1.319388305003813,145.39037691903735,147.00567697906615,148.62702558985885
1132,East Carroll Parish,Louisiana,22035,80,96.28861667431063,24.30061719217975,57.30723226827457,102.56801382081743,121.03692428846978
1133,East Feliciana Parish,Louisiana,22037,80,125.35298119786597,12.899031354123935,106.77505442976026,129.51422322759575,137.2973326179705
1134,Evangeline Parish,Louisiana,22039,80,133.6368479246874,8.929476722320874,120.52114060763752,136.99573537234298,141.74689732411233
1135,Franklin Parish,Louisiana,22041,80,125.3819401320482,13.260707469163615,104.72467282811671,130.33671122346345,137.2331860574975
1136,Grant Parish,Louisiana,22043,80,127.62588062470068,11.800623280876971,109.99113946270607,131.37279305962755,138.60715696476618
1137,Iberia Parish,Louisiana,22045,80,140.72099504743764,4.871555448232291,133.14316449605727,142.28635411794204,145.28748284060882
1138,Iberville Parish,Louisiana,22047,80,132.81500234402915,9.311880499211236,119.30304778093793,136.371630470755,141.1269599135928
1139,Jackson Parish,Louisiana,22049,80,118.59988147873585,16.10551095540893,94.32507782412281,123.8460903389637,134.0564126752396
1140,Jefferson Parish,Louisiana,22051,80,146.8619030162213,1.3688537320122975,145.0576378061378,147.01248133523956,148.53698182638138
1141,Jefferson Davis Parish,Louisiana,22053,80,133.57961257682328,9.326691416670618,120.68598714720042,136.88154078983408,141.76037387297217
1142,Lafayette Parish,Louisiana,22055,80,146.09122388998483,1.6354556006220593,143.97718867429822,146.23344539717453,147.94247804298303
1143,Lafourche Parish,Louisiana,22057,80,143.01178111275448,3.4709137782104715,137.74485629182723,144.023956015653,146.36876204141024
1144,LaSalle Parish,Louisiana,22059,80,119.21912732388769,15.862481211696123,94.68365327193804,124.50415721525164,134.0860917127812
1145,Lincoln Parish,Louisiana,22061,80,138.15831073887327,6.343265209441239,129.37487213710315,140.4891958139723,143.67771132477543
1146,Livingston Parish,Louisiana,22063,80,144.73706387922348,2.337299067179924,141.5419360139626,145.2611164666485,147.1972475320429
1147,Madison Parish,Louisiana,22065,80,107.47152252031289,20.555287974638098,76.24542403570364,114.73716335270272,127.57546943715877
1148,Morehouse Parish,Louisiana,22067,80,129.5021581518377,11.77467982753827,111.48321983603009,133.6633115602241,139.6458792816509
1149,Natchitoches Parish,Louisiana,22069,80,135.5502396133304,7.834480028946098,123.77649451196653,138.26267297863467,142.4772645863095
1150,Orleans Parish,Louisiana,22071,80,146.65195248090254,1.4238895214683602,144.8716322368348,146.7560406303313,148.3852507268765
1151,Ouachita Parish,Louisiana,22073,80,144.83996348053176,2.315099882050378,141.50412248107025,145.32226757617815,147.26600702001994
1152,Plaquemines Parish,Louisiana,22075,80,128.07181089320753,11.835294226199535,111.0528056494763,132.39486591774778,138.70120791087444
1153,Pointe Coupee Parish,Louisiana,22077,80,126.11513838413057,13.240935512006068,105.13731921441706,130.80666336165712,137.76649679273294
1154,Rapides Parish,Louisiana,22079,80,144.34279114894673,2.6949786973541094,140.6520474560277,144.99328426031698,146.91574426386907
1155,Red River Parish,Louisiana,22081,80,98.65842510743146,24.214170057651344,61.14750626319048,105.89839436469359,121.6766691846788
1156,Richland Parish,Louisiana,22083,80,125.87677315921138,12.988689748321445,107.72441109774623,130.78889479865126,137.1904616430755
1157,Sabine Parish,Louisiana,22085,80,127.50774022250992,12.560725129100886,107.58659591719898,131.95348127832952,139.0598689864398
1158,St. Bernard Parish,Louisiana,22087,80,137.29235268411176,6.968996647375604,126.44013119791694,139.64113659074218,143.47729218572834
1159,St. Charles Parish,Louisiana,22089,80,138.98652101724917,5.734535570367209,130.32090119370125,140.84563772418483,144.01294307474802
1160,St. Helena Parish,Louisiana,22091,80,111.45823311209297,19.173460342483548,83.39949763867824,118.4414328263246,129.47222365007096
1161,St. James Parish,Louisiana,22093,80,125.0364640725807,13.168116853368813,104.8377474550095,129.52967400156388,136.97698117512698
1162,St. John the Baptist Parish,Louisiana,22095,80,136.2832240332665,7.635776650778221,125.56732195016033,138.88744403912105,142.84132808153666
1163,St. Landry Parish,Louisiana,22097,80,141.79903483821906,4.234078574079614,135.21567055894772,143.03921856367157,145.85255192343044
1164,St. Martin Parish,Louisiana,22099,80,138.98976843378082,6.126610642554635,130.78688493164623,141.0783672241042,144.22258118760107
1165,St. Mary Parish,Louisiana,22101,80,138.00574437082145,6.296680399593107,128.30780635089116,140.12401165785826,143.81225978072172
1166,St. Tammany Parish,Louisiana,22103,80,146.19859606819844,1.7266153691960635,143.9322214912316,146.43231510781087,148.1682979250692
1167,Tangipahoa Parish,Louisiana,22105,80,144.61377187425916,2.48541733180286,141.43019600738475,145.2180583938192,147.07717222842476
1168,Tensas Parish,Louisiana,22107,80,68.93597512534528,30.655603777803268,24.065299578338333,77.68624231366698,101.5475383071445
1169,Terrebonne Parish,Louisiana,22109,80,143.20964876690286,3.378058807105971,138.0941056434198,144.08716117872126,146.45594348554732
1170,Union Parish,Louisiana,22111,80,127.0249090615661,12.275881223842676,108.54583055371167,131.277399693092,137.99310151418337
1171,Vermilion Parish,Louisiana,22113,80,139.7923488795636,5.465090796105082,131.65635648118024,141.7890629367565,144.7049847095891
1172,Vernon Parish,Louisiana,22115,80,138.07229190989287,6.51941922343731,128.546984449395,140.20070892009412,143.75965360642437
1173,Washington Parish,Louisiana,22117,80,137.51026518392575,6.530977205090798,127.6507181380643,139.5758376778028,143.49548588844837
1174,Webster Parish,Louisiana,22119,80,134.89862261199585,8.240581209168674,122.68864805391841,137.81750697574316,142.42677257032238
1175,West Baton Rouge Parish,Louisiana,22121,80,131.3529818002106,10.340127582687751,115.67221557947711,135.06861215585317,140.7410689835675
1176,West Carroll Parish,Louisiana,22123,80,108.08403039809578,19.672024634537802,79.9006703349471,114.2253598046612,127.01530809824821
1177,West Feliciana Parish,Louisiana,22125,80,120.17547578833994,16.108594892131336,96.20247598328176,125.90400518422359,134.49871325141132
1178,Winn Parish,Louisiana,22127,80,116.15991978688109,17.858707302376605,88.53575581470203,121.80133617309114,132.6128426014909
1179,Androscoggin County,Maine,23001,80,144.08204154187314,2.928053244343939,139.97837672085598,144.75539657789156,146.92995219614326
1180,Aroostook County,Maine,23003,80,141.4164781626687,4.607412302647477,134.69974347932066,142.8648628307779,145.6277075335158
1181,Cumberland County,Maine,23005,80,146.5702974318584,1.4743231272433415,144.55162091773119,146.7039608572029,148.28787692811133
1182,Franklin County,Maine,23007,80,134.33882395573033,8.655903252200584,121.18002077315434,137.27856245009247,142.03500481931638
1183,Hancock County,Maine,23009,80,140.3599122661937,5.146579278421078,133.6531732682609,142.00422002853205,144.87803999195273
1184,Kennebec County,Maine,23011,80,144.474497669487,2.60702067241626,140.5830261074463,145.15015337573473,147.0712653613101
1185,Knox County,Maine,23013,80,137.42211329701823,6.662318284621418,127.8937864187861,139.7326056486511,143.5381428022306
1186,Lincoln County,Maine,23015,80,135.78113152434602,7.65190553941406,124.37085709430792,138.56438150877185,142.72746447675425
1187,Oxford County,Maine,23017,80,140.85102139192134,4.729948823644909,134.52316948562395,142.35167469874773,144.94589513730364
1188,Penobscot County,Maine,23019,80,145.1714788651177,2.1620516055069783,142.20640008194175,145.5334421954104,147.44755181755127
1189,Piscataquis County,Maine,23021,80,125.22271585477208,13.641957508085726,104.44594844936779,130.33509948578092,137.29433399731477
1190,Sagadahoc County,Maine,23023,80,136.7223519466207,7.191947546923334,125.70683289362628,139.29124822818852,143.28382633733415
1191,Somerset County,Maine,23025,80,139.55558828103275,5.349914705149282,131.63660575210534,141.11906424798724,144.6515408352772
1192,Waldo County,Maine,23027,80,137.25119120458064,6.9845315708568965,126.63840466644123,139.58376072780663,143.44885434271066
1193,Washington County,Maine,23029,80,134.65172878961639,8.356067620956592,121.04467844680957,137.62340271842464,142.0629286062645
1194,York County,Maine,23031,80,145.9605380420406,1.702788721261056,143.70128361335617,146.23875995526927,147.81699317715206
1195,Allegany County,Maryland,24001,80,141.40063384007652,4.476551634723837,134.6922513782259,142.76353498408588,145.55238193872037
1196,Anne Arundel County,Maryland,24003,80,147.3201912813005,1.1715850676125428,145.83522963541282,147.34662136477516,148.75560122033673
1197,Baltimore County,Maryland,24005,80,147.5198963957467,1.1160308217022372,146.11470301488896,147.54699198332412,148.88183637259186
1198,Calvert County,Maryland,24009,80,143.04457517290166,3.3975474317632566,138.20862474667064,144.02645575123296,146.2232384306624
1199,Caroline County,Maryland,24011,80,135.20802985323147,7.949810794039162,123.72973296971763,137.85540162010415,142.35798788223207
1200,Carroll County,Maryland,24013,80,145.48275544947225,2.049937914456722,142.63167219205684,145.8737651297345,147.6289300362871
1201,Cecil County,Maryland,24015,80,143.79057870247996,3.05450364314858,139.5104354806729,144.58218127820498,146.66236044870644
1202,Charles County,Maryland,24017,80,145.52144945361786,2.0196916494042223,142.9046021632588,145.88791426355328,147.63695775680907
1203,Dorchester County,Maryland,24019,80,134.99424403358762,8.21209384727705,123.45666098780607,137.7581252869358,142.38561496914932
1204,Frederick County,Maryland,24021,80,146.37322296872918,1.535963915093901,144.33687771801436,146.52056858467182,148.16731272521585
1205,Garrett County,Maryland,24023,80,133.79257204714568,8.981334646857105,120.40146266469884,137.04106879407635,141.93055701442316
1206,Harford County,Maryland,24025,80,146.26456965745768,1.6442220708254003,144.20198039034057,146.49672279358606,148.06858514941192
1207,Howard County,Maryland,24027,80,146.68696086563315,1.4488093452867867,144.76275740839083,146.81239401761331,148.41230705287774
1208,Kent County,Maryland,24029,80,127.1068672925994,12.505183211596444,108.46119609619556,131.31583493712077,138.3477725770238
1209,Montgomery County,Maryland,24031,80,147.64180672751675,1.0757233999852431,146.24344988893412,147.64828584195175,148.97773661360273
1210,Prince George's County,Maryland,24033,80,147.61971452187032,1.1325939638508011,146.10846316437014,147.64296531749275,149.00847152703125
1211,Queen Anne's County,Maryland,24035,80,139.13766187310847,5.746466747871774,131.18518381365945,140.99614542057645,144.3300308157739
1212,St. Mary's County,Maryland,24037,80,144.0080417592644,2.9136014507865884,140.03259586531897,144.78271896972507,146.88066588867645
1213,Somerset County,Maryland,24039,80,130.57172673822686,10.627708961964787,114.57817926414543,134.35783853746693,140.21524159571487
1214,Talbot County,Maryland,24041,80,136.4410631362795,7.4563565436287,125.14074017075431,138.98264403537837,143.1964782141285
1215,Washington County,Maryland,24043,80,145.1167018598483,2.237271848010104,141.82753980982037,145.59535378176793,147.43032704223896
1216,Wicomico County,Maryland,24045,80,143.81513772116762,3.031089077791862,139.36685041497302,144.53060316038102,146.7459205011547
1217,Worcester County,Maryland,24047,80,139.7573792200167,5.317044475737174,132.28855205152675,141.59610209185968,144.62378855169538
1218,Baltimore city,Maryland,24510,80,147.32526555677813,1.2107584012631287,145.78031277461065,147.37987258649724,148.84959794917816
1219,Barnstable County,Massachusetts,25001,80,146.02358728828818,1.704560307003571,143.73355849593767,146.27094244425672,147.85850413768395
1220,Berkshire County,Massachusetts,25003,80,144.39657154578117,2.657827771027004,140.86254180097612,145.08079919762983,146.99090037681373
1221,Bristol County,Massachusetts,25005,80,147.34833222246309,1.1780915298721304,145.8542623553871,147.43082599535575,148.7510077285017
1222,Dukes County,Massachusetts,25007,80,127.79938562258909,12.199519603246348,108.69171081688661,131.98224997947926,138.6394303694433
1223,Essex County,Massachusetts,25009,80,147.50130466333496,1.1461363094836663,146.07727913984337,147.52851752531814,148.9478238226785
1224,Franklin County,Massachusetts,25011,80,141.9547318525266,4.0337883687900895,136.1255100675085,143.14942754793964,145.7475608325144
1225,Hampden County,Massachusetts,25013,80,147.08642066319638,1.3112990727311755,145.3748279683896,147.16362316232704,148.67547439936638
1226,Hampshire County,Massachusetts,25015,80,145.23738652544907,2.1317825571098337,142.1848821338825,145.7036188380664,147.45805872496732
1227,Middlesex County,Massachusetts,25017,80,147.75618854203282,1.0687186749168078,146.31199172779947,147.78418957717764,149.12059080491292
1228,Nantucket County,Massachusetts,25019,80,119.24808969867664,15.992408583650802,94.80024328912052,124.37408900674063,133.82193303820156
1229,Norfolk County,Massachusetts,25021,80,147.39768357026398,1.110945154606967,145.95823688873455,147.43676432039683,148.74404649298768
1230,Plymouth County,Massachusetts,25023,80,147.2159897467959,1.1864297421001053,145.70233782127357,147.24190434638547,148.74606431227184
1231,Suffolk County,Massachusetts,25025,80,147.49560278665368,1.1333902657459554,146.04116281431018,147.50554306810642,148.9395296700739
1232,Worcester County,Massachusetts,25027,80,147.58113049308997,1.1395340548007638,146.110566935362,147.57143621095423,149.07922368189838
1233,Alcona County,Michigan,26001,80,98.08817002075713,23.78980274086312,61.576844789663454,106.20083213176794,121.5811932580502
1234,Alger County,Michigan,26003,80,92.64990132173968,24.810955978540242,55.95783700160445,101.12531352295431,117.26551296533741
1235,Allegan County,Michigan,26005,80,142.62465026200329,3.6853995978271463,137.14918929700832,143.7347824619007,146.18123639718112
1236,Alpena County,Michigan,26007,80,127.16732156844735,12.149640549578315,106.88031658256551,131.5330305123063,138.01992829279158
1237,Antrim County,Michigan,26009,80,122.96938516716612,14.15756922776219,101.17910403328435,127.75270159363158,136.03699844226395
1238,Arenac County,Michigan,26011,80,110.69771083351684,19.70489831289254,79.73776630495303,117.86078049922787,129.48653168994974
1239,Baraga County,Michigan,26013,80,89.37563168674582,26.753341416815445,46.80658566066476,98.75348782229733,114.91874007709183
1240,Barry County,Michigan,26015,80,138.12878241939953,6.125075756525203,129.13672397278717,140.31985898501085,143.5337682520625
1241,Bay County,Michigan,26017,80,141.37536305882082,4.3533515608838815,134.55420881708258,142.8522364334321,145.26020446348602
1242,Benzie County,Michigan,26019,80,117.63462340276016,15.918804654295428,93.45883208400122,123.25612130686628,131.8796965655497
1243,Berrien County,Michigan,26021,80,143.50264974995574,2.9972045450874014,139.28068122911552,144.2991259598069,146.43651164854572
1244,Branch County,Michigan,26023,80,133.7482677232154,8.681684598532389,121.28650770841644,136.62129503045912,141.5006880661162
1245,Calhoun County,Michigan,26025,80,143.11331619653185,3.5756013644236533,138.10718197374663,144.24440097043268,146.33851773468783
1246,Cass County,Michigan,26027,80,135.67470401393166,7.7549273117010165,124.61286000102781,138.40389988232084,142.4489374768464
1247,Charlevoix County,Michigan,26029,80,124.42981171365979,12.891324088300982,104.92459071447418,128.71070337035854,136.37192086006547
1248,Cheboygan County,Michigan,26031,80,124.7477128556172,12.850155368278841,105.81979965522156,129.1049282807394,136.53751720220032
1249,Chippewa County,Michigan,26033,80,130.59212562661654,10.376231110966502,114.52827883728602,134.47464519962375,139.99971168864522
1250,Clare County,Michigan,26035,80,127.84386388638552,12.19583458974605,108.39329987748897,132.3126207631293,138.49768803913034
1251,Clinton County,Michigan,26037,80,139.63940223877654,5.188860994902009,132.3140855794636,141.15953087569193,144.4619795130014
1252,Crawford County,Michigan,26039,80,107.18623260627179,20.426339611589338,75.14900900387372,113.87598276012221,126.9858321775057
1253,Delta County,Michigan,26041,80,131.0904858950619,9.853957991426158,115.82051799343739,134.52659101878106,140.05640885323209
1254,Dickinson County,Michigan,26043,80,124.7067927383247,13.655482654923372,101.60681005649477,130.00135512836462,136.74805414616245
1255,Eaton County,Michigan,26045,80,141.91889034622565,4.036092854329355,136.05835523162668,143.10922470159727,145.76016039750922
1256,Emmet County,Michigan,26047,80,129.64178378632676,10.982214154385517,112.73866840297077,133.69659973065745,139.19656761401112
1257,Genesee County,Michigan,26049,80,146.36113722605245,1.520229956200405,144.34233883555254,146.5057659162601,148.16397661185354
1258,Gladwin County,Michigan,26051,80,125.1311988881147,12.977346319873002,104.43635020498445,130.04293887636842,136.724421256567
1259,Gogebic County,Michigan,26053,80,110.10084485417674,18.820438026252372,80.77718692228612,116.58825591027941,127.89427366216682
1260,Grand Traverse County,Michigan,26055,80,141.2253575426755,4.601041872915547,134.27526064718887,142.7287388709408,145.33618502239327
1261,Gratiot County,Michigan,26057,80,132.72291284074336,9.078271362928001,118.25920374168713,136.01677205809494,140.87941461852665
1262,Hillsdale County,Michigan,26059,80,133.79711115755723,8.343606771129606,121.30258637664895,136.81914092448721,141.3944974874804
1263,Houghton County,Michigan,26061,80,130.77784567570026,10.157345616997743,114.3654720595911,134.31440469663852,139.96556863236134
1264,Huron County,Michigan,26063,80,129.20911132990668,10.824324439011663,113.36500875749246,133.12509486650197,138.67010406657667
1265,Ingham County,Michigan,26065,80,145.63427243388298,1.9078426940599162,142.9412976947798,145.95408365923697,147.7260077441814
1266,Ionia County,Michigan,26067,80,138.1476369390625,6.073287766796734,129.49806295438006,140.17048010606777,143.6039269955558
1267,Iosco County,Michigan,26069,80,125.15349128166997,13.07759260463508,105.35791558468298,130.01519266011692,136.70251784095248
1268,Iron County,Michigan,26071,80,102.46393918230149,22.71020684199462,67.53978512481804,110.71966377411798,123.86213831965419
1269,Isabella County,Michigan,26073,80,137.78293083057943,6.470515704630136,128.07848754791465,140.22717777807767,143.46764070511327
1270,Jackson County,Michigan,26075,80,143.77467646929324,3.055359028369719,139.10687021601572,144.6628423791376,146.62296384111212
1271,Kalamazoo County,Michigan,26077,80,145.42051305912133,2.0045930666740395,142.60627095817244,145.77961959334715,147.57611233137655
1272,Kalkaska County,Michigan,26079,80,117.16127105397865,16.48299962590687,91.13629900568489,122.62022474860483,132.16664757030316
1273,Kent County,Michigan,26081,80,146.9897579669419,1.2555578286036895,145.37008374933174,147.0188449572313,148.61182922115916
1274,Keweenaw County,Michigan,26083,80,21.049744186232278,31.902846157458345,-28.475884533381198,29.333318077321138,56.01044903664926
1275,Lake County,Michigan,26085,80,104.86257864054694,21.34810790981135,71.90499390495582,112.49229022518995,125.37309511233796
1276,Lapeer County,Michigan,26087,80,140.44779830339326,4.852872623447562,133.15374492391925,142.10857817867725,144.91708310115865
1277,Leelanau County,Michigan,26089,80,122.12747454858199,14.423238868362699,98.98739098771182,127.62256029618966,135.2781656570462
1278,Lenawee County,Michigan,26091,80,141.30317712892997,4.3499832930639855,134.6947681229539,142.64919531031586,145.43510660579
1279,Livingston County,Michigan,26093,80,144.64588071557756,2.4317231787542353,141.35766085269148,145.2724071249782,147.1285627249592
1280,Luce County,Michigan,26095,80,69.94944731715663,30.298986359759322,21.94938751828188,79.75725210531127,101.15842948299704
1281,Mackinac County,Michigan,26097,80,100.4148409855249,22.894793852755758,65.57630718948104,107.85946677858149,122.72312766802563
1282,Macomb County,Michigan,26099,80,147.30984687846376,1.1815871147042158,145.85965189019308,147.34413364323126,148.72334903266508
1283,Manistee County,Michigan,26101,80,124.11605580158404,13.910496534960759,101.85921806181811,129.12975270448754,136.68831462348408
1284,Marquette County,Michigan,26103,80,138.16670458538005,6.456021510924433,128.28524279324876,140.47362036216077,143.89005564974326
1285,Mason County,Michigan,26105,80,127.59409999207936,11.735255679366135,109.7966019024384,131.70695400836385,138.11551265790186
1286,Mecosta County,Michigan,26107,80,132.2995018915823,9.161480835222847,118.65639056156607,135.45878472224376,140.8501003352165
1287,Menominee County,Michigan,26109,80,122.46107837120302,14.23672421863439,102.02028673808908,127.33033818095255,135.6687598288717
1288,Midland County,Michigan,26111,80,140.1935041064503,4.895677054772405,132.85276620167878,141.81178501896483,144.63201837892154
1289,Missaukee County,Michigan,26113,80,109.65480782798403,20.235161062889333,76.95883017104597,116.89448585058469,128.82815232339078
1290,Monroe County,Michigan,26115,80,143.7971984225806,2.92347205567354,139.40443839557042,144.57276597021269,146.68974339961002
1291,Montcalm County,Michigan,26117,80,138.59511569274963,6.021293696569835,129.96241518806227,140.54700409983718,143.92674118948557
1292,Montmorency County,Michigan,26119,80,95.5347647328405,23.973091321775602,58.34028114108363,103.48097250261185,119.54064495472663
1293,Muskegon County,Michigan,26121,80,144.21829601715837,2.7255931249672747,140.3903632934994,145.00799893963978,146.92051169144958
1294,Newaygo County,Michigan,26123,80,135.30593971144438,8.080306286005548,122.62798250970813,138.3959003529419,142.2088205694756
1295,Oakland County,Michigan,26125,80,147.5149023100344,1.1156729112263724,146.08514909063746,147.55481423672063,148.91582637263193
1296,Oceana County,Michigan,26127,80,125.76178619248643,13.110513284482712,105.88871646368494,130.66046491112286,137.5450242320288
1297,Ogemaw County,Michigan,26129,80,120.36439720379897,15.55351655944635,96.30809442959794,126.13115810076184,134.23905252182772
1298,Ontonagon County,Michigan,26131,80,74.55409591117827,28.677837570670828,27.659199191539283,82.97257607430181,104.20768101438419
1299,Osceola County,Michigan,26133,80,122.03042511089018,14.766480263381363,99.43494133404724,127.19173982463985,135.42898572213787
1300,Oscoda County,Michigan,26135,80,89.55052773095632,26.30299009857127,49.38472451900507,98.0654256064613,116.13141189759618
1301,Otsego County,Michigan,26137,80,124.36794979789317,13.401564793256645,103.83847042685093,128.52840846211075,136.51534365803823
1302,Ottawa County,Michigan,26139,80,145.74694211361464,1.8787974844483235,143.15716696004569,146.04468880778143,147.6969715740757
1303,Presque Isle County,Michigan,26141,80,106.81780584162806,21.020215575071884,72.79496318862506,113.99826031876611,127.2425178575796
1304,Roscommon County,Michigan,26143,80,122.20823524614785,14.697064755918182,99.21534197693988,127.3218788682689,135.56413944216487
1305,Saginaw County,Michigan,26145,80,144.36364264488918,2.6083331622614447,140.71792610296762,145.07041424118077,146.94153884039645
1306,St. Clair County,Michigan,26147,80,143.79870465179945,2.894222320238318,139.65147474337994,144.48928670080596,146.68274571415938
1307,St. Joseph County,Michigan,26149,80,137.21483349255885,6.940335831877895,126.66879165421345,139.737239770356,143.24662634073178
1308,Sanilac County,Michigan,26151,80,132.5765749877005,9.34628057982367,118.38324112723897,136.02459784291727,140.7755877867082
1309,Schoolcraft County,Michigan,26153,80,90.23912742041782,25.790165172572,50.00214964160072,98.49007859226977,114.90169457097105
1310,Shiawassee County,Michigan,26155,80,137.993630673431,6.7227274392793275,127.64594555789127,140.6020837011538,143.84962032602039
1311,Tuscola County,Michigan,26157,80,135.78028496751048,7.558384426491701,124.57127481848866,138.53601878823068,142.3761937264171
1312,Van Buren County,Michigan,26159,80,139.35680941992683,5.492646046385603,131.08645605630858,141.254565867268,144.31471075468605
1313,Washtenaw County,Michigan,26161,80,146.1631027271891,1.6454325099004667,143.98712876493414,146.3835942948614,148.01593927577463
1314,Wayne County,Michigan,26163,80,147.71585087964846,1.1142628712238887,146.3044776803553,147.7088274994934,149.1717998889296
1315,Wexford County,Michigan,26165,80,129.67249993094725,10.864481568306738,113.32702784099635,133.7343092985393,139.36318527203858
1316,Aitkin County,Minnesota,27001,80,122.88910426364191,15.193098158652427,101.33126542427775,128.4594420041148,136.50881382960486
1317,Anoka County,Minnesota,27003,80,146.81826247726136,1.3088389908943387,145.19478469147793,146.85987133094483,148.35816446500883
1318,Becker County,Minnesota,27005,80,135.91690809045943,7.844237912332717,124.53075024434524,138.70425551523644,142.91228380109834
1319,Beltrami County,Minnesota,27007,80,139.18451777685777,5.516504748592282,131.43956331554853,141.0020906455078,144.2296563726846
1320,Benton County,Minnesota,27009,80,137.57261032209516,6.616251489408974,127.75077077286328,139.86388762876783,143.5738299194044
1321,Big Stone County,Minnesota,27011,80,86.57456637504994,27.023786109529652,44.47334829561903,94.55756013646239,115.49132858102132
1322,Blue Earth County,Minnesota,27013,80,141.7694068733888,4.281310313555733,135.43465498617962,143.04559049031266,145.60741102230241
1323,Brown County,Minnesota,27015,80,132.20105535718915,9.748953041375385,118.24680320381636,135.7945593108639,140.94906337324127
1324,Carlton County,Minnesota,27017,80,136.30759976982014,7.6857741270496085,125.01456432709122,138.97678983825773,143.0414324901813
1325,Carver County,Minnesota,27019,80,143.8145125607744,2.9679643249776375,139.50464036516775,144.56583161526288,146.68935341805866
1326,Cass County,Minnesota,27021,80,134.7771884869728,8.085196356356096,123.1322220222583,137.6335507751536,142.09482071238102
1327,Chippewa County,Minnesota,27023,80,116.80323923210919,17.007627882004392,92.6285204896517,122.5297853484746,132.71436499316974
1328,Chisago County,Minnesota,27025,80,140.7254242663926,4.822485195280049,134.370759464289,142.13269885401922,145.03995718396195
1329,Clay County,Minnesota,27027,80,141.5058729304528,4.319743013386228,135.5658596794398,142.78541517210175,145.44028379693123
1330,Clearwater County,Minnesota,27029,80,108.92649701376614,20.13490023534447,77.61004912979784,115.49401492614916,127.73523011743762
1331,Cook County,Minnesota,27031,80,91.8996213074328,25.473055484466983,52.596841359201896,99.61336379888621,117.76606269654856
1332,Cottonwood County,Minnesota,27033,80,116.50252300061562,17.083875349744194,91.4407677664447,121.7463117765056,132.1942340094305
1333,Crow Wing County,Minnesota,27035,80,141.43669080985035,4.578306794279323,134.876108749159,142.913705559537,145.48996876817742
1334,Dakota County,Minnesota,27037,80,147.0413775093361,1.2528656436057282,145.32646993583046,147.11400410905543,148.6289691958555
1335,Dodge County,Minnesota,27039,80,128.90657987923635,11.116377854399529,112.6011953377821,132.55388772924985,138.72171527002504
1336,Douglas County,Minnesota,27041,80,137.78355790433517,6.449048817231431,128.86188850088345,139.93919330859185,143.62515025234464
1337,Faribault County,Minnesota,27043,80,119.88986932925926,15.972277354959534,95.41226352225718,125.41707063131116,134.79402735518417
1338,Fillmore County,Minnesota,27045,80,129.0872328188345,11.407410939857753,111.49335274097093,132.8836577159958,139.50823639815235
1339,Freeborn County,Minnesota,27047,80,134.74391160827375,8.056900154651197,123.6361828930952,137.2773930438323,142.1751497746044
1340,Goodhue County,Minnesota,27049,80,138.66931171940072,6.066964487887547,129.97987799557382,140.78187371183452,144.23874814559682
1341,Grant County,Minnesota,27051,80,94.35204220060858,24.342529631580884,56.89053642281326,101.47633974895624,119.21454612891426
1342,Hennepin County,Minnesota,27053,80,147.65702747863344,1.1024497112650629,146.30931232926287,147.6435038620565,148.98020291216193
1343,Houston County,Minnesota,27055,80,126.66543380167795,12.523375846359517,109.09635811502221,131.0081063224876,138.1248082281282
1344,Hubbard County,Minnesota,27057,80,128.88939307447214,10.956569560800384,112.5278114926818,132.28415324832827,139.45420791778616
1345,Isanti County,Minnesota,27059,80,137.49649862046198,6.829662153199669,127.1246454759606,139.8141271417496,143.80428094565747
1346,Itasca County,Minnesota,27061,80,138.51997182695803,6.523154558026524,128.82206567048146,140.7520685906925,144.22894719214938
1347,Jackson County,Minnesota,27063,80,111.66924641246375,18.973945981226553,81.64743063814613,117.82778289341846,130.35564739529602
1348,Kanabec County,Minnesota,27065,80,123.78404812958823,14.456945901281937,102.64178703282177,128.7680523461445,136.8979395518314
1349,Kandiyohi County,Minnesota,27067,80,137.51548651397079,7.023837927847543,127.70316557554725,139.84548285443086,143.80626635569212
1350,Kittson County,Minnesota,27069,80,76.85605449297046,30.39702542200577,30.86234140370597,84.86017059527342,109.4484529153955
1351,Koochiching County,Minnesota,27071,80,116.32389680962427,18.13744201387666,88.10732897185481,122.35035073873222,133.25852239416034
1352,Lac qui Parle County,Minnesota,27073,80,97.59818673086835,24.443782976666327,61.80306199573931,105.30119950764322,122.09133462599868
1353,Lake County,Minnesota,27075,80,114.04710818439344,18.12911873160032,86.42984850831878,119.57007271027862,131.6478136476018
1354,Lake of the Woods County,Minnesota,27077,80,76.16263165843324,29.17042549946332,31.29926304799108,84.67975524719088,106.38813263553277
1355,Le Sueur County,Minnesota,27079,80,133.8194207494947,8.79757681194149,120.65016625691017,136.92043625936066,141.80627766860036
1356,Lincoln County,Minnesota,27081,80,89.6291215254582,26.37804700640759,50.14630035599951,97.67372746772477,117.62145329783601
1357,Lyon County,Minnesota,27083,80,131.94676601254065,9.80478212350926,117.5509438016101,135.16563067998771,140.78048716030423
1358,McLeod County,Minnesota,27085,80,136.68175249952364,7.402162337239988,126.87357444067764,139.02914987790365,143.28557150873905
1359,Mahnomen County,Minnesota,27087,80,88.41996873382959,27.024085777519453,45.98309758850357,96.41793635386597,116.93817001170802
1360,Marshall County,Minnesota,27089,80,107.06311539089526,21.053290202118244,76.91859669059689,113.9719079522547,128.17593673463028
1361,Martin County,Minnesota,27091,80,127.04539806186303,12.416358933654584,109.04729217059351,131.18725187314348,138.53829765317616
1362,Meeker County,Minnesota,27093,80,130.4974294928062,10.48997563072163,115.41883727559743,133.99564788512305,140.30729019204358
1363,Mille Lacs County,Minnesota,27095,80,132.41712305899048,9.48346515989861,117.80407374388079,135.90110049815385,140.89067335501943
1364,Morrison County,Minnesota,27097,80,135.2408625911768,7.946912667024855,123.50862367095247,138.0406728046628,142.48772019533914
1365,Mower County,Minnesota,27099,80,136.7766962089435,7.351053181974692,126.6514817026841,139.31720583305147,143.53956723806846
1366,Murray County,Minnesota,27101,80,104.40530636902778,23.059374226956486,71.06897448902231,111.55984017121921,126.42789205806086
1367,Nicollet County,Minnesota,27103,80,135.5616004894803,7.89215875700446,124.26310163820322,138.55325692233242,142.55282169501822
1368,Nobles County,Minnesota,27105,80,129.82653422820462,11.012910775467326,112.62823860019834,133.46510913578481,139.79148610503267
1369,Norman County,Minnesota,27107,80,97.94143653219717,24.047901733926405,62.35828984519725,105.35383973111455,121.68256439438142
1370,Olmsted County,Minnesota,27109,80,145.11891099627346,2.3027664369954306,141.8218845851924,145.6181430683435,147.47997127528132
1371,Otter Tail County,Minnesota,27111,80,140.7326731987469,4.854819277265366,133.77685329123466,142.33140804595473,145.24494503605172
1372,Pennington County,Minnesota,27113,80,119.7209504090781,15.619893739501292,95.73456807187353,125.20188535610345,134.5992887853489
1373,Pine County,Minnesota,27115,80,133.63061491306826,9.226897047555026,119.0615707247413,136.83427231101984,141.82016055865077
1374,Pipestone County,Minnesota,27117,80,109.59444041195998,19.7114247586192,78.99088624951806,115.63380869668765,128.35376551443133
1375,Polk County,Minnesota,27119,80,134.32593545519228,8.50911325995434,121.55371605222639,137.38078513302662,141.9887317678218
1376,Pope County,Minnesota,27121,80,114.35113980785516,18.034551018665887,86.99938537013473,119.57119151596888,131.39537387197842
1377,Ramsey County,Minnesota,27123,80,147.22145926044274,1.2256526179210636,145.6671377417522,147.27394084681765,148.7839666390877
1378,Red Lake County,Minnesota,27125,80,75.33608212550293,30.35764429662258,27.593679346346153,84.36010864334239,107.98631770967022
1379,Redwood County,Minnesota,27127,80,122.29106479214339,15.411945038979223,98.81379500694628,127.89649052882419,136.29254276604394
1380,Renville County,Minnesota,27129,80,122.22228179908757,14.6463851924526,99.18780105048235,127.17218074735841,135.8977904296724
1381,Rice County,Minnesota,27131,80,141.6787554019806,4.012029718983183,135.9238047612798,142.81591680914673,145.55344408923995
1382,Rock County,Minnesota,27133,80,111.02887539162892,19.501638314593894,80.78633305929318,117.71272644715759,129.35605458020325
1383,Roseau County,Minnesota,27135,80,121.34235037370397,15.458418193055053,97.26822641752146,126.76136599037167,135.94209416927688
1384,St. Louis County,Minnesota,27137,80,145.81021194136446,1.90959739414036,143.08820287216318,146.14977834769252,147.86816578236946
1385,Scott County,Minnesota,27139,80,145.10243807965867,2.1691686145978126,142.25386819962696,145.45489401726041,147.4138175433827
1386,Sherburne County,Minnesota,27141,80,143.57829031800438,3.2040787569493574,139.05200429840127,144.40478871474107,146.69331529695827
1387,Sibley County,Minnesota,27143,80,121.9597929386083,15.132060019628085,98.73621046084016,127.26928548611608,135.70412812241918
1388,Stearns County,Minnesota,27145,80,145.30228522426634,2.107292921682433,142.56632871403667,145.71584600028052,147.4659151019934
1389,Steele County,Minnesota,27147,80,136.16075865316006,7.663471310434107,124.55644250435748,138.84818585821034,142.81485971638597
1390,Stevens County,Minnesota,27149,80,110.23708651588042,19.034309825342042,82.8216350789548,116.02119170800665,128.95875982103684
1391,Swift County,Minnesota,27151,80,110.40496672741446,19.95995845630871,78.19333319708824,117.19300508419849,129.39432843054425
1392,Todd County,Minnesota,27153,80,132.25197793577263,9.212488793170156,119.61563416712059,135.21363784708552,140.7525940687332
1393,Traverse County,Minnesota,27155,80,67.4445448262589,31.150305671154292,17.835489621615434,77.10568333646424,99.02432930440419
1394,Wabasha County,Minnesota,27157,80,129.75499740279045,10.634844656594765,114.71864968020303,133.37318156971548,139.62136342390497
1395,Wadena County,Minnesota,27159,80,120.41334144861808,15.7424312529642,96.84308754322043,126.16545131970042,134.9447106980309
1396,Waseca County,Minnesota,27161,80,127.00339498520307,12.308614791472229,107.945995527277,131.37235689144575,138.28087952506155
1397,Washington County,Minnesota,27163,80,146.38746587623604,1.6049356763591078,144.32824805301945,146.5802609431972,148.22303552899373
1398,Watonwan County,Minnesota,27165,80,115.3728446473825,17.597169502267075,89.62853003151288,121.61275714277645,131.59426355462782
1399,Wilkin County,Minnesota,27167,80,96.83319101484973,24.22811946041579,58.55319908896348,104.90447423820979,120.58560851353153
1400,Winona County,Minnesota,27169,80,139.3207895581237,5.6424898124957,131.15474901048177,141.10208931513125,144.62685269882587
1401,Wright County,Minnesota,27171,80,144.8891793210281,2.3286198206300526,141.58812829565485,145.3854866424578,147.3240258925316
1402,Yellow Medicine County,Minnesota,27173,80,110.59172769188822,19.6283722560939,81.37235559934156,116.57832747750149,129.60032292346753
1403,Adams County,Mississippi,28001,80,132.07316737965948,9.954605238492867,117.56782480438319,135.45092447357374,140.8012865852687
1404,Alcorn County,Mississippi,28003,80,134.88369706326955,8.052448506722321,123.36224692825547,137.8010626239103,141.915366943831
1405,Amite County,Mississippi,28005,80,115.9972620786448,17.0103661490905,92.54714960751029,120.94585477563498,132.2569429496047
1406,Attala County,Mississippi,28007,80,122.80305245399492,14.86489049484001,101.37867716198288,128.4745647762095,136.23075853771664
1407,Benton County,Mississippi,28009,80,98.82221351311581,24.235088515458994,62.17138922102172,106.69206444876303,122.54095112536777
1408,Bolivar County,Mississippi,28011,80,132.36648612272546,9.566375213022054,117.147234050826,135.63300654004416,141.18322169246093
1409,Calhoun County,Mississippi,28013,80,115.9115471068596,17.305281567639348,90.46510620334226,121.85309281557524,132.12675259435454
1410,Carroll County,Mississippi,28015,80,108.44079948205605,19.643275721576455,78.71713232388637,114.86870157944907,127.20532120047918
1411,Chickasaw County,Mississippi,28017,80,122.4604390056621,14.842069199262887,98.9973794171839,128.0320123364943,135.92429569010292
1412,Choctaw County,Mississippi,28019,80,100.8556092253531,24.477343863733807,62.42191060907577,108.7956185674987,123.58673383375891
1413,Claiborne County,Mississippi,28021,80,104.69892660928642,22.17767224755529,68.16423458846211,112.1874928459857,126.07654614265722
1414,Clarke County,Mississippi,28023,80,121.21439508987365,14.850112077529563,98.73685069266674,126.07572828227032,134.81061595145854
1415,Clay County,Mississippi,28025,80,124.00074288474813,13.713029344481463,103.13535383139575,128.8787915761289,136.77248462619866
1416,Coahoma County,Mississippi,28027,80,126.7957872031148,12.334282218315838,108.29558372235452,130.80840795581673,138.16824602370772
1417,Copiah County,Mississippi,28029,80,132.23690720546065,9.802424346881665,117.13622280128135,135.9487583161943,140.78640174711313
1418,Covington County,Mississippi,28031,80,124.82878545797573,13.222787797969783,105.14939863277897,129.5394534796818,136.51348170105126
1419,DeSoto County,Mississippi,28033,80,145.47158897589205,1.9483681976503449,142.7422228523216,145.85794757353275,147.56547635387597
1420,Forrest County,Mississippi,28035,80,141.65185331165483,4.417568854190896,135.34734664699718,142.9694979417362,145.69256496433584
1421,Franklin County,Mississippi,28037,80,99.01862787183045,24.4785984174914,62.04585768474107,107.45196958498761,122.61921960737547
1422,George County,Mississippi,28039,80,130.58991218888633,10.69548045416438,114.29335273797102,134.50880297950357,139.91244686396143
1423,Greene County,Mississippi,28041,80,117.1284233879623,16.948876561721057,91.8865229668892,122.963850607393,132.98264223384106
1424,Grenada County,Mississippi,28043,80,127.36860969857706,11.575297313555703,110.16952643292862,130.76746115317542,138.1178909552706
1425,Hancock County,Mississippi,28045,80,137.64750633264146,6.433896910821473,128.29722554890105,140.00433541766483,143.53072876864292
1426,Harrison County,Mississippi,28047,80,145.81741287597623,1.860596323680257,143.51518825863914,146.07177505409467,147.82889321684382
1427,Hinds County,Mississippi,28049,80,145.74797942127827,1.876382821001412,143.19460937856078,146.01253240701556,147.8283669951659
1428,Holmes County,Mississippi,28051,80,122.04848527274869,15.858485864946505,99.66852443658156,128.03234766063383,135.60298125561067
1429,Humphreys County,Mississippi,28053,80,98.71862574708442,24.079325974096346,61.07941450670878,106.4287450697885,121.92248482194896
1430,Issaquena County,Mississippi,28055,80,10.133577177672494,32.1568651381259,-39.55009861373399,17.768279026552584,47.450311069439756
1431,Itawamba County,Mississippi,28057,80,129.20388672112028,11.716296414476645,112.28351636500528,133.22006322456602,139.45931695463184
1432,Jackson County,Mississippi,28059,80,144.80623874682098,2.3904034412939317,141.5353617667184,145.2707762548418,147.22268128778884
1433,Jasper County,Mississippi,28061,80,120.9718569497458,15.635680833043198,97.98718951999672,126.51563668756944,135.48822632647986
1434,Jefferson County,Mississippi,28063,80,96.89358130975702,24.506485364328103,59.008616585565555,104.44408975645713,121.30509228807634
1435,Jefferson Davis County,Mississippi,28065,80,113.21209962737555,18.054217064910794,86.98953940318331,119.08229580350323,130.15094881572014
1436,Jones County,Mississippi,28067,80,140.78385729468542,4.725201331565332,134.40692333330801,142.26378152584527,145.09904652739712
1437,Kemper County,Mississippi,28069,80,104.00284224418796,22.88588911602732,68.63684624588684,112.41486061261472,125.65879482993948
1438,Lafayette County,Mississippi,28071,80,139.62856778598126,5.603028076907499,131.2085295050268,141.57369422058048,144.84489314749524
1439,Lamar County,Mississippi,28073,80,140.52130858921348,4.934675047024999,133.45552508580846,142.0777976781144,144.9768123782706
1440,Lauderdale County,Mississippi,28075,80,141.3221702701159,4.425163804832962,134.7526988439021,142.7898816902919,145.26505018148495
1441,Lawrence County,Mississippi,28077,80,114.01200172613503,18.210778018510602,86.59510221765983,119.72106635517233,131.2674039510969
1442,Leake County,Mississippi,28079,80,126.63156606042368,12.929212241352898,105.82463212838258,131.28928095768066,138.22277964753562
1443,Lee County,Mississippi,28081,80,142.21446947841184,3.9412122984386757,136.25132650027695,143.4229822168049,145.80121222290532
1444,Leflore County,Mississippi,28083,80,131.3128193795415,10.056035138466365,116.31851816117029,134.61112417476704,140.2969930679703
1445,Lincoln County,Mississippi,28085,80,134.77405847005014,8.156356501759843,123.04834579013445,137.54764683988122,141.948596036333
1446,Lowndes County,Mississippi,28087,80,140.0280574886645,5.2686716866376395,132.888692719478,141.8093654647134,144.77688362371802
1447,Madison County,Mississippi,28089,80,143.54582759774442,3.143099651190244,138.7781598469368,144.4310134176461,146.59227479501345
1448,Marion County,Mississippi,28091,80,128.97461014737462,11.545381027942643,111.61149330607148,133.2864337923274,139.37915052927335
1449,Marshall County,Mississippi,28093,80,134.84861034626476,8.066438196268685,122.76451478604281,137.67079220707788,141.80867860859917
1450,Monroe County,Mississippi,28095,80,134.4322605523732,8.318576730594337,122.50036442857511,137.36026536602103,141.88528019961717
1451,Montgomery County,Mississippi,28097,80,107.17449184467185,20.801405543101144,76.43438048754177,114.35080283565483,127.50318671827304
1452,Neshoba County,Mississippi,28099,80,131.91012805304123,10.306781536549483,116.9009654235216,135.73072352017664,140.86956245536763
1453,Newton County,Mississippi,28101,80,127.723265645757,12.00369798297593,109.29711268343239,131.91119687512742,138.71588735356454
1454,Noxubee County,Mississippi,28103,80,109.48408128991271,19.76172680014424,79.2067699974634,116.52153084262656,128.78303305439988
1455,Oktibbeha County,Mississippi,28105,80,138.8515981887224,5.9119784522729075,130.18995707139248,140.86340769855292,144.2002230556379
1456,Panola County,Mississippi,28107,80,133.95903022084474,8.543666544770575,120.88673559945394,136.98222917213002,141.73907087975934
1457,Pearl River County,Mississippi,28109,80,139.74466302662086,5.243382553732422,131.87762427409646,141.47146873882838,144.39994650396642
1458,Perry County,Mississippi,28111,80,112.26117749453185,18.99272099314244,82.19509529817279,118.45000082708293,129.99243280633038
1459,Pike County,Mississippi,28113,80,136.1298433138865,7.39858254733827,125.35339610918444,138.4494505202847,142.97623367968774
1460,Pontotoc County,Mississippi,28115,80,133.5940021277139,8.882092711813371,120.00847234865505,136.71132496413253,141.5594718997928
1461,Prentiss County,Mississippi,28117,80,129.80139028008435,10.902482722815687,113.06867509656503,133.41087008828856,139.63564448479065
1462,Quitman County,Mississippi,28119,80,87.1760954695208,26.803507164630222,46.48978599533273,96.27725346349237,114.40155726544718
1463,Rankin County,Mississippi,28121,80,144.94764344429882,2.303809171609752,141.76464038938215,145.43612769920063,147.37428342671328
1464,Scott County,Mississippi,28123,80,131.02757732716034,10.370047471303343,115.80588665464134,134.4698953241496,140.4536663041521
1465,Sharkey County,Mississippi,28125,80,63.55441782638154,31.888347732321186,13.85580904776956,70.87047813591481,99.90495682781875
1466,Simpson County,Mississippi,28127,80,130.00888782379516,10.9916447425,113.12347631381193,133.67024953066633,139.98608027962308
1467,Smith County,Mississippi,28129,80,119.20442555799332,14.902987620218202,96.22609352806562,123.91377289944356,133.52808434258284
1468,Stone County,Mississippi,28131,80,124.41907727598098,13.885936355145313,102.6152488446993,129.681198845611,136.8586689796857
1469,Sunflower County,Mississippi,28133,80,130.11086019549109,11.015937669238076,114.38470548622904,134.07307311107687,139.8091551475646
1470,Tallahatchie County,Mississippi,28135,80,114.45448107846535,18.470537444015804,85.95036281214136,120.81587446804632,131.55174605784856
1471,Tate County,Mississippi,28137,80,131.18199140689114,10.342812509652338,115.02988090197461,134.79771168806536,140.66383890485966
1472,Tippah County,Mississippi,28139,80,127.52385440197402,12.21505599354966,109.40123837811389,131.95525783326804,138.53858613603447
1473,Tishomingo County,Mississippi,28141,80,124.95107488365143,12.832402111458533,105.39909770513337,129.41103607417887,136.68041439894608
1474,Tunica County,Mississippi,28143,80,106.91232456362275,20.418848704629717,75.02032956373336,113.30161124915068,126.55689106037389
1475,Union County,Mississippi,28145,80,131.9753990215121,10.095596299244864,116.74586767277697,135.62514037518088,140.7959287931514
1476,Walthall County,Mississippi,28147,80,116.17081667206523,17.085766856827302,89.88548272577331,121.77596367716237,133.01337784736663
1477,Warren County,Mississippi,28149,80,137.30714772862305,6.6384942036585715,127.4334439159509,139.65836191252734,143.2868685452486
1478,Washington County,Mississippi,28151,80,137.36634892032754,6.470776229025662,128.65460712057526,139.41368905617747,143.20004846350972
1479,Wayne County,Mississippi,28153,80,125.2356413789362,13.3495995857642,104.6514703050357,129.83503350106395,137.0928136729132
1480,Webster County,Mississippi,28155,80,108.88510686279938,20.119896793756215,77.31012012608535,115.46198390814504,128.3487526736805
1481,Wilkinson County,Mississippi,28157,80,100.1591461000313,24.82183897941776,61.383318071349855,108.44104238766475,123.89408526501556
1482,Winston County,Mississippi,28159,80,123.56261150884995,13.614621079228588,102.34350352695365,128.10546772260113,136.61955256108027
1483,Yalobusha County,Mississippi,28161,80,115.02232083618914,17.83975030972224,88.7077210534712,120.9447731570845,131.9065765917963
1484,Yazoo County,Mississippi,28163,80,130.25863915022654,10.755537894568734,113.63401072557816,133.82542892058734,139.90118943869336
1485,Adair County,Missouri,29001,80,124.76276226661786,13.5409550676661,103.33551562264657,129.7700596492313,136.76636274402998
1486,Andrew County,Missouri,29003,80,115.90715385149659,17.892595879455243,86.77331569839713,122.65590824033305,131.63177116074283
1487,Atchison County,Missouri,29005,80,68.71818906468374,30.4081519414459,20.29593079780751,78.28449945194541,100.33601427063049
1488,Audrain County,Missouri,29007,80,123.96330229337235,13.43916664304583,103.4503338412439,128.4579474106758,136.02607399398238
1489,Barry County,Missouri,29009,80,129.5195334765389,10.82312731384584,112.89699120647533,133.1311817637146,139.4725345175838
1490,Barton County,Missouri,29011,80,103.21477815994926,21.606525676781505,70.10363627381379,110.21887922532407,123.83528547653626
1491,Bates County,Missouri,29013,80,112.29323358471966,18.694265636209604,83.33164558671473,118.41844751109757,129.8039398864048
1492,Benton County,Missouri,29015,80,119.34326913684633,15.67792978791163,95.44459379702757,124.6288870327869,133.6212850612035
1493,Bollinger County,Missouri,29017,80,100.2839055921862,22.384885329720547,65.71791193984214,107.41042278451172,121.58111797001581
1494,Boone County,Missouri,29019,80,144.28879263890445,2.64592753713284,140.3644659322859,144.88204744644753,147.0562456969876
1495,Buchanan County,Missouri,29021,80,140.51791647944117,4.785735724943826,133.61412738912054,142.11561877208936,144.7479375207216
1496,Butler County,Missouri,29023,80,132.80102282860457,9.17130198577455,118.97659681864053,135.89272126321288,141.03366395002965
1497,Caldwell County,Missouri,29025,80,91.46844355917627,25.7942970283418,50.30927459008646,99.63091312332061,117.54966545419718
1498,Callaway County,Missouri,29027,80,133.9258120976422,8.782432854411509,120.86584512664382,137.024462092495,141.58574183691718
1499,Camden County,Missouri,29029,80,133.45703405997426,8.726316490821866,120.02598142761495,136.50040726994285,141.3805634871379
1500,Cape Girardeau County,Missouri,29031,80,140.31925710585202,4.853650143314804,132.86503528447278,141.86973790811675,144.80019860940942
1501,Carroll County,Missouri,29033,80,89.9720253290001,26.212119245086424,48.91196420481703,97.68434230004218,116.18585009891258
1502,Carter County,Missouri,29035,80,70.17842889200209,29.050134611672654,24.704975312569907,78.24877063832513,100.44892893555436
1503,Cass County,Missouri,29037,80,141.9379106964232,3.9903864130219318,136.19262124189402,143.19174288065028,145.57350511939356
1504,Cedar County,Missouri,29039,80,109.6283206253011,20.208084841106796,77.08227440021531,116.53850149658001,128.45846763443237
1505,Chariton County,Missouri,29041,80,85.1139450343997,27.72656229693956,41.44464871728668,94.82783820652335,112.53578639174614
1506,Christian County,Missouri,29043,80,140.96500808874626,4.359989192928987,134.61639855110963,142.31138630592963,145.0390706056346
1507,Clark County,Missouri,29045,80,80.86040909800452,27.78370295236595,36.37206825579227,89.78779852319539,109.29974432384738
1508,Clay County,Missouri,29047,80,145.3710677696803,1.9316676024352066,142.71184750031128,145.686218309568,147.55720353701614
1509,Clinton County,Missouri,29049,80,119.8207640999593,15.82075941723939,94.07090860408266,125.66412259916189,134.19827110193415
1510,Cole County,Missouri,29051,80,139.54007214802937,5.345308540083503,131.9502048852396,141.2648104484375,144.29679139974255
1511,Cooper County,Missouri,29053,80,114.52105139514889,16.872107828209803,89.69903709559827,119.82154604544112,130.44773660957375
1512,Crawford County,Missouri,29055,80,121.07514808163906,15.397623856505893,97.1499696103424,126.73385072106439,134.86834124969909
1513,Dade County,Missouri,29057,80,88.45858621180798,25.413453295950394,49.27040193828893,96.69627358481625,114.18401457473723
1514,Dallas County,Missouri,29059,80,115.05105224791512,17.607207844509453,87.7996705906133,121.50640678751597,131.40042486259054
1515,Daviess County,Missouri,29061,80,90.85744156139911,25.020648240782528,50.24424166462906,98.72231052788791,115.91359405888664
1516,DeKalb County,Missouri,29063,80,101.17538744997339,22.719669464843356,66.13040037981578,109.06991517758449,123.0435037233489
1517,Dent County,Missouri,29065,80,111.09321735395228,18.6242191069874,83.41217893768189,117.63824470337043,128.44523749700417
1518,Douglas County,Missouri,29067,80,102.26126413389001,22.508209918633415,65.42726048183239,109.56896394263347,124.80167228940817
1519,Dunklin County,Missouri,29069,80,125.757677009007,12.352806553790066,106.67516567415602,129.85191889548872,137.14192570299892
1520,Franklin County,Missouri,29071,80,141.5466351922407,4.366242053316445,134.8148954693256,143.05660122100102,145.61492265960038
1521,Gasconade County,Missouri,29073,80,111.01394676402147,19.927248061676444,78.04452788897862,118.71202962718047,128.81483115202244
1522,Gentry County,Missouri,29075,80,75.45448308469359,28.68321499599582,29.477165514065685,84.48195084715371,104.92555727282817
1523,Greene County,Missouri,29077,80,145.84209929796157,1.831057106323529,143.3038746156751,146.11128378406494,147.8776916120544
1524,Grundy County,Missouri,29079,80,96.54342716689465,24.143274073939484,59.05012558606404,105.4845693958521,120.20347959079987
1525,Harrison County,Missouri,29081,80,89.5430187261187,26.5533520866438,48.78940138967919,98.16693589090697,114.99081301021576
1526,Henry County,Missouri,29083,80,121.80096903796476,14.732940557624914,99.4271790376727,127.05867676817317,135.1828571408491
1527,Hickory County,Missouri,29085,80,90.75413118677243,26.308777833387325,49.161953799663436,99.54302629393456,116.03642303726777
1528,Holt County,Missouri,29087,80,59.00614600214307,31.263519941425905,11.417729158605393,69.48775507000605,90.75122928890471
1529,Howard County,Missouri,29089,80,98.24482104604655,23.331574539441288,62.855547360773045,106.78014664311041,120.66740142537279
1530,Howell County,Missouri,29091,80,132.72283960892867,9.271248144735836,118.25069306004215,136.07292784171526,140.83296813553892
1531,Iron County,Missouri,29093,80,96.05506114710069,24.16290123265301,58.31822572446068,103.87810911316637,119.20229857446434
1532,Jackson County,Missouri,29095,80,147.11746446874844,1.247226710895806,145.48264903166793,147.2215686477547,148.6472517623077
1533,Jasper County,Missouri,29097,80,142.67316000385316,3.6453134539739263,137.54658480820567,143.7252572684077,146.0801864184354
1534,Jefferson County,Missouri,29099,80,145.0712608792024,2.234642962907178,142.0285303301351,145.49790507354913,147.4134784547183
1535,Johnson County,Missouri,29101,80,136.3795132889589,7.2084334108062516,125.54343008263841,138.85130060747804,142.6780589384382
1536,Knox County,Missouri,29103,80,50.252367853099905,31.929610930807776,3.0513392943368913,57.85793673784229,85.85181044472789
1537,Laclede County,Missouri,29105,80,130.46555220864258,10.487310519702753,114.07006581476051,134.50067416567413,139.80197131653617
1538,Lafayette County,Missouri,29107,80,129.16185304654934,11.047211353041034,111.5192766081792,133.06028551544188,138.83482896446554
1539,Lawrence County,Missouri,29109,80,132.28201005719185,9.30598196029952,118.24679903132734,135.72339999802975,140.33827571368568
1540,Lewis County,Missouri,29111,80,97.32167300264868,23.10661035431765,63.09183993450685,105.44079425212564,119.87349757966567
1541,Lincoln County,Missouri,29113,80,137.6355120049335,6.574378307412466,127.63672902930973,140.01936517568635,143.37910050310137
1542,Linn County,Missouri,29115,80,103.16599103569618,22.13977921733884,68.7878229124208,111.13389120114417,124.58049613713152
1543,Livingston County,Missouri,29117,80,109.66184332986604,20.032210333960528,78.80551322588103,116.51190225027429,128.45538419593777
1544,McDonald County,Missouri,29119,80,122.38928797800985,14.454949925804454,99.7968144557429,127.25677544430337,135.3583953020457
1545,Macon County,Missouri,29121,80,111.59923834155198,18.18268507080597,84.06260140438242,117.07948559589558,129.06706941036057
1546,Madison County,Missouri,29123,80,105.29642906519508,21.37276321277527,70.56263404557976,112.66130545874591,125.99988105513057
1547,Maries County,Missouri,29125,80,89.37426262112581,26.74744434236082,45.51635338909114,97.08689517921123,115.81071463719243
1548,Marion County,Missouri,29127,80,127.03560792426697,12.369091943455436,107.51803113959434,131.44857978814645,137.735493145218
1549,Mercer County,Missouri,29129,80,46.991953682267734,32.15950385022782,-0.7160505150020819,55.36888526765128,83.09306375245518
1550,Miller County,Missouri,29131,80,124.5961578475864,13.056480369976017,105.76032537200204,129.34513072793882,136.38462855422324
1551,Mississippi County,Missouri,29133,80,102.9174136662773,21.86682063328523,68.5277364237366,109.96716818570434,123.99688051208386
1552,Moniteau County,Missouri,29135,80,112.78047934513582,18.225692028412308,84.85029978159099,119.32453909157849,129.44856085779597
1553,Monroe County,Missouri,29137,80,91.33964563779402,25.14276995243451,52.116170942519176,99.85611859734045,116.26752946117433
1554,Montgomery County,Missouri,29139,80,104.23793973389603,21.18629388619315,72.10530533854657,111.84353925334074,124.01687147984495
1555,Morgan County,Missouri,29141,80,121.26954117752807,14.68170314085304,98.45112094019915,126.49007565474378,134.86962611090658
1556,New Madrid County,Missouri,29143,80,111.36704067553427,19.750696721352995,80.17541315296546,117.62811120647683,129.70710701108325
1557,Newton County,Missouri,29145,80,137.13573628911578,6.880991346736301,127.01576873570335,139.5853106808666,143.44031833432825
1558,Nodaway County,Missouri,29147,80,120.16119924793067,15.040086295352886,97.570110089981,125.17691208827209,134.1866477787592
1559,Oregon County,Missouri,29149,80,91.21456480522423,26.272067950479922,48.50014280496367,100.58348452901114,117.06647792361817
1560,Osage County,Missouri,29151,80,107.55933761019263,20.536856000931394,75.73897922056445,114.60440716958504,126.798508504176
1561,Ozark County,Missouri,29153,80,92.26351888286923,24.447008181192004,55.33440817912269,99.75593809096924,118.02679471185232
1562,Pemiscot County,Missouri,29155,80,110.50792856008992,19.534243976226236,81.22142631826397,116.95804024378532,128.76960626193292
1563,Perry County,Missouri,29157,80,117.69396201507776,15.899099704980948,94.31547823224082,122.78603766073778,132.48192513009556
1564,Pettis County,Missouri,29159,80,133.8438313865279,8.566072472573877,120.65523532172372,137.03447323702608,141.2371938852721
1565,Phelps County,Missouri,29161,80,134.13965659765807,8.284466629305909,122.16269874420925,137.12631503912905,141.5573244887566
1566,Pike County,Missouri,29163,80,115.23116989144361,17.897077740551467,85.00770604546751,121.89300323477325,131.54060341093498
1567,Platte County,Missouri,29165,80,141.86490223467283,3.9534185124014285,136.14750795287043,143.1094422523382,145.52985216187315
1568,Polk County,Missouri,29167,80,129.98123807848077,10.305571789033442,115.51620886641734,133.53954349018866,139.1566542622172
1569,Pulaski County,Missouri,29169,80,136.11372736702748,7.405377076779193,124.70498944290313,138.73340115058977,142.7263434885633
1570,Putnam County,Missouri,29171,80,62.5665935121542,30.841286903987424,13.845715981120613,70.10059176239221,96.04334080438102
1571,Ralls County,Missouri,29173,80,100.68720487733177,22.344222620083034,64.82641677656856,108.886861839416,121.39836413631662
1572,Randolph County,Missouri,29175,80,123.93403181483501,13.86860944060374,102.7783969548612,128.9374678776159,136.0888717567335
1573,Ray County,Missouri,29177,80,121.97502461024656,14.486310676935167,98.91653500655116,126.83053563198357,135.0099355398099
1574,Reynolds County,Missouri,29179,80,75.7103547260701,29.168427779397227,29.260527120760454,84.47947102100896,105.43741015527367
1575,Ripley County,Missouri,29181,80,99.93761241577523,22.94952282481506,63.80870189756387,107.57298767545322,122.26182857384865
1576,St. Charles County,Missouri,29183,80,146.3573779366717,1.5816121897111248,144.17294777148737,146.5291435697015,148.26052292634643
1577,St. Clair County,Missouri,29185,80,96.01629857532794,24.57330950164171,52.07610959425456,104.8039977193387,119.3172735459794
1578,Ste. Genevieve County,Missouri,29186,80,117.39979885425558,16.412861867003894,92.22585877387304,123.13769774322594,132.44784641316156
1579,St. Francois County,Missouri,29187,80,138.47913448774975,6.084749296841124,129.97173290356037,140.50274794470633,143.88932392702148
1580,St. Louis County,Missouri,29189,80,147.31189346529408,1.148865967923506,145.8170633619006,147.33090824072104,148.76369117037615
1581,Saline County,Missouri,29195,80,121.99818281293105,14.834163154084912,99.50850294117504,127.36242945337762,135.4278071057979
1582,Schuyler County,Missouri,29197,80,53.794392798355695,33.281750046871274,4.170002655401005,62.34689506906922,90.70517878288761
1583,Scotland County,Missouri,29199,80,63.22848261852495,30.512827405613955,16.497264770586355,71.0114547046054,95.10121910204494
1584,Scott County,Missouri,29201,80,131.22530116264008,9.829341066602028,116.8279674016275,134.6429205364908,140.14826403363335
1585,Shannon County,Missouri,29203,80,84.59495015499056,26.569265721072963,44.55898458889517,92.52293963915335,111.32735531843225
1586,Shelby County,Missouri,29205,80,76.29240125040738,29.187915024872,29.925573771753523,85.07726897914237,106.4259534988419
1587,Stoddard County,Missouri,29207,80,126.56540913863314,12.187118846800473,108.03431453760737,130.6897196687001,137.62288985606847
1588,Stone County,Missouri,29209,80,128.6641051254411,11.473773100240955,111.96007802440167,132.80245908322235,138.70508410415138
1589,Sullivan County,Missouri,29211,80,73.98482151623355,29.574271125390027,28.46080877903799,83.88673611957064,104.8521540131613
1590,Taney County,Missouri,29213,80,136.71405835696595,7.305208087779318,125.29383596410891,139.48469875915725,142.9956361935917
1591,Texas County,Missouri,29215,80,124.54362570791163,13.418327070834417,103.20338204574493,129.48445777539462,136.47308162518942
1592,Vernon County,Missouri,29217,80,118.46644569161977,16.052408843567587,93.22419572849302,124.36038091778902,133.168353427662
1593,Warren County,Missouri,29219,80,130.54441048408043,10.07459853156996,114.63139325544749,134.17872710836198,139.88726911341132
1594,Washington County,Missouri,29221,80,122.75236507757053,14.680499746643148,99.55884395815605,128.42928770806083,135.77171610487838
1595,Wayne County,Missouri,29223,80,99.09605272914283,22.351961055329255,63.62041157331835,106.14247439825392,121.7640157388824
1596,Webster County,Missouri,29225,80,132.5898233765261,9.326425838525497,118.7454573522224,135.79396515433896,140.76995831629608
1597,Worth County,Missouri,29227,80,15.226868032405028,31.92607581542237,-32.17543144472761,21.468022830024232,52.261987664041825
1598,Wright County,Missouri,29229,80,117.8220529837841,16.8890383360661,92.02354354788932,123.92738580705647,133.23011404085358
1599,St. Louis city,Missouri,29510,80,145.63231870069754,1.7982720983254215,143.19589110209162,145.91113641390058,147.6227450448219
1600,Beaverhead County,Montana,30001,80,110.16926463581275,20.069708086445104,78.20158233891505,117.16491426691894,129.47390972416025
1601,Big Horn County,Montana,30003,80,118.7050777208524,16.66190451465913,94.09795758677267,124.537344768295,134.17596979444505
1602,Blaine County,Montana,30005,80,99.71153064716519,24.205000712026585,62.00251504656975,107.70128060002331,123.60740602225572
1603,Broadwater County,Montana,30007,80,103.41199753703681,22.894408675872942,70.04802336232261,111.01793723737839,124.92666556103744
1604,Carbon County,Montana,30009,80,114.40832125628225,17.86933342770989,86.90734641580535,120.32480351125727,131.35471757744796
1605,Carter County,Montana,30011,80,20.068215839050403,32.2646831889274,-28.576013095665495,26.85925373702976,57.80119858102473
1606,Cascade County,Montana,30013,80,142.90703004467073,3.5979036418611483,137.76198801509418,143.96466665828683,146.2743119430039
1607,Chouteau County,Montana,30015,80,94.50005527679441,24.518285913682014,57.09853456328597,101.47063487437961,119.2070535434347
1608,Custer County,Montana,30017,80,116.48489625750716,18.158200858457324,89.01040063966008,122.92577106517439,133.0401255252493
1609,Daniels County,Montana,30019,80,29.772067898098765,32.888037698055115,-14.40564899427362,35.70761940272543,66.9117877211297
1610,Dawson County,Montana,30021,80,108.04771104988491,20.722829221987652,77.37979963398003,113.86000148117873,127.98386550597839
1611,Deer Lodge County,Montana,30023,80,110.25586496824015,19.898113000329246,79.9971866167623,116.6342764441736,129.09890079016813
1612,Fallon County,Montana,30025,80,63.47860083710351,32.208128007267376,12.388893828416911,70.67215917604045,98.85518690791868
1613,Fergus County,Montana,30027,80,115.10255504026706,18.49494614420694,85.3644339508117,121.63238929114519,132.01297787356478
1614,Flathead County,Montana,30029,80,143.89495896810553,2.872993781505038,139.76627661592053,144.67906913569826,146.83091423018618
1615,Gallatin County,Montana,30031,80,144.49219387649106,2.610905928879817,140.8120838159728,145.03423201773847,147.11748238595823
1616,Garfield County,Montana,30033,80,12.559577451312435,32.67799075600367,-39.77840916826442,18.890293610106436,50.32355302768078
1617,Glacier County,Montana,30035,80,119.78487696678071,15.86061316387291,94.14436571003864,125.33129445526406,134.27565934155908
1618,Golden Valley County,Montana,30037,80,-10.324736270432911,29.455387607656245,-55.53876431608529,-5.713622561228111,27.07299139196445
1619,Granite County,Montana,30039,80,69.4744708747486,31.62434127824268,18.677816607817263,78.39073592220547,103.92634920375949
1620,Hill County,Montana,30041,80,123.94553616306989,14.123681640515223,103.74220767962548,129.01136561934783,136.7033048645047
1621,Jefferson County,Montana,30043,80,118.17890059608602,16.50330923085392,93.19172591425857,123.99679174566894,133.81441494294913
1622,Judith Basin County,Montana,30045,80,43.445768852681745,33.41234133915894,-6.371383230321244,50.576942101378776,83.93793586575563
1623,Lake County,Montana,30047,80,135.11742652406505,8.311369784655254,122.16758894995212,137.93444188483753,142.51477067218823
1624,Lewis and Clark County,Montana,30049,80,142.120083575397,4.090900311749186,136.2777582429087,143.38279137337923,145.8934710620383
1625,Liberty County,Montana,30051,80,40.44664369184939,33.82984286243752,-8.03171107324753,47.02378365231884,79.30584825690005
1626,Lincoln County,Montana,30053,80,129.50931211797294,10.842886533816513,114.33866078128473,133.00638138386853,139.64002716432785
1627,McCone County,Montana,30055,80,30.21905584673692,33.56705158921461,-18.403107994283225,36.91270706902985,68.36418056362523
1628,Madison County,Montana,30057,80,109.11978224494382,20.314053193120365,76.35894557881963,115.83410074234061,127.9684304946101
1629,Meagher County,Montana,30059,80,40.02057346380993,34.39206608690866,-10.523423101150195,47.8232974665204,80.3856515201384
1630,Mineral County,Montana,30061,80,87.1355556698551,26.72906108892044,47.90138834443769,94.3616612799417,115.4439877062555
1631,Missoula County,Montana,30063,80,144.34025542211663,2.72131284915832,140.46056513324734,144.99217529277507,147.00456709137023
1632,Musselshell County,Montana,30065,80,86.19289667550294,27.679907176101214,42.13127787953938,95.39661113043786,114.1555120635944
1633,Park County,Montana,30067,80,125.47052859428817,13.173916507190732,106.48284930372733,130.54446055995464,137.44408171212893
1634,Petroleum County,Montana,30069,80,-32.37264371751491,29.060079195812655,-75.17133686447603,-29.086263744992326,6.25087483113567
1635,Phillips County,Montana,30071,80,79.70447930668901,28.677268487073846,36.02702070821268,87.68051755702876,109.58850437971839
1636,Pondera County,Montana,30073,80,94.60922904045789,25.13551472152723,56.66282977730549,103.04499173691389,120.04343204166044
1637,Powder River County,Montana,30075,80,31.052231833250044,33.60660478270656,-16.04556031598407,37.771304815760985,69.46232526025958
1638,Powell County,Montana,30077,80,100.83227143486849,22.820905207356667,65.69369308277506,107.20514084381996,123.05769537348665
1639,Prairie County,Montana,30079,80,6.291589750063175,34.17386333254244,-45.34922649379568,9.240089885452306,50.55189861183237
1640,Ravalli County,Montana,30081,80,139.0257199095754,5.652004479301666,130.4285232901597,140.8519646078528,144.1458924503776
1641,Richland County,Montana,30083,80,114.7850480897135,17.654862063023455,88.52955242344268,120.44021526210922,131.31244481359082
1642,Roosevelt County,Montana,30085,80,112.19562451825713,19.152356481058995,83.37806857226161,118.07386618641783,130.46559634407419
1643,Rosebud County,Montana,30087,80,105.31642971751624,22.112708007035096,72.17644036295145,112.22485940343734,125.78092340155264
1644,Sanders County,Montana,30089,80,118.29953497192565,16.82788740440854,90.87614492887239,123.63203490378939,134.48709035975386
1645,Sheridan County,Montana,30091,80,69.99028177239875,30.815710756122783,22.73490829935271,77.70056982546554,102.84975194369093
1646,Silver Bow County,Montana,30093,80,136.25268445158318,7.669535790631125,125.00999481155257,138.9280569683546,143.13878163769672
1647,Stillwater County,Montana,30095,80,108.73228783212213,20.69998005461415,76.93280650496595,115.51327499393983,128.80520153261944
1648,Sweet Grass County,Montana,30097,80,71.36425319182328,30.494773810889637,23.86733222246191,80.13597273139389,102.77946578819416
1649,Teton County,Montana,30099,80,96.80205716370486,23.856556925691862,61.10900445670806,104.46676842245991,120.8271865334596
1650,Toole County,Montana,30101,80,87.24250811067029,27.278768926115724,45.271542934438656,94.90451124433011,115.74183315086262
1651,Treasure County,Montana,30103,80,-16.40943036080497,28.568402871946702,-62.35661511384747,-9.142809483724335,16.510411372487503
1652,Valley County,Montana,30105,80,102.65415888723591,22.94266526212441,66.76171108914342,109.46885088919666,124.8922495948717
1653,Wheatland County,Montana,30107,80,43.733509872699024,33.43110562772182,-8.156556168707569,51.63764235369865,82.86670157762693
1654,Wibaux County,Montana,30109,80,-2.9357771537273156,32.19956590777558,-51.85859272223076,-0.6604323574281594,40.29517738264626
1655,Yellowstone County,Montana,30111,80,145.44903374342317,2.0678635302093102,142.68117723166688,145.83629150155082,147.5634023170985
1656,Adams County,Nebraska,31001,80,134.97022422271246,8.196073550403012,123.73564845517085,137.80365793616062,142.1647888842311
1657,Antelope County,Nebraska,31003,80,96.42945589688676,24.349679218739514,57.91822685325494,104.19541771833903,120.42971495479854
1658,Arthur County,Nebraska,31005,80,-42.05038317579925,25.496709810712044,-78.8425612248877,-40.74150292669488,-6.933781070387093
1659,Banner County,Nebraska,31007,80,-25.494657975878813,27.728282409020732,-68.80294455885337,-16.358115226242283,6.294422862815653
1660,Blaine County,Nebraska,31009,80,-41.462251667020304,26.264552340110615,-77.59441520094616,-41.500064188783156,-4.08006679651473
1661,Boone County,Nebraska,31011,80,90.15127489729511,25.846446600549992,51.447361773087934,97.4711065617982,117.10009090517666
1662,Box Butte County,Nebraska,31013,80,113.10337568557685,18.57278233730959,84.77975170161048,119.13702728364103,130.57205775887135
1663,Boyd County,Nebraska,31015,80,33.57602552590041,31.962678460000966,-14.150573023862156,41.38465213528825,69.51328581902649
1664,Brown County,Nebraska,31017,80,60.48761977716784,30.682213718882714,10.037034904013197,67.57756524386573,94.80645930934695
1665,Buffalo County,Nebraska,31019,80,139.5587333279024,5.427739816915876,131.89383308846686,141.24199650904086,144.46007704958822
1666,Burt County,Nebraska,31021,80,98.81269313480534,23.68155825572561,63.24277038949022,105.82679086133525,122.13391707845118
1667,Butler County,Nebraska,31023,80,105.98559107552111,22.726972363124975,70.28209825945464,113.91917865967793,127.21680024019876
1668,Cass County,Nebraska,31025,80,132.71728383780487,9.306924772410582,119.07455874631464,136.03325190342326,141.1674774077222
1669,Cedar County,Nebraska,31027,80,106.48215006935612,21.009682373713513,74.69872931061524,112.72063985755494,126.90990285957687
1670,Chase County,Nebraska,31029,80,73.92481121276758,29.987942763710407,28.976031252041118,82.28654116404525,105.54977083071662
1671,Cherry County,Nebraska,31031,80,88.87945309665417,26.42696050772096,49.63498132048781,97.07322389157322,116.70009715691792
1672,Cheyenne County,Nebraska,31033,80,109.447649751067,20.296997471459164,77.98954611013268,116.75557913434545,128.92090486962098
1673,Clay County,Nebraska,31035,80,95.28895697346591,24.644680993541815,59.049342355520636,102.9526286817757,120.14705874028681
1674,Colfax County,Nebraska,31037,80,112.18730229761167,18.56751824864191,83.18143673041315,118.16168808493603,130.0553541063405
1675,Cuming County,Nebraska,31039,80,108.36085608946632,20.930979752850696,76.89955754052501,115.8201953368388,128.53583931452428
1676,Custer County,Nebraska,31041,80,112.72671937332557,18.632326446187502,84.72214198293707,119.34440641787614,130.79773717172904
1677,Dakota County,Nebraska,31043,80,128.38944080132092,11.8438492300679,110.7874767219619,132.87342493058335,138.88073024898887
1678,Dawes County,Nebraska,31045,80,104.28412285731508,22.03838597292768,70.354260345856,111.13377119026441,126.26599300935635
1679,Dawson County,Nebraska,31047,80,130.41684863563694,11.241797657340964,115.02855247475098,134.4911031053733,140.254832397321
1680,Deuel County,Nebraska,31049,80,36.70554315030721,33.79729290306998,-12.089449622880991,44.6176550381531,76.52332671258816
1681,Dixon County,Nebraska,31051,80,89.74600914086419,26.17416654961331,51.33339760148934,97.51842943406336,117.84677915407545
1682,Dodge County,Nebraska,31053,80,136.24903402553713,7.578990432562706,125.57243217865381,138.94820185484608,143.0014151770206
1683,Douglas County,Nebraska,31055,80,147.27201944764744,1.2203929410776573,145.67520834161272,147.29325933139364,148.85430335511086
1684,Dundy County,Nebraska,31057,80,27.27315706403448,33.0381069026131,-21.961958111760232,33.66488459843693,65.10820829907476
1685,Fillmore County,Nebraska,31059,80,91.73537957081595,25.29263474344388,51.77130703746413,98.19538018469888,118.1037458822321
1686,Franklin County,Nebraska,31061,80,61.385825554917304,30.46522619132159,11.703232268029652,68.16657764985361,94.96395850531619
1687,Frontier County,Nebraska,31063,80,56.324703020541705,31.897505934980202,4.873456273735168,64.37049764284771,91.90804930898578
1688,Furnas County,Nebraska,31065,80,80.22818915566977,28.43790221864649,36.061388307750335,87.3720564324685,111.37493378424806
1689,Gage County,Nebraska,31067,80,129.00703301296994,11.392452651520655,111.69521404603483,132.94657170707956,139.62197970745822
1690,Garden County,Nebraska,31069,80,36.83871167133113,32.53579569845902,-12.07352050243521,43.399759965012436,74.66674623237628
1691,Garfield County,Nebraska,31071,80,34.07413482599124,33.1213455686105,-14.386842674136375,42.57028056517143,72.67624230051275
1692,Gosper County,Nebraska,31073,80,34.742541948506094,31.969282067420135,-13.108931543078878,40.832033113059964,71.83633872328573
1693,Grant County,Nebraska,31075,80,-28.123352060072836,27.58195946664257,-71.05671881573957,-22.282824839776033,5.082838823642905
1694,Greeley County,Nebraska,31077,80,45.437092126830784,32.29340759085464,-5.065261598199279,54.47962741768434,79.88587291935225
1695,Hall County,Nebraska,31079,80,140.8348608045819,4.782526651013849,134.0993785185287,142.34096509786775,145.18916983246805
1696,Hamilton County,Nebraska,31081,80,109.67843940395421,20.495914606448803,78.15937814838745,116.80359412467456,129.1068370623227
1697,Harlan County,Nebraska,31083,80,62.810897530341975,32.02980016762597,13.43074925982991,68.80134754052028,99.38999878273447
1698,Hayes County,Nebraska,31085,80,-8.011512129736193,30.30719716420799,-55.59147405143231,-4.425960096162894,30.98842775109452
1699,Hitchcock County,Nebraska,31087,80,54.2885869795119,32.757346860630335,1.7888639903253412,64.52195708231824,91.4806433392046
1700,Holt County,Nebraska,31089,80,111.45723757150435,19.415323928255006,81.42263210210933,118.3950452389875,130.15961293150693
1701,Hooker County,Nebraska,31091,80,-20.910919565395016,26.70232636917936,-62.95072915527321,-12.385804014899122,9.032306354106154
1702,Howard County,Nebraska,31093,80,95.52383290556868,25.17136686070635,56.33613567118631,104.07685477049513,120.78826909966044
1703,Jefferson County,Nebraska,31095,80,102.80656425443041,21.83212900754789,69.86996906454823,109.76892106053342,124.4480560316369
1704,Johnson County,Nebraska,31097,80,89.32081851803434,26.422923066964156,48.89015951637278,97.07163457654059,115.68295635633017
1705,Kearney County,Nebraska,31099,80,97.24606323076318,23.524587924448678,61.54572291890543,105.21878810634922,120.6875074737557
1706,Keith County,Nebraska,31101,80,105.25049646822859,22.170803886750306,71.52101313090677,112.16683033965421,126.49181822304219
1707,Keya Paha County,Nebraska,31103,80,-15.280357699649146,27.758083888378376,-59.313394574033424,-9.501425468324335,17.474654011215836
1708,Kimball County,Nebraska,31105,80,67.5826658810711,31.26987305829186,14.117555018978667,76.58481922726605,99.07015402594756
1709,Knox County,Nebraska,31107,80,105.86789709528729,23.27641246611089,70.92371237849359,113.68412912607526,127.26978216866426
1710,Lancaster County,Nebraska,31109,80,146.6606275467284,1.4642722076940335,144.81492222427923,146.86296575173097,148.26710191958048
1711,Lincoln County,Nebraska,31111,80,135.60493983626958,7.888967063948654,124.07357871717167,138.2253071756592,142.62207383139042
1712,Logan County,Nebraska,31113,80,-24.06837996636378,27.831405090538507,-68.10783902156871,-15.602701281465684,8.55718452861447
1713,Loup County,Nebraska,31115,80,-28.04367457147102,27.78321922145148,-70.83685122121207,-20.632510219664994,4.8039241271776065
1714,McPherson County,Nebraska,31117,80,-49.13229722094124,22.846487454192108,-81.55005955806749,-48.81483962162321,-18.68037561978408
1715,Madison County,Nebraska,31119,80,135.76514459603194,7.965663147832293,123.94486391399002,138.70851046345348,142.9052212722255
1716,Merrick County,Nebraska,31121,80,102.88109633677153,22.897018138505846,66.60092522016934,110.02939581286424,124.89452067475244
1717,Morrill County,Nebraska,31123,80,81.07042503841974,30.045102402579488,32.34271136558526,89.76511940640356,111.99616594564839
1718,Nance County,Nebraska,31125,80,67.6952713040508,31.22003450709149,17.965764257411678,77.33368747534368,99.86769145856049
1719,Nemaha County,Nebraska,31127,80,101.3517019442172,23.055732806339545,65.25877304908207,108.03899296808504,125.06669523627872
1720,Nuckolls County,Nebraska,31129,80,77.14165671241018,30.054759987283287,31.71464628141089,85.50862804982867,108.67643595832065
1721,Otoe County,Nebraska,31131,80,122.9210117391441,14.803379836905256,100.86237409247575,128.41910857579995,136.63367536952245
1722,Pawnee County,Nebraska,31133,80,54.650607982935256,32.88306876761165,-0.6255028493489989,62.89297042484539,92.75244473879926
1723,Perkins County,Nebraska,31135,80,59.2034583571876,31.351151864278496,8.762537662371862,66.97398590652696,94.37099491505788
1724,Phelps County,Nebraska,31137,80,109.43696757571632,20.715188038293288,78.44829225994569,116.6672431594915,129.02262961995237
1725,Pierce County,Nebraska,31139,80,101.10741735557659,23.756043271469487,63.220534166097444,108.52730982958195,123.50917313083315
1726,Platte County,Nebraska,31141,80,135.33754201167918,7.820837313520127,124.23843444742045,137.8961164935629,142.54513219022226
1727,Polk County,Nebraska,31143,80,88.56882618417075,25.080633495070064,52.1729646242913,95.57179427861354,114.72768158581209
1728,Red Willow County,Nebraska,31145,80,113.39401507929901,19.06227105976353,81.96268705731892,120.07061369742172,131.29171797117104
1729,Richardson County,Nebraska,31147,80,103.61563291078721,22.389597712531273,70.08895681346654,111.62270378340726,124.9633854869588
1730,Rock County,Nebraska,31149,80,12.98249573764837,32.61293545369733,-38.886077908686765,19.70871694903277,49.59178892487346
1731,Saline County,Nebraska,31151,80,120.6245954623365,15.49300132523174,96.46023190373194,126.23194706483736,135.46316876257413
1732,Sarpy County,Nebraska,31153,80,145.67699927697416,1.9012162385071891,143.21603465671163,146.0025701288826,147.7020354446352
1733,Saunders County,Nebraska,31155,80,129.91333994784057,11.39366749854944,113.24345959457656,133.93700009234266,139.8334413771446
1734,Scotts Bluff County,Nebraska,31157,80,135.87293693655596,7.852658008626361,124.24592174394351,138.72684195897753,142.90042126114383
1735,Seward County,Nebraska,31159,80,125.13799448661064,13.154179846901695,106.10268747768427,129.79321290759657,137.05874423297516
1736,Sheridan County,Nebraska,31161,80,86.87034477241743,26.946874855219196,44.62694796859083,95.89298548183018,114.94891221524648
1737,Sherman County,Nebraska,31163,80,61.1635896292148,31.404476448251533,12.3556262032385,67.46844112559414,97.29604296108742
1738,Sioux County,Nebraska,31165,80,5.679325394885862,33.7365510140748,-45.918734450643335,8.900083577992216,48.902103610055214
1739,Stanton County,Nebraska,31167,80,92.42737729144976,25.344807378224758,54.14404078974151,100.07136718885309,118.40589881944243
1740,Thayer County,Nebraska,31169,80,86.22471131418487,27.787326119263817,44.91341709304802,94.98512514756112,115.0099517241164
1741,Thomas County,Nebraska,31171,80,-22.675590422336445,27.547953042768068,-65.93482169639712,-15.027088770374746,8.677834043648042
1742,Thurston County,Nebraska,31173,80,97.93371754850183,23.878599281688665,61.86347427144218,105.80966026779294,121.08534757473745
1743,Valley County,Nebraska,31175,80,75.92206106663959,31.43071114209037,28.803550950332387,84.63208184030734,108.83256277467746
1744,Washington County,Nebraska,31177,80,129.2913730912715,11.177345615778819,112.68715619701825,133.267691690732,139.3660925729702
1745,Wayne County,Nebraska,31179,80,111.06379046854815,19.85340294075853,80.8774465093204,117.49521330855427,130.3679586692833
1746,Webster County,Nebraska,31181,80,68.5980646483418,30.661882840962196,21.210958245423768,77.72469212733645,100.41299449740477
1747,Wheeler County,Nebraska,31183,80,-10.768522620346712,27.642103553347884,-53.4612085952735,-5.006864169410402,20.92833947020137
1748,York County,Nebraska,31185,80,120.4709821167989,15.744319319562907,96.27469963884394,126.22854593015553,135.04115371868897
1749,Churchill County,Nevada,32001,80,131.6506804407335,10.23036382498682,116.98043051877832,135.3865353443378,140.70823484135516
1750,Clark County,Nevada,32003,80,147.93761206448465,1.0622834707262467,146.5700496725902,147.94314613535042,149.258938837969
1751,Douglas County,Nevada,32005,80,139.34227105141986,5.49015480831508,131.73448453356536,140.980031838976,144.30241742498535
1752,Elko County,Nevada,32007,80,139.99138512805268,5.251322532248429,132.80276951297395,141.64981550663973,144.76859636410106
1753,Esmeralda County,Nevada,32009,80,-18.470144675076085,27.992807782971276,-62.96160079888169,-10.662338875485116,13.79431522276506
1754,Eureka County,Nevada,32011,80,35.04609708319488,33.375376400574076,-13.64250569999799,42.57889989817814,73.1592188849871
1755,Humboldt County,Nevada,32013,80,124.98501775524024,13.187232553192684,104.55107148710785,129.3025223913746,137.15002218930624
1756,Lander County,Nevada,32015,80,91.63322465797926,25.773501795636264,52.442881323043096,99.24471449570711,117.75124735446997
1757,Lincoln County,Nevada,32017,80,80.20315264814064,28.453776261448393,36.979524548224994,88.06603386691319,110.62379420317598
1758,Lyon County,Nevada,32019,80,140.61437835812052,5.026889000241162,132.713019549238,142.2665369915491,145.22789486137765
1759,Mineral County,Nevada,32021,80,81.88265572340066,29.309557923275186,37.45432803906871,90.60090553199888,111.79248362611531
1760,Nye County,Nevada,32023,80,139.99764666172123,5.5921971201740055,131.90205742151403,141.94299872233606,144.9027800800419
1761,Pershing County,Nevada,32027,80,96.9246947785441,24.148417575001947,58.32028886495625,103.9342717653519,121.73061445685285
1762,Storey County,Nevada,32029,80,76.91306145699107,30.68763831466398,29.55036901860317,86.38082486470857,109.04249463632505
1763,Washoe County,Nevada,32031,80,147.10328894985636,1.2909680723896813,145.37465134975952,147.16018299423502,148.67326343952962
1764,White Pine County,Nevada,32033,80,107.6393879943873,20.610840624814827,77.44474686625587,113.85633901478027,128.20899427064347
1765,Carson City,Nevada,32510,80,140.33799716153035,5.1871350110883485,132.75496401906338,142.0595371709596,144.9673735870004
1766,Belknap County,New Hampshire,33001,80,141.16103198879514,4.601416650945249,134.5938668861022,142.62018309770497,145.40741545030414
1767,Carroll County,New Hampshire,33003,80,139.4355384345145,5.801679198717927,131.10533416771716,141.32036393594984,144.59579430075823
1768,Cheshire County,New Hampshire,33005,80,142.27685668865786,3.9844140779255777,137.0071474292768,143.33835505580586,145.9890322677107
1769,Coos County,New Hampshire,33007,80,134.3826757422744,8.513354959320967,122.88429621882517,137.00052245721315,142.1075382354796
1770,Grafton County,New Hampshire,33009,80,143.03346718023974,3.518562581770147,137.94669378405587,143.94177663243843,146.35429456539
1771,Hillsborough County,New Hampshire,33011,80,147.06617792098726,1.2256802674776657,145.4167047338862,147.15679739310582,148.51867240805962
1772,Merrimack County,New Hampshire,33013,80,145.08083110103803,2.2071591651051965,141.9357929390291,145.6055667759378,147.31135315074386
1773,Rockingham County,New Hampshire,33015,80,146.50315848523184,1.5053740316099589,144.61556048812415,146.56673766720695,148.3401703699449
1774,Strafford County,New Hampshire,33017,80,144.49189844415517,2.5829475763487753,140.74092602955088,145.10853513357586,147.16919108580078
1775,Sullivan County,New Hampshire,33019,80,138.1112663347097,6.47874855257062,128.21250648102503,140.24184954245104,143.9937036478496
1776,Atlantic County,New Jersey,34001,80,146.2380353125432,1.5870317077507394,144.28895836884877,146.43019736018425,148.06920743950295
1777,Bergen County,New Jersey,34003,80,147.50387227906913,1.0938532244868708,146.08231080364757,147.54045195309538,148.9026394445426
1778,Burlington County,New Jersey,34005,80,146.99493619212018,1.283068410259433,145.35526019834674,147.07142485123768,148.5682193894084
1779,Camden County,New Jersey,34007,80,147.0469021133528,1.2869525693739792,145.38777066543588,147.1045220532917,148.6917213934324
1780,Cape May County,New Jersey,34009,80,142.94734329078324,3.4495926532820507,138.20625572601065,143.9438954342299,146.1752636766933
1781,Cumberland County,New Jersey,34011,80,144.76123242973614,2.3598265002861893,141.4880541397323,145.26901243539623,147.28395128762926
1782,Essex County,New Jersey,34013,80,147.47951021644138,1.1362518794445542,146.0265359238246,147.47714729410635,148.94164177224974
1783,Gloucester County,New Jersey,34015,80,146.4919400357826,1.53164471573538,144.53888278828163,146.61596250711824,148.33013868591559
1784,Hudson County,New Jersey,34017,80,147.2907450725903,1.1385590537089756,145.84002757038374,147.2939637419724,148.7129472682723
1785,Hunterdon County,New Jersey,34019,80,144.05147473388664,2.8363802672935607,140.16735746508044,144.8476928252344,146.81313129571953
1786,Mercer County,New Jersey,34021,80,146.68160747878872,1.4323930134932092,144.75743758684905,146.77656585226617,148.33105759611107
1787,Middlesex County,New Jersey,34023,80,147.42115335743074,1.1512601423102118,145.98040853599767,147.42676743368264,148.89886864140075
1788,Monmouth County,New Jersey,34025,80,147.23193660480803,1.2005128059366927,145.65690858584844,147.25593743666215,148.72519863253027
1789,Morris County,New Jersey,34027,80,147.04130202038328,1.2229384068559195,145.50948265635716,147.08462202464398,148.5567017902958
1790,Ocean County,New Jersey,34029,80,147.26329934567627,1.2306032048398152,145.67739611765552,147.26399375871642,148.78676980297718
1791,Passaic County,New Jersey,34031,80,147.07163664717052,1.2028916246939667,145.58806056811486,147.06609694278524,148.59163235548547
1792,Salem County,New Jersey,34033,80,140.52796462139457,4.867898771705305,133.36039364281842,142.24441522682366,144.90811777365425
1793,Somerset County,New Jersey,34035,80,146.56392478500683,1.4793111957604343,144.54534707076547,146.66837667365922,148.3154191613697
1794,Sussex County,New Jersey,34037,80,144.66378063919512,2.3838909481771733,141.4352253494255,145.1756579215234,147.07593776662952
1795,Union County,New Jersey,34039,80,147.14140928223298,1.2040048323251815,145.5828611157199,147.22281884353487,148.592709983818
1796,Warren County,New Jersey,34041,80,143.519471415119,3.0369844884697756,139.58917351351454,144.1943877754652,146.54637256729262
1797,Bernalillo County,New Mexico,35001,80,147.4124781080394,1.1232506196973007,146.00075266007957,147.39841844123106,148.7794559143724
1798,Catron County,New Mexico,35003,80,75.35617847625491,29.187166481123107,29.61402840787573,84.06916235792394,105.31445351023392
1799,Chaves County,New Mexico,35005,80,141.2318881010181,4.703966339877653,134.5035527696796,142.830057382961,145.31659597026598
1800,Cibola County,New Mexico,35006,80,133.07199238362074,9.410854068211174,119.50228989556639,136.27150250363533,141.47658392910552
1801,Colfax County,New Mexico,35007,80,118.07315593960978,16.180450431342038,92.29600010081211,123.3739935841633,132.6076849698185
1802,Curry County,New Mexico,35009,80,138.8438652309727,6.12423153251306,130.7006280035233,140.89665718813046,144.2332138927001
1803,De Baca County,New Mexico,35011,80,31.258337877478997,32.51531709556807,-15.7168933254598,38.803023457153614,66.9102701823312
1804,Doña Ana County,New Mexico,35013,80,145.94303281616442,1.7442076202308372,143.47160032830632,146.19904728574664,147.90916856942047
1805,Eddy County,New Mexico,35015,80,140.86656788773666,4.747869985782766,134.61629538906004,142.2992244693836,145.09478351043106
1806,Grant County,New Mexico,35017,80,132.93944745753183,9.235368431379765,118.98396024776326,135.9684773591582,141.36965710172052
1807,Guadalupe County,New Mexico,35019,80,79.31058330936791,30.644347383476045,32.96465868295152,88.64160558750096,110.8187331967662
1808,Harding County,New Mexico,35021,80,-26.984680127364165,27.43018698013041,-69.71022256866883,-17.423890643073733,4.082916735092094
1809,Hidalgo County,New Mexico,35023,80,76.70725249956793,30.82607652539699,29.932237578055105,86.23116791158583,108.76343454510149
1810,Lea County,New Mexico,35025,80,141.87211535372126,4.385229105659642,135.80643389336865,143.32655216581293,145.68967669857557
1811,Lincoln County,New Mexico,35027,80,127.77737243905678,12.291478959786419,108.71679392091463,132.51678739948215,138.9545178487897
1812,Los Alamos County,New Mexico,35028,80,126.7298869909419,12.514149112856712,107.58433622074563,131.2429361270139,137.96408165727752
1813,Luna County,New Mexico,35029,80,132.29705261219044,9.676866332444455,118.70956777608461,135.5750203522084,141.16876801180595
1814,McKinley County,New Mexico,35031,80,141.54553395742494,4.623655679857598,134.30537306922207,142.89591299107545,145.71502130281868
1815,Mora County,New Mexico,35033,80,76.13336831966947,30.304676559790124,29.20951543286899,84.31947865704251,108.30957585151775
1816,Otero County,New Mexico,35035,80,141.76999153682897,4.172253058959431,135.7760109811542,143.0294958376949,145.61930329687192
1817,Quay County,New Mexico,35037,80,107.55386815143507,20.966838576972094,75.71236745488791,114.87714974963242,127.1999818692496
1818,Rio Arriba County,New Mexico,35039,80,137.20290857079948,6.915444001147082,127.59059512314128,139.40003701133276,143.53655867239806
1819,Roosevelt County,New Mexico,35041,80,127.15061627413583,12.27427753955085,108.05942695751075,131.35472387641383,138.41886453141146
1820,Sandoval County,New Mexico,35043,80,145.13459942966247,2.267755400442637,142.1616934009079,145.61114328891816,147.44985402239823
1821,San Juan County,New Mexico,35045,80,144.21885583303373,2.8097667056179922,140.3180141412616,144.93536516715506,146.9709041131977
1822,San Miguel County,New Mexico,35047,80,132.35723636149055,9.888533369907519,116.90420864372417,135.54621019059363,141.17113957127265
1823,Santa Fe County,New Mexico,35049,80,145.14240471901388,2.2616292336916213,142.05066060510936,145.5892912846482,147.49109015086077
1824,Sierra County,New Mexico,35051,80,116.14667031682575,17.12197641829863,89.32553501899544,121.83616595705689,132.270489385611
1825,Socorro County,New Mexico,35053,80,122.97977352824763,14.836211741050775,101.20367193204774,127.95454092281693,136.6621050838576
1826,Taos County,New Mexico,35055,80,135.87938127550444,7.749256541565242,124.42965341068496,138.5607449969583,142.72344380006507
1827,Torrance County,New Mexico,35057,80,122.45458006338394,15.052955085038516,98.75895824022605,127.65486520144273,136.0839145105732
1828,Union County,New Mexico,35059,80,76.35653611966181,31.08954689633833,27.406948757087612,85.91274420774809,108.96047743856755
1829,Valencia County,New Mexico,35061,80,142.23111193800426,4.030589583670407,136.2609053596553,143.53042392751377,145.93116118742225
1830,Albany County,New York,36001,80,146.64701968715073,1.4913706874079988,144.7468015504216,146.77062547458672,148.36278703059773
1831,Allegany County,New York,36003,80,138.77876617127495,5.897445470117337,130.26305405364565,140.6925189299397,144.1813171611865
1832,Bronx County,New York,36005,80,147.75616186765376,1.0713651120436232,146.39775749028067,147.74540392679972,149.16962864212593
1833,Broome County,New York,36007,80,145.7191490353463,1.9121611191505812,143.00098526579808,146.0321548670248,147.8501927840212
1834,Cattaraugus County,New York,36009,80,142.13097609840528,4.023910296355905,136.27454136569153,143.47272038182837,145.88079807431467
1835,Cayuga County,New York,36011,80,142.05298411980127,4.1428718144571945,136.3046954825845,143.31845766472955,145.91007373420362
1836,Chautauqua County,New York,36013,80,144.4618916688434,2.563442225463826,140.66782230230308,145.13843138261592,147.00014821283847
1837,Chemung County,New York,36015,80,142.60148847556033,3.7270758897663705,137.22145094642255,143.7008387017293,146.1895541534884
1838,Chenango County,New York,36017,80,138.71222572014972,6.213916405227565,129.7110232080839,140.80537071428387,144.21166561573224
1839,Clinton County,New York,36019,80,142.4965818813652,3.9263803000945767,136.42698250622072,143.71066309674234,146.07413736207823
1840,Columbia County,New York,36021,80,140.68103944243717,4.952191668278473,133.7473554041887,142.24384146893655,145.13015314429373
1841,Cortland County,New York,36023,80,138.36182352929876,6.102048795591749,129.29418152230969,140.478582741975,144.13481066849994
1842,Delaware County,New York,36025,80,138.24588766667003,6.489909331795202,129.05754233729687,140.48290730363016,143.98940611812853
1843,Dutchess County,New York,36027,80,146.53085997039562,1.4201512764625441,144.70476882873052,146.5956947215927,148.22019704058604
1844,Erie County,New York,36029,80,147.60726389887674,1.1427669870985788,146.1597057325615,147.59936288881374,149.0849707025954
1845,Essex County,New York,36031,80,136.37260051206349,7.298859419203458,125.74112784144738,138.86999574020615,143.0990417807388
1846,Franklin County,New York,36033,80,138.81168358399196,6.326901045553266,129.68627378462907,141.019698343738,144.26748939841258
1847,Fulton County,New York,36035,80,139.5426968856826,5.682318934180655,130.88541386241567,141.41140277215376,144.7358839218099
1848,Genesee County,New York,36037,80,140.64430210774276,4.759701525744065,134.24279649517723,142.0767368629398,144.9955866469672
1849,Greene County,New York,36039,80,138.94319580199186,6.080623506255486,129.99478640999897,141.07755803140014,144.35016215207185
1850,Hamilton County,New York,36041,80,88.17911714066099,26.894614148368877,50.099027173339834,95.69222688399125,116.60182710621415
1851,Herkimer County,New York,36043,80,140.90396206275955,4.799665478755708,133.88490105252353,142.4696440961321,145.20383119045334
1852,Jefferson County,New York,36045,80,144.19534849610184,2.776579241651763,140.29432684602907,144.8613246952589,146.88101507861646
1853,Kings County,New York,36047,80,147.87025692983158,1.0622799816512996,146.5273162333876,147.85894254979078,149.2424367123106
1854,Lewis County,New York,36049,80,132.45676031970973,9.622329406394769,117.96158088390114,135.74652007722523,141.13671577212415
1855,Livingston County,New York,36051,80,141.04343467749968,4.765896775817272,134.19952009224454,142.57866150241415,145.32118441580238
1856,Madison County,New York,36053,80,141.45088189429063,4.474385251044001,134.86786019654846,142.76066807251135,145.70202596706918
1857,Monroe County,New York,36055,80,147.47921032267476,1.134844334110022,146.06034305514666,147.52416503988027,148.91332742175604
1858,Montgomery County,New York,36057,80,139.51513712734567,5.337163662620909,131.84717978005247,141.32858157836938,144.46881503606275
1859,Nassau County,New York,36059,80,147.74322758625303,1.0797500935941788,146.39357655299625,147.70488988374322,149.16134236884713
1860,New York County,New York,36061,80,147.86073919156897,1.1657305315347821,146.4208761077692,147.86668002675032,149.30242465929803
1861,Niagara County,New York,36063,80,145.92604084747302,1.8048591592275183,143.57910587406752,146.19207055454194,147.95361503883692
1862,Oneida County,New York,36065,80,146.1161013440327,1.746709728850783,143.8146152255099,146.40326843441338,148.05492426235858
1863,Onondaga County,New York,36067,80,147.0364816018554,1.289235559729635,145.30772430944182,147.12504731991345,148.58522582524978
1864,Ontario County,New York,36069,80,143.9592896744847,3.0197832234404576,139.89501548768138,144.83731334994903,146.80861116487506
1865,Orange County,New York,36071,80,146.86577332605043,1.3463705508614698,145.0738706797603,146.95106416720728,148.58189947836635
1866,Orleans County,New York,36073,80,136.91012455204628,7.371960793764783,125.37737213674693,139.64135937741602,143.45662569491998
1867,Oswego County,New York,36075,80,144.0581455828394,2.8563611209622732,140.00574361866066,144.76684028493747,146.91532238900075
1868,Otsego County,New York,36077,80,141.0437041078197,4.609743599678967,134.58295322886173,142.4309852186089,145.25428616515194
1869,Putnam County,New York,36079,80,143.32955400887207,3.267345315630306,138.81194010468246,144.2933628188863,146.45069485851658
1870,Queens County,New York,36081,80,147.9078532565718,1.0347964518083366,146.6153757276932,147.8923667089008,149.3003364076536
1871,Rensselaer County,New York,36083,80,145.21589234322374,2.117338962345299,142.25552671917427,145.5969598855562,147.43109409318478
1872,Richmond County,New York,36085,80,147.091751659304,1.1946230704775047,145.51619224050438,147.1721789002608,148.60885220597967
1873,Rockland County,New York,36087,80,146.76103703615783,1.3821731865651958,144.9716749217886,146.86590776161265,148.39311856968476
1874,St. Lawrence County,New York,36089,80,143.95933672421177,2.8173366144024117,139.9764280228993,144.56679905166374,146.76908708440467
1875,Saratoga County,New York,36091,80,146.15421911736084,1.6296238097397164,144.0275681635947,146.31867245033501,148.08722476589853
1876,Schenectady County,New York,36093,80,145.2451845583163,2.1783982043330616,142.40368679962364,145.65701172590084,147.54887403838597
1877,Schoharie County,New York,36095,80,133.78034210498933,8.98877059266622,119.75977580407852,137.13714964209674,141.62177293982526
1878,Schuyler County,New York,36097,80,125.12255903849338,13.6473742501693,104.44778945804777,129.7010530171815,137.73386423632869
1879,Seneca County,New York,36099,80,135.04847729668836,8.122141927782918,123.21454427864683,137.9328175426144,142.43396488600783
1880,Steuben County,New York,36101,80,143.2914942817086,3.3329633552035607,138.36729478703018,144.24940563629298,146.4247958871537
1881,Suffolk County,New York,36103,80,147.76198568074471,1.0810970760556295,146.3896959817574,147.74543399956278,149.1480976682984
1882,Sullivan County,New York,36105,80,142.404322204837,3.784726906393172,137.00381978612748,143.50125837699446,146.01437052306892
1883,Tioga County,New York,36107,80,138.95736107665846,5.956052242042349,129.7269673406601,141.05859799607305,144.20366120073936
1884,Tompkins County,New York,36109,80,143.75009999354825,3.1576198580389057,139.2965755455239,144.67309328485618,146.74662644960222
1885,Ulster County,New York,36111,80,145.4933509614405,1.9942889380094542,142.82867468544273,145.83510510668495,147.6651639742619
1886,Warren County,New York,36113,80,141.60664678570328,4.388857041645552,135.5277159499671,142.9599687256635,145.60004193854775
1887,Washington County,New York,36115,80,140.8321982066395,4.908921745695433,133.20403647486822,142.39905658707252,145.25764574248356
1888,Wayne County,New York,36117,80,143.23085063797447,3.3717387983548157,138.2271738805089,144.15247061653997,146.46539922005783
1889,Westchester County,New York,36119,80,147.64714027395829,1.141717052305479,146.15244713140046,147.6784653427552,149.04794811990044
1890,Wyoming County,New York,36121,80,137.49717419995937,6.727954046966783,128.1392180330159,139.71269983540407,143.5565549759883
1891,Yates County,New York,36123,80,131.01504848417417,10.387731272526558,115.50749656317764,134.60398036545047,140.57506524005512
1892,Alamance County,North Carolina,37001,80,144.22015804036693,2.7636668028394302,140.07284488198738,144.98111776485212,146.8974648198176
1893,Alexander County,North Carolina,37003,80,130.51097804599445,10.662969138007659,114.24527897216376,134.32307245121993,139.93215156431356
1894,Alleghany County,North Carolina,37005,80,101.94980757336772,22.725524373801655,65.5607013598701,110.14164677750279,123.10202844101383
1895,Anson County,North Carolina,37007,80,121.45676923719279,14.550635551462072,97.199982694832,126.72842034504623,134.66368323666995
1896,Ashe County,North Carolina,37009,80,125.9837307802346,12.536195317175173,106.55617085494633,130.53475383133446,137.17378694953436
1897,Avery County,North Carolina,37011,80,116.71735960905997,16.45254982825056,91.5484278977584,122.69161486433461,131.88951641019423
1898,Beaufort County,North Carolina,37013,80,134.45917869766254,8.011703660281462,123.43981364684974,137.1259507585538,141.44351110593408
1899,Bertie County,North Carolina,37015,80,115.42408531751745,17.1930627780755,88.75813049601406,121.33268526929135,131.29079177200566
1900,Bladen County,North Carolina,37017,80,126.87263815319896,12.512681127959663,106.53889839648298,131.16928038835886,138.09996229040038
1901,Brunswick County,North Carolina,37019,80,143.55235745870544,3.064471918136875,138.95033359056362,144.33600781685033,146.52874150749693
1902,Buncombe County,North Carolina,37021,80,145.55500251147302,1.9798511811963182,142.78410446808246,145.96845323162927,147.6583072136556
1903,Burke County,North Carolina,37023,80,140.84636050764558,4.664841249343719,133.9929957960909,142.40959997827275,144.95649310924594
1904,Cabarrus County,North Carolina,37025,80,145.1706848506568,2.1184581100357325,142.28994910799193,145.62848317762501,147.36679817499103
1905,Caldwell County,North Carolina,37027,80,140.12170891652448,4.94792787084673,132.69075357095056,141.73354142451024,144.59374024130216
1906,Camden County,North Carolina,37029,80,100.72500731752773,21.81473173527651,65.90761734424422,107.83263192077189,122.0896132433107
1907,Carteret County,North Carolina,37031,80,138.62964131401066,6.075742298276592,129.62425595413845,140.726601928126,143.96182634494704
1908,Caswell County,North Carolina,37033,80,121.58409697311754,14.604347967211648,98.12164129895032,126.83674607230995,134.9265608469145
1909,Catawba County,North Carolina,37035,80,143.97392767906467,2.845627316567186,139.7618992583938,144.75960970571504,146.79780261970214
1910,Chatham County,North Carolina,37037,80,139.93867810702227,5.364881768021979,132.12803011812468,141.7821835976719,144.58967194953473
1911,Cherokee County,North Carolina,37039,80,127.48194797782982,12.10763346545363,109.50472283264253,131.870548925187,138.1756385374033
1912,Chowan County,North Carolina,37041,80,109.53136082856223,19.70079806080518,78.29573174016082,116.36632565755977,127.90560857431707
1913,Clay County,North Carolina,37043,80,102.68656955763147,22.175050839932098,68.42758312729399,110.33569268510121,123.43031165403862
1914,Cleveland County,North Carolina,37045,80,141.30248898188685,4.393293850774006,134.8579239718493,142.8595992690963,145.3030857501862
1915,Columbus County,North Carolina,37047,80,135.1232306259374,7.879975178285104,123.20735730245055,137.9154124575121,142.10279253040227
1916,Craven County,North Carolina,37049,80,141.55318166437553,4.039728482638875,135.52672336607657,142.74777503295894,145.4184174869345
1917,Cumberland County,North Carolina,37051,80,146.0107243150045,1.7735853582019985,143.49873598818195,146.29474832298064,148.01027304396945
1918,Currituck County,North Carolina,37053,80,127.8311649155216,11.909906596010527,108.91211694511628,132.2420327019231,138.2207275192599
1919,Dare County,North Carolina,37055,80,131.45617221923555,9.790149422748144,117.45578073235521,135.0709754032901,140.20343133388263
1920,Davidson County,North Carolina,37057,80,144.10022237168016,2.8414126679804865,139.94252430887286,144.77801754196622,146.94208676867405
1921,Davie County,North Carolina,37059,80,133.23264734600804,9.130986576310724,118.9189715872169,136.63176613965416,141.2797626144109
1922,Duplin County,North Carolina,37061,80,135.05583269746955,8.156748605907598,122.7311011291733,137.990617850577,142.15016891255164
1923,Durham County,North Carolina,37063,80,146.01816232090562,1.691852874398268,143.8563037414913,146.21425962074187,147.9743893088289
1924,Edgecombe County,North Carolina,37065,80,134.04599386953643,8.638825871847434,120.68289146696758,137.03081685807203,141.89731371193471
1925,Forsyth County,North Carolina,37067,80,146.3222505439192,1.5192687399926894,144.31596331411637,146.44332696667277,148.17365286313753
1926,Franklin County,North Carolina,37069,80,139.15864942018948,5.70472951401068,130.87677241421994,141.1003936028442,144.21570889583347
1927,Gaston County,North Carolina,37071,80,145.1035155167412,2.1314720168928805,142.10186158593197,145.5227287453743,147.33713143649334
1928,Gates County,North Carolina,37073,80,99.13579600538192,22.95379974081756,62.91228939929491,106.88014859820285,121.32108494762936
1929,Graham County,North Carolina,37075,80,88.23220490310135,26.794383008482292,48.06971534939652,96.42112482880717,114.99746904130605
1930,Granville County,North Carolina,37077,80,137.68681704323524,6.419199627896778,127.95747422569565,139.79855436514237,143.43636511120565
1931,Greene County,North Carolina,37079,80,118.68384988890413,15.659812263542625,94.21216201227392,123.72237839453138,133.29016516003173
1932,Guilford County,North Carolina,37081,80,146.77126084632684,1.3234780836055833,145.12822038648477,146.83133553079085,148.3695412961954
1933,Halifax County,North Carolina,37083,80,134.39289135966197,8.154501447211233,121.9369530057315,137.1229102597514,141.85276609213014
1934,Harnett County,North Carolina,37085,80,143.16071876910982,3.2587863273809416,138.34805975565837,144.10414721048596,146.37301309795393
1935,Haywood County,North Carolina,37087,80,137.742498709968,6.390832528457731,127.80299343044547,139.919475121961,143.5228643672299
1936,Henderson County,North Carolina,37089,80,142.28808362001453,3.7375580136321767,137.1313291292016,143.42157125634708,145.93596904443555
1937,Hertford County,North Carolina,37091,80,119.75678289016997,16.003697687545735,93.67654454037307,125.54568884284609,134.36033515618283
1938,Hoke County,North Carolina,37093,80,136.09294549541153,7.222474214527126,125.46551485842738,138.61655011278134,142.58313966937916
1939,Hyde County,North Carolina,37095,80,60.88071755826482,30.6115935669796,11.363340265516774,68.82814148244759,94.01602262389483
1940,Iredell County,North Carolina,37097,80,144.53888630795862,2.406024339262146,140.97160370356136,145.09026660025935,147.1190152675147
1941,Jackson County,North Carolina,37099,80,133.03662647808594,8.982568724268459,119.7556688860484,136.40929790393545,141.19509358535035
1942,Johnston County,North Carolina,37101,80,145.11104303397707,2.154823680791135,142.27976885437687,145.55784250342623,147.40676579166472
1943,Jones County,North Carolina,37103,80,93.2320434857321,25.21385231710524,52.559623544223484,101.87205884671314,118.09603101790849
1944,Lee County,North Carolina,37105,80,137.89417705292033,6.4448390770177975,127.84273891855094,140.4076812346337,143.56385963544022
1945,Lenoir County,North Carolina,37107,80,135.91438252615737,7.753922338209161,123.42902032338378,138.9315116084374,142.6152953189025
1946,Lincoln County,North Carolina,37109,80,140.8559245692873,4.537283905129478,133.89247822668506,142.39416738884825,145.18954055484602
1947,McDowell County,North Carolina,37111,80,133.73450924875826,8.71974211271104,120.7602428497781,136.8274799546905,141.4396499065877
1948,Macon County,North Carolina,37113,80,131.9503902469345,9.461416148494123,117.16483026015865,135.55007861951162,140.6168251062688
1949,Madison County,North Carolina,37115,80,120.83912582676098,14.96383923248797,97.50040547533685,126.02379524488609,134.28853258132764
1950,Martin County,North Carolina,37117,80,120.81806229021736,14.831956561097833,98.51827480875514,126.2885681330593,134.58706604373995
1951,Mecklenburg County,North Carolina,37119,80,147.49900117220952,1.1046943242865659,146.1346955586926,147.4815770946975,148.92747768052772
1952,Mitchell County,North Carolina,37121,80,110.65410966997474,19.804724941498264,79.50822751320736,117.51622071179929,129.27586670198022
1953,Montgomery County,North Carolina,37123,80,124.94740767256354,13.072524407950773,105.33855575035618,129.6040266668229,136.68050199048386
1954,Moore County,North Carolina,37125,80,141.78486636090585,4.257872245052882,135.3581727929472,143.18685997186816,145.62416018504862
1955,Nash County,North Carolina,37127,80,141.1780840751036,4.517299172137449,134.5262170310272,142.61278540877828,145.222558386798
1956,New Hanover County,North Carolina,37129,80,145.11012987259528,2.177593963626961,142.17910529938322,145.56078535083262,147.3726039597217
1957,Northampton County,North Carolina,37131,80,115.1283720388159,16.762568403843424,90.60534208176199,120.56932570861673,130.84194823198393
1958,Onslow County,North Carolina,37133,80,144.7059373902654,2.4511499166326765,141.25673288509077,145.3370217806863,147.2160703569573
1959,Orange County,North Carolina,37135,80,143.4032767464752,3.136904367790175,138.48198280965698,144.30130333076448,146.55720404228856
1960,Pamlico County,North Carolina,37137,80,103.51427910701996,22.29064200417667,67.44214161375537,110.98174897809224,124.98732882080286
1961,Pasquotank County,North Carolina,37139,80,132.99483465726837,8.875048634895926,120.19259775724127,136.31111283017563,140.8520069333959
1962,Pender County,North Carolina,37141,80,137.90900236449264,6.316408055431909,128.3995552007145,140.0908815461924,143.60767415640254
1963,Perquimans County,North Carolina,37143,80,106.58322944973996,20.5595994027477,74.00766551663271,113.63539825886771,126.36533587989946
1964,Person County,North Carolina,37145,80,132.15686184671281,9.650475293641854,117.85230019540501,135.66529492226726,140.56012411264942
1965,Pitt County,North Carolina,37147,80,144.10354316719892,2.843387571429375,139.92241799778046,144.85419827872406,146.88525085901185
1966,Polk County,North Carolina,37149,80,119.1979991266987,15.688092177288542,96.28860075339131,124.62438192836194,133.23049941052165
1967,Randolph County,North Carolina,37151,80,143.46963951150127,3.112513766804739,138.77049136815413,144.31657743942222,146.47624360845958
1968,Richmond County,North Carolina,37153,80,133.32572692991536,8.909212432056062,120.02729684081297,136.35535106073473,141.28543730663174
1969,Robeson County,North Carolina,37155,80,142.3165303145826,3.773771472086932,137.04991467992076,143.33161434873057,145.86652362116175
1970,Rockingham County,North Carolina,37157,80,140.82718512110557,4.7501589930750505,133.66418786844235,142.36618042104206,145.11495731837022
1971,Rowan County,North Carolina,37159,80,143.58504170561827,3.197356447127874,138.94718999179108,144.52564568410747,146.64907697143073
1972,Rutherford County,North Carolina,37161,80,137.6698767581343,6.516627119157146,127.75982122629857,139.9407052881612,143.5774078634597
1973,Sampson County,North Carolina,37163,80,137.19595525173236,6.8554706005993085,126.80043395341858,139.85647420182158,143.16448344876088
1974,Scotland County,North Carolina,37165,80,129.90885636617685,10.51387954078663,113.99631833331972,133.55053717034087,139.37878989499353
1975,Stanly County,North Carolina,37167,80,137.96031842468815,6.380562337701422,127.74732072668048,140.24928951314388,143.59628539888607
1976,Stokes County,North Carolina,37169,80,133.86553705392626,8.717285419530173,121.50134612253744,137.2773238340622,141.48049736076186
1977,Surry County,North Carolina,37171,80,138.8596540740087,5.783777207236631,130.85603802812778,140.7970126911099,144.14346961117587
1978,Swain County,North Carolina,37173,80,108.51864924665064,20.134774521353766,75.5336642392423,115.20711540119453,127.77668856791516
1979,Transylvania County,North Carolina,37175,80,129.52057507147458,10.386657504769925,113.439598702252,133.47561832612888,138.9743366841232
1980,Tyrrell County,North Carolina,37177,80,45.54304164360874,33.288198543011404,-9.039404831582452,56.28889079509531,81.58211230044361
1981,Union County,North Carolina,37179,80,145.21642566040958,2.1097608395108556,142.2738593855813,145.59547145956003,147.49266835153657
1982,Vance County,North Carolina,37181,80,132.89345997411385,8.99314143718978,119.18337535100711,136.03489560488225,140.77836874350703
1983,Wake County,North Carolina,37183,80,147.53237608773057,1.1414442070449289,146.0544455609003,147.53451525829925,149.00942869130873
1984,Warren County,North Carolina,37185,80,116.76223696440965,17.24477954305164,88.93138995369964,123.57732773941352,132.63820358980865
1985,Washington County,North Carolina,37187,80,99.94997879693433,22.564802724153836,66.32639955487257,107.49758611086558,122.87337892692717
1986,Watauga County,North Carolina,37189,80,136.70154203394696,6.813822735072063,127.20231568681065,139.0279366809616,142.6943672584371
1987,Wayne County,North Carolina,37191,80,142.2745484812379,3.780829756744533,136.737051387918,143.36808993462637,145.8629575837561
1988,Wilkes County,North Carolina,37193,80,137.86468262837124,6.476321418428882,127.82270716660987,140.0305373574182,143.72323031194261
1989,Wilson County,North Carolina,37195,80,139.5556701793051,5.44339269693497,131.3177096074323,141.49161200472304,144.50030770977668
1990,Yadkin County,North Carolina,37197,80,131.44440044236364,9.45761924223692,116.44241648014693,134.51152852652726,140.22050734111062
1991,Yancey County,North Carolina,37199,80,117.82178641854131,16.040244970060254,92.69483078715666,124.2185968901155,132.7795562301204
1992,Adams County,North Dakota,38001,80,45.26091061656678,33.01314188349601,-4.655795795225392,54.23074332306632,82.59487849916968
1993,Barnes County,North Dakota,38003,80,113.8900956127484,18.385323012040377,86.1700781548586,120.16066073330232,131.18790635568502
1994,Benson County,North Dakota,38005,80,94.53776011894338,23.636488522080384,57.27263106645981,101.90784865731486,118.40116199733873
1995,Billings County,North Dakota,38007,80,4.661196417125982,34.957920927837,-47.591683280822195,5.083878561626252,52.587535697887034
1996,Bottineau County,North Dakota,38009,80,96.61289930340837,24.207721222387352,59.56344829490244,104.48824897022484,120.72691199445546
1997,Bowman County,North Dakota,38011,80,60.51934766571014,31.641084034429987,8.734590968361013,67.59484705179186,96.21619587616718
1998,Burke County,North Dakota,38013,80,45.43212169856501,32.626132696899475,-5.74756035309439,53.591769874116196,81.3207983855961
1999,Burleigh County,North Dakota,38015,80,143.5845179070074,3.1396326993766213,139.05956267157484,144.4053582807769,146.66359862885182
2000,Cass County,North Dakota,38017,80,145.6437123504847,1.9359375351700119,142.88274797966972,146.03023333857885,147.6928193281909
2001,Cavalier County,North Dakota,38019,80,70.1418691507133,30.196971621282664,25.637373637090903,78.26516641124053,101.52877221754223
2002,Dickey County,North Dakota,38021,80,86.55953743305321,26.78765481702062,45.707015464137626,94.09743311308432,113.97491283947619
2003,Divide County,North Dakota,38023,80,44.84559151474717,32.329684676124415,-5.419156630375567,53.38532479404542,79.30842419898161
2004,Dunn County,North Dakota,38025,80,77.04562951204821,30.12828530225713,30.376561288520318,85.33315593242114,109.77571245714387
2005,Eddy County,North Dakota,38027,80,48.210588309856966,32.42602354368818,-3.258484310417792,57.47797556087431,84.55744285864044
2006,Emmons County,North Dakota,38029,80,66.54500705517479,31.71292866940898,13.67802768068327,75.32247195572914,99.67891628961603
2007,Foster County,North Dakota,38031,80,68.60904643869493,31.40336081623781,21.995685490378328,76.99816116899466,101.21452892485989
2008,Golden Valley County,North Dakota,38033,80,33.26504386319432,31.086522361055515,-12.351169309709556,40.34533920376984,68.8642349481385
2009,Grand Forks County,North Dakota,38035,80,141.70093400327406,4.28772986845644,136.07542001458916,142.91462570730147,145.7365965029161
2010,Grant County,North Dakota,38037,80,46.75481381307171,31.714042764168717,-4.038212713356109,54.43757043126359,81.73648360352796
2011,Griggs County,North Dakota,38039,80,45.95191982822881,32.742983687674766,-4.39442517890764,54.89260863195321,81.53328826781062
2012,Hettinger County,North Dakota,38041,80,50.13953381384718,32.7003355542941,-1.6480207766382264,58.74704253092054,87.56454074614318
2013,Kidder County,North Dakota,38043,80,47.71578713262883,33.09681230314295,-4.0238378896340254,55.565135758074796,86.61719740163537
2014,LaMoure County,North Dakota,38045,80,78.02218950899979,29.804544785226078,34.187800887252656,86.59506914101482,109.2829143038482
2015,Logan County,North Dakota,38047,80,36.664594257733015,33.528503194601505,-12.000157116860043,45.032624987496014,75.49442931674324
2016,McHenry County,North Dakota,38049,80,88.46015108356744,25.928043292192733,50.5605956541301,96.51445963007681,114.68903605321405
2017,McIntosh County,North Dakota,38051,80,52.859254959310014,32.739225370200074,0.8752098883057597,60.861065981128576,91.2906002336043
2018,McKenzie County,North Dakota,38053,80,118.88117493811046,15.901220088043141,95.23562511409372,124.2814489163159,134.2960150870205
2019,McLean County,North Dakota,38055,80,110.60208075956895,19.204062989441926,80.95087213149048,116.43712992556738,129.5690683246107
2020,Mercer County,North Dakota,38057,80,106.36051770864857,21.202887207237016,75.8542667483663,113.42011397510703,126.2307251864379
2021,Morton County,North Dakota,38059,80,135.4496159222077,8.005339435171523,123.53441088053937,138.3339087829126,142.7133239822527
2022,Mountrail County,North Dakota,38061,80,109.7703388718856,19.749015038411308,79.21147974138324,116.41877644523339,128.21118683365864
2023,Nelson County,North Dakota,38063,80,61.360886968328074,31.696432718129863,12.210362287324584,66.7423007758724,98.33325805311586
2024,Oliver County,North Dakota,38065,80,36.106622668097174,32.38512957293708,-10.500555720671064,43.17953227262455,74.5434989326833
2025,Pembina County,North Dakota,38067,80,97.00155791830733,25.053368329360016,55.13261123884541,104.93361830004918,122.61307524519687
2026,Pierce County,North Dakota,38069,80,76.08892450662307,30.45356807773936,28.38280651227339,86.14900222583098,107.2928048385456
2027,Ramsey County,North Dakota,38071,80,116.12820110100131,18.282508241105337,88.44168404734371,122.64092065668794,132.9498621365269
2028,Ransom County,North Dakota,38073,80,91.50753996049427,25.46104518760462,51.11410402690237,98.94002277915509,117.38308957032622
2029,Renville County,North Dakota,38075,80,43.82757566552788,33.91863826481445,-9.944285738431203,53.56851576548919,79.91041460288879
2030,Richland County,North Dakota,38077,80,124.65718192576752,13.685329815020289,105.2449161757707,129.5054149189795,137.3620576595511
2031,Rolette County,North Dakota,38079,80,116.44789116670708,17.700882686291777,88.36092196521831,122.31677988866701,133.03160442976323
2032,Sargent County,North Dakota,38081,80,73.50915813578729,30.052569982238527,26.42934786528488,81.01788949863618,105.56361865713843
2033,Sheridan County,North Dakota,38083,80,15.956445231738716,32.373306962162225,-32.79874309561827,21.496357006250836,54.456860590466995
2034,Sioux County,North Dakota,38085,80,73.09424080395937,29.06668946355025,29.057293909783912,81.10951488551757,103.52884231383291
2035,Slope County,North Dakota,38087,80,-23.318307359904658,27.625319473630945,-65.49756036277067,-14.971691742805232,7.929096251233529
2036,Stark County,North Dakota,38089,80,135.18683095620364,8.607436465167396,122.4167728053847,138.25099040157,142.60379755254263
2037,Steele County,North Dakota,38091,80,33.348615825883236,32.28901281571966,-13.702116957167693,38.78123784649948,70.53206886230755
2038,Stutsman County,North Dakota,38093,80,129.51588784110595,10.825922083289909,113.4493904659465,133.16114672274725,139.43129620706398
2039,Towner County,North Dakota,38095,80,41.33091190559155,33.03726610630015,-8.913912327843198,48.5113303996477,79.38376830650012
2040,Traill County,North Dakota,38097,80,104.29072814567515,22.460380833770206,71.62497204405031,111.80471696026504,125.93518486640501
2041,Walsh County,North Dakota,38099,80,112.0229367633718,18.811989531041256,81.93939511153368,118.60517109172807,130.56799988933443
2042,Ward County,North Dakota,38101,80,141.79242133496982,4.046262468917268,135.80158364867927,142.97904203090792,145.55226197478916
2043,Wells County,North Dakota,38103,80,76.82901750760692,29.965464255511627,31.02237660289019,85.34439972443965,108.6367211950981
2044,Williams County,North Dakota,38105,80,136.68501765957245,6.948994323006357,126.73668133924919,138.95104037077976,143.00874155454997
2045,Adams County,Ohio,39001,80,131.26670446502888,10.322674585021977,116.57310178447256,134.93159589021025,140.6500474687801
2046,Allen County,Ohio,39003,80,143.3105792611984,3.2708692785472837,138.55452906058915,144.1956951152139,146.46485967708207
2047,Ashland County,Ohio,39005,80,139.09961664255516,6.014227635036888,130.9397564447533,141.11488435858183,144.3870153838467
2048,Ashtabula County,Ohio,39007,80,143.16751401051752,3.4832183480054035,138.11446483196585,144.30407511383393,146.3422827752538
2049,Athens County,Ohio,39009,80,139.79629862666735,5.443976105436926,130.96222766866865,141.738451019008,144.4416152654157
2050,Auglaize County,Ohio,39011,80,137.35430951001757,6.868596981107077,127.05745554184732,139.8754541927756,143.52714080763596
2051,Belmont County,Ohio,39013,80,140.69296139575022,4.830969337522111,133.1377176647704,142.31379155976396,144.99547053008664
2052,Brown County,Ohio,39015,80,137.2059041324358,6.826042741216288,126.65314130215005,139.56793838521654,143.21212047580116
2053,Butler County,Ohio,39017,80,146.79914704775646,1.366263470889882,145.04378976339257,146.87454110948624,148.43091819079447
2054,Carroll County,Ohio,39019,80,130.5158815451812,10.683806620232064,113.65544920556329,134.10243576916554,140.26710025537838
2055,Champaign County,Ohio,39021,80,136.10150783738544,7.379620721411375,125.37207624475552,138.6609187299027,142.8033146538698
2056,Clark County,Ohio,39023,80,144.48332076696022,2.6257496421885196,140.94917248663828,145.0991275510699,147.126539389755
2057,Clermont County,Ohio,39025,80,145.62966233745928,1.8776875665279582,142.96533567349505,145.9561688281614,147.650788561019
2058,Clinton County,Ohio,39027,80,136.79938224997196,7.141832396005371,125.81921422815105,139.27399550066372,143.23478964147796
2059,Columbiana County,Ohio,39029,80,143.14438772332406,3.4592772904703097,138.31298381479758,144.13864322591394,146.42989612611117
2060,Coshocton County,Ohio,39031,80,135.5281924110455,7.69108633871239,124.32836178338513,138.18298898907108,142.52373373188323
2061,Crawford County,Ohio,39033,80,136.2114040835756,7.489469063616945,124.32478695582518,138.9129585375037,142.95235942674984
2062,Cuyahoga County,Ohio,39035,80,147.70107103058564,1.0377570170695538,146.34093595676921,147.74538405613708,149.0831096632097
2063,Darke County,Ohio,39037,80,139.26620945001008,5.816857391911988,131.3487710912602,141.25935813657424,144.3000442474332
2064,Defiance County,Ohio,39039,80,135.9048148226451,7.575223861046895,124.81879562072928,138.62009438153567,142.8431713816914
2065,Delaware County,Ohio,39041,80,145.8270390190432,1.80165480042795,143.53747091521228,146.16314541438612,147.74076811231228
2066,Erie County,Ohio,39043,80,141.5607594150366,4.342682145244955,135.25364383579478,142.8008125090933,145.57910181440258
2067,Fairfield County,Ohio,39045,80,145.13309327027235,2.2172459549296564,142.10933993681095,145.6017442906181,147.48135974501545
2068,Fayette County,Ohio,39047,80,132.29345284104159,9.137867644751395,118.58008668904476,135.20857939468985,140.91295029707308
2069,Franklin County,Ohio,39049,80,147.68268323407585,1.0764380817662158,146.29566065702997,147.62634992216937,149.07135744896496
2070,Fulton County,Ohio,39051,80,136.8103549924097,6.965754127904487,126.17915831265029,139.07505775839718,143.20151826110703
2071,Gallia County,Ohio,39053,80,132.2678840554328,9.737588141751832,119.14836757035114,135.4602638893257,140.97419245949396
2072,Geauga County,Ohio,39055,80,142.96409044421551,3.4816037405909936,138.00194602204772,143.94854263833105,146.16360725086403
2073,Greene County,Ohio,39057,80,145.25871550714277,2.16450396271082,142.38748871670657,145.68025018819785,147.5082730637242
2074,Guernsey County,Ohio,39059,80,135.88856791232345,7.640490223310005,124.67297121912988,138.45882561763642,142.56602129949974
2075,Hamilton County,Ohio,39061,80,147.48863633764483,1.094759920132043,146.13545880334175,147.51434128214314,148.89729895223448
2076,Hancock County,Ohio,39063,80,141.45687660958612,4.31868168918993,134.92533465277663,142.86084482847656,145.4471231912274
2077,Hardin County,Ohio,39065,80,133.33659710117098,8.89122639171656,120.55527903147114,136.17567355409824,141.31038877750927
2078,Harrison County,Ohio,39067,80,118.9827038139643,15.637972455376053,94.79712039594429,124.42018326333326,133.82203092522616
2079,Henry County,Ohio,39069,80,132.0979474096638,9.505302159741177,118.38525942005579,135.38300283509693,140.54463997120158
2080,Highland County,Ohio,39071,80,137.2190856013475,6.77913592506408,127.33305242846565,139.55360366730287,143.35312985994213
2081,Hocking County,Ohio,39073,80,131.31538045386242,10.374441919826781,116.62394820706348,134.87864274913545,140.53674453377428
2082,Holmes County,Ohio,39075,80,137.46471417501704,6.615588122368878,127.7671002403842,139.7015110414921,143.48883882293978
2083,Huron County,Ohio,39077,80,139.838276988554,5.277015094315395,131.89673032631967,141.50724290051062,144.69333519210312
2084,Jackson County,Ohio,39079,80,134.02656952318782,8.65523529146677,121.73172693449402,137.07979470847704,141.70896892645794
2085,Jefferson County,Ohio,39081,80,140.47359117192536,4.994105352144324,133.10619515429633,142.06667105590407,145.10796554717209
2086,Knox County,Ohio,39083,80,140.39300556135015,5.2121617249577215,132.7757932783765,142.09788069600967,145.0847902956404
2087,Lake County,Ohio,39085,80,145.940560661103,1.773760141847025,143.49351440302988,146.21223195394876,147.98097309790177
2088,Lawrence County,Ohio,39087,80,139.8926289319982,5.373889923706524,131.8998830809642,141.6221250902459,144.72674824138474
2089,Licking County,Ohio,39089,80,145.3501423606368,2.224006157740839,142.47025531946196,145.86367604411498,147.63269684609352
2090,Logan County,Ohio,39091,80,137.74178444531307,6.7488569761660715,127.35630460255574,140.15385489202072,143.7468125288308
2091,Lorain County,Ohio,39093,80,146.58445897340184,1.4822044393536098,144.80568034861548,146.7140446200496,148.36664148896952
2092,Lucas County,Ohio,39095,80,146.95104036851075,1.2747444321591597,145.24716134327727,147.0019835046072,148.56009317966223
2093,Madison County,Ohio,39097,80,137.36107566880784,6.565377919190447,128.41228836778154,139.6837409382038,143.22756887644178
2094,Mahoning County,Ohio,39099,80,145.8964442972038,1.7934295216637095,143.46397805077194,146.14269384136918,147.94333053121642
2095,Marion County,Ohio,39101,80,140.58591038464021,4.9512606362677,132.99012412484763,142.10639424480541,145.18057844661263
2096,Medina County,Ohio,39103,80,145.372967944328,2.0362612984155963,142.57379939040726,145.75113709578855,147.5443029428796
2097,Meigs County,Ohio,39105,80,127.65660399279868,12.022596638996683,109.99239122145455,131.66618959578668,138.55142533670127
2098,Mercer County,Ohio,39107,80,137.1253158653488,6.813207467853342,127.0912627736454,139.4521384229172,143.18865867027355
2099,Miami County,Ohio,39109,80,143.547342149136,3.1151403478401947,139.11593202787722,144.38617117708526,146.5643193615473
2100,Monroe County,Ohio,39111,80,117.21533861413955,16.759680063245526,91.45848346725978,122.82485134039045,133.03617589069864
2101,Montgomery County,Ohio,39113,80,147.17972230458028,1.1833942845378265,145.61745453570558,147.22222260012978,148.64516914511094
2102,Morgan County,Ohio,39115,80,117.61516211918465,16.716992084647323,91.44105942303523,123.46222825797575,133.2339915150985
2103,Morrow County,Ohio,39117,80,135.05111897228517,7.882365514305165,124.93104262718076,137.7408616135775,142.014603995304
2104,Muskingum County,Ohio,39119,80,142.2456733447497,3.9584206182654955,136.99607480409892,143.33737291316993,145.93098576356536
2105,Noble County,Ohio,39121,80,118.97332895152523,15.63058139458044,95.60432731102937,124.3485767434295,133.63622208298773
2106,Ottawa County,Ohio,39123,80,136.3716147482546,7.5335737758856665,125.78160836358269,138.86883306204626,142.89636703718833
2107,Paulding County,Ohio,39125,80,124.8300147502523,13.26163318994015,105.61041274356654,129.3483671618846,137.1294331227502
2108,Perry County,Ohio,39127,80,134.73071330928715,8.578774346641682,121.33468443750017,137.75691490709823,142.13969866902232
2109,Pickaway County,Ohio,39129,80,139.8401943449719,5.597449917218601,131.1542130742221,141.76224281915933,144.7141682372283
2110,Pike County,Ohio,39131,80,131.52959629216127,9.854395976569602,116.92065751918497,135.1491210515038,140.5961295397117
2111,Portage County,Ohio,39133,80,144.98803274955833,2.3787896043777184,141.82411115584182,145.51881463494874,147.37957109066102
2112,Preble County,Ohio,39135,80,136.51325693141052,7.376223226654647,125.40311762444487,138.92694735882833,143.21873182528347
2113,Putnam County,Ohio,39137,80,134.76800271949614,8.15391957404377,122.62763963677486,137.4453450591431,142.04951545834908
2114,Richland County,Ohio,39139,80,144.2493544717126,2.6156681203319097,140.6768203622889,144.89764696721392,146.89634218860425
2115,Ross County,Ohio,39141,80,141.7294251461396,4.1948720831582875,136.0242669514355,142.99201043447118,145.57486981235294
2116,Sandusky County,Ohio,39143,80,139.7986880848861,5.5989273460400275,132.1368281090026,141.59026517775737,144.79808110612623
2117,Scioto County,Ohio,39145,80,141.31129818310595,4.359575125639542,135.35835092988447,142.60684469341456,145.38812186055682
2118,Seneca County,Ohio,39147,80,139.12914607249567,5.797290543837987,130.04042534426026,141.08069648714167,144.3488497773614
2119,Shelby County,Ohio,39149,80,138.28682858538795,6.369517021002371,128.4855552212809,140.43452616095564,143.8237397633362
2120,Stark County,Ohio,39151,80,146.68343094761445,1.3898347767242085,144.98090131260085,146.8062202003486,148.30948792181727
2121,Summit County,Ohio,39153,80,147.15302334086473,1.1919003023862562,145.67394065536695,147.2076432742262,148.63852366116822
2122,Trumbull County,Ohio,39155,80,145.5681435759736,2.0247970328003047,142.64527562768527,145.97016718055374,147.75385520159207
2123,Tuscarawas County,Ohio,39157,80,142.72128249065364,3.6165039656648172,137.7312905824228,143.79391541673877,146.1671060460066
2124,Union County,Ohio,39159,80,140.79956876555545,4.825594868109858,134.15768473672046,142.2871455328601,145.2584844031089
2125,Van Wert County,Ohio,39161,80,131.83859261216597,9.963068392878128,117.67740507912346,135.2259427366576,140.6758667152909
2126,Vinton County,Ohio,39163,80,115.11690410959723,17.738816950529912,90.76763000483147,120.63983545908614,131.52198401052732
2127,Warren County,Ohio,39165,80,146.0012689016669,1.7501700692528415,143.54532238732517,146.28412230056364,147.93903029711345
2128,Washington County,Ohio,39167,80,139.90102657556423,5.3340168633913025,132.19490370436463,141.7304156978783,144.80586254044124
2129,Wayne County,Ohio,39169,80,143.90802873074566,2.930449747420393,139.79898116710928,144.65133795318542,146.7762257632236
2130,Williams County,Ohio,39171,80,135.4461922518109,7.859059745524242,123.54744364546005,138.44765539130313,142.35116913313155
2131,Wood County,Ohio,39173,80,144.13968270423098,2.722511048264031,140.24309089111588,144.88207981483532,146.86755521004136
2132,Wyandot County,Ohio,39175,80,127.41519585002676,11.736341007213424,109.07889941857381,131.32041560920624,138.32029483094593
2133,Adair County,Oklahoma,40001,80,118.54621136676855,15.72994281482469,94.78245962071614,123.75194728475279,133.13380630678836
2134,Alfalfa County,Oklahoma,40003,80,73.0210270052432,28.59222154307525,28.552186170835757,81.31689150330564,102.9693125029793
2135,Atoka County,Oklahoma,40005,80,109.94106728021907,19.094562334323264,78.66315915567596,116.13908512205168,127.90400929179938
2136,Beaver County,Oklahoma,40007,80,67.66352185977897,30.6930563553585,18.51192831630842,76.9939669347461,99.80352918725978
2137,Beckham County,Oklahoma,40009,80,120.2829470432332,15.305299737965637,95.3304368429623,125.73206764040066,134.71957169527954
2138,Blaine County,Oklahoma,40011,80,90.05087419242838,26.226949243082956,50.00648597008297,98.20343690127517,115.70294790260733
2139,Bryan County,Oklahoma,40013,80,135.18815863620603,8.06354624110067,122.92714342821787,138.13055856074465,142.1852607425857
2140,Caddo County,Oklahoma,40015,80,125.51615467358364,12.82512510605592,105.83338638971912,130.08011704137357,136.97640192371554
2141,Canadian County,Oklahoma,40017,80,143.98979487238597,2.7481406555466723,140.01572953181204,144.74914241697547,146.78577766821917
2142,Carter County,Oklahoma,40019,80,134.8059589022553,8.24282328216943,122.46027029433712,137.55697687386342,142.14017185526043
2143,Cherokee County,Oklahoma,40021,80,134.9095707166231,7.948493281181759,122.62153135416317,137.76369549143917,141.8518376551795
2144,Choctaw County,Oklahoma,40023,80,109.11931351580505,19.357018543937354,78.63956434646731,115.46290817171277,127.71822472974446
2145,Cimarron County,Oklahoma,40025,80,21.870324034979127,31.682739548539217,-27.997420538593865,28.665672118951747,57.12678337423427
2146,Cleveland County,Oklahoma,40027,80,145.80945437877574,1.82017329862716,143.3764362974688,146.12908011062433,147.86485881787925
2147,Coal County,Oklahoma,40029,80,70.82814981477271,29.01572787102352,24.507072284739323,79.29230322921106,101.29249605575501
2148,Comanche County,Oklahoma,40031,80,142.63581588279112,3.716096937592634,137.4346322202261,143.76155860616586,146.10977343094592
2149,Cotton County,Oklahoma,40033,80,71.06444750148792,29.397854399980535,22.10453377488395,79.51805368062286,101.69057608095072
2150,Craig County,Oklahoma,40035,80,109.69570047439309,19.197355496707555,79.01128011368704,116.37926643902358,127.73585021544304
2151,Creek County,Oklahoma,40037,80,139.30175832150317,5.5184518618801235,130.67533677254622,141.22710602091337,144.24049210564945
2152,Custer County,Oklahoma,40039,80,125.90603205240369,12.576378003711218,106.75099782873978,130.48616756044373,137.29372875458185
2153,Delaware County,Oklahoma,40041,80,132.80604805159535,8.88043991316112,119.46211409234478,136.03035937012254,141.06417363108446
2154,Dewey County,Oklahoma,40043,80,58.85872857120836,31.267450659594576,11.089322138442864,67.34306580819774,92.33085299594245
2155,Ellis County,Oklahoma,40045,80,48.919739369841615,32.48146185101192,1.6542380974270312,58.106276532198244,84.89569590592455
2156,Garfield County,Oklahoma,40047,80,137.1704062051784,6.835187475125245,127.02464685563243,139.51660655302894,143.34818973523755
2157,Garvin County,Oklahoma,40049,80,125.94128682956833,12.279916547997983,107.77679232386546,130.2517454982784,136.78592447031116
2158,Grady County,Oklahoma,40051,80,136.30540510291473,7.314295817346324,125.17523096899725,138.9524208518487,142.78421994027542
2159,Grant County,Oklahoma,40053,80,55.17826458363177,31.62165929231562,7.783278086375029,62.86049021779885,88.97605319539433
2160,Greer County,Oklahoma,40055,80,72.30119400983449,29.02049424209683,26.11508567540363,81.73368947520311,102.58343823064321
2161,Harmon County,Oklahoma,40057,80,24.858775148337212,33.03531172933322,-27.244051679716623,32.13489700296404,63.96179607801644
2162,Harper County,Oklahoma,40059,80,41.12940818905848,31.96190814124106,-12.232324620172347,47.94793262396392,75.44367719977228
2163,Haskell County,Oklahoma,40061,80,103.74775760347381,21.59051575633369,69.69956204856821,110.93954646797593,123.7595817575152
2164,Hughes County,Oklahoma,40063,80,107.88504306315966,19.954959626333295,76.36121541910123,114.94713446105558,126.60713877128437
2165,Jackson County,Oklahoma,40065,80,123.763411321991,13.922646027678567,102.3209362867001,128.6903576248832,136.1161227742977
2166,Jefferson County,Oklahoma,40067,80,70.83397132025424,29.429031237703537,21.736234781200345,79.41464540821394,100.9498859493036
2167,Johnston County,Oklahoma,40069,80,98.72399660733433,22.749006025416467,63.337266768093734,106.97922561090255,121.22872250665931
2168,Kay County,Oklahoma,40071,80,133.46117245644032,8.81050957777221,120.27591007879187,136.66174912266027,141.21374195818024
2169,Kingfisher County,Oklahoma,40073,80,111.71456624016338,18.5902637117777,83.39853744887591,117.93539841994715,129.5627363699193
2170,Kiowa County,Oklahoma,40075,80,89.63359922998693,26.78287657385414,48.174503380392636,98.98607670297915,115.53216545468491
2171,Latimer County,Oklahoma,40077,80,96.4392614995206,23.86183992539607,59.656020420964914,104.57960665196069,119.43264335465545
2172,Le Flore County,Oklahoma,40079,80,134.9656653814585,7.858130278319152,123.12585980118828,137.88713311431846,142.10652354954397
2173,Lincoln County,Oklahoma,40081,80,130.05600881240525,10.401290685416704,113.988185956054,133.6588462845229,139.38447096715922
2174,Logan County,Oklahoma,40083,80,135.67607062715217,7.582423762138483,124.65221445722068,138.1937740725607,142.35428906903184
2175,Love County,Oklahoma,40085,80,97.14370222887324,24.35295638646024,59.732897010045605,105.18230547018499,120.97462529658699
2176,McClain County,Oklahoma,40087,80,134.12316832408257,8.48444240719322,121.69560057229721,136.9377870232707,141.5938722379167
2177,McCurtain County,Oklahoma,40089,80,127.75679920937382,12.010622260635923,109.59319445374759,132.1671588472521,138.58870115167176
2178,McIntosh County,Oklahoma,40091,80,118.01151924650642,16.266477721212212,92.23577859317385,124.18952377081789,132.97151252608646
2179,Major County,Oklahoma,40093,80,84.82165278666672,27.63065978116543,42.19526939702447,93.00886309832336,112.67599089151888
2180,Marshall County,Oklahoma,40095,80,112.74471510347904,19.46087620390902,83.26768131073244,120.24333474131635,129.86877193471867
2181,Mayes County,Oklahoma,40097,80,132.12879058315823,9.460638104417272,117.17710483818978,135.53239677920652,140.7122185051967
2182,Murray County,Oklahoma,40099,80,107.38527772297331,20.787049373881864,73.12314502370609,114.5283717790233,127.25061591270627
2183,Muskogee County,Oklahoma,40101,80,138.34414835025555,6.160024946005133,128.88724204157347,140.5590634695185,143.73040862370365
2184,Noble County,Oklahoma,40103,80,100.76933812793425,22.968455747225878,65.14633961018824,109.16287703818347,122.72749028037057
2185,Nowata County,Oklahoma,40105,80,94.51996743761723,25.066499880925754,57.376158336211624,102.04459042802017,119.59466300427879
2186,Okfuskee County,Oklahoma,40107,80,100.7285149481345,23.18852112457789,62.888960862475926,108.40730846351093,122.76152651295394
2187,Oklahoma County,Oklahoma,40109,80,147.19861352712323,1.221924392369137,145.6098892496863,147.2444960338959,148.71464645781714
2188,Okmulgee County,Oklahoma,40111,80,131.27529017313972,10.014783782460059,115.67403620750387,134.9937149603304,140.16661694730055
2189,Osage County,Oklahoma,40113,80,134.2913291403892,8.34612693322735,121.51404185820272,137.37588747237407,141.6460971832463
2190,Ottawa County,Oklahoma,40115,80,128.24335403594503,11.21140657698838,111.78654549774419,132.17693312816607,138.20516202468832
2191,Pawnee County,Oklahoma,40117,80,113.31021546085874,18.157050708778467,86.16874062041066,119.6881407565586,129.96663486817258
2192,Payne County,Oklahoma,40119,80,140.0006623462551,5.18132717061339,131.92372858742127,141.89913996398747,144.45521218417815
2193,Pittsburg County,Oklahoma,40121,80,133.58986091695493,8.899244543384617,120.36514401784035,136.65471031961363,141.2423372134104
2194,Pontotoc County,Oklahoma,40123,80,130.94554464465466,9.966684582046597,115.38878971200607,134.43673100194763,140.06033626372582
2195,Pottawatomie County,Oklahoma,40125,80,138.680582927577,6.206633186305674,129.0145370339915,140.89000938914904,144.25547295813465
2196,Pushmataha County,Oklahoma,40127,80,99.40074647249553,23.032996158126657,63.783127145811356,106.41535119978006,122.12255447641748
2197,Roger Mills County,Oklahoma,40129,80,43.509461339123774,32.74583929881942,-7.247268865992999,49.42560757539144,79.74568267925129
2198,Rogers County,Oklahoma,40131,80,141.3600982662341,4.3542122377856,134.71882767118728,142.7167120169476,145.37242826608409
2199,Seminole County,Oklahoma,40133,80,122.96709183266304,13.938694901076712,101.68813336083822,127.74690475226792,135.40751406704436
2200,Sequoyah County,Oklahoma,40135,80,132.10092101908492,9.417253291322966,118.25462778793231,135.5727979076529,140.48715331447113
2201,Stephens County,Oklahoma,40137,80,133.10873132937107,9.09574255294047,119.1646738134089,136.57274262211453,141.3310531410404
2202,Texas County,Oklahoma,40139,80,118.81048068357845,16.48389903711717,92.41901080837678,124.75467836025857,133.71141718253688
2203,Tillman County,Oklahoma,40141,80,81.80775752775386,27.668043050541762,38.71963642858205,89.19930350425278,110.37938197859597
2204,Tulsa County,Oklahoma,40143,80,147.11764382183358,1.176625046574508,145.67384418834703,147.09144087731062,148.59888591338822
2205,Wagoner County,Oklahoma,40145,80,140.4004150867479,4.993082313617669,133.07877490824035,142.1044205020381,144.9638294579468
2206,Washington County,Oklahoma,40147,80,135.8045141551784,7.5342198346955875,124.35872812974048,138.2898969584868,142.58802744905262
2207,Washita County,Oklahoma,40149,80,100.74523922821224,22.124978648145664,67.08609595454291,108.052900491193,122.44958384295032
2208,Woods County,Oklahoma,40151,80,91.70297169213592,25.19174487829404,49.98542095647388,100.43034935048644,116.31251949141341
2209,Woodward County,Oklahoma,40153,80,119.8076364798163,15.365753898525941,97.22062936681412,125.47244180299356,133.6565166599354
2210,Baker County,Oregon,41001,80,124.45649235002205,13.780748655024095,102.91639357210208,129.37569605706335,137.05036997902025
2211,Benton County,Oregon,41003,80,143.43776438722233,3.301681867765552,138.763809029645,144.35835867482973,146.67195478376948
2212,Clackamas County,Oregon,41005,80,147.00015760918097,1.3158096697250963,145.3424606708435,147.07777785760427,148.59788170419196
2213,Clatsop County,Oregon,41007,80,137.96900257791035,6.37365321335005,128.73431260738684,140.08711868635618,143.52695528531925
2214,Columbia County,Oregon,41009,80,139.94820489511045,5.3729261220451185,132.30315925792178,141.654487317285,144.7300097900148
2215,Coos County,Oregon,41011,80,141.29397061291994,4.750028807238219,134.52197610497126,142.79812349599928,145.52169283500524
2216,Crook County,Oregon,41013,80,132.07039015545212,9.699988403718942,117.59125500612289,135.61578605228323,140.58279419053957
2217,Curry County,Oregon,41015,80,129.93079886882998,11.236525057842869,114.08749379044202,133.99998534542135,140.31152693575558
2218,Deschutes County,Oregon,41017,80,145.83098576404953,1.8225269032405307,143.43136235068852,146.1395459726377,147.79556703852654
2219,Douglas County,Oregon,41019,80,143.94049269257445,2.8223013014516987,140.24075906786038,144.57813705621965,146.7018087159919
2220,Gilliam County,Oregon,41021,80,38.58387246773123,34.02910720403518,-10.59881392463673,45.414898258835265,80.84681989810112
2221,Grant County,Oregon,41023,80,101.32844709866075,23.73015964016866,63.506493818121726,108.52070846122064,124.2834120446477
2222,Harney County,Oregon,41025,80,102.78601766221766,22.906956871464555,66.25955451813398,110.35567283969041,125.1708902871275
2223,Hood River County,Oregon,41027,80,130.18897364799727,11.018827528146502,113.76153477838923,133.91095304818066,140.12012542060955
2224,Jackson County,Oregon,41029,80,145.95601413780042,1.7320282196627792,143.6668755332272,146.2112770592282,147.87379307820018
2225,Jefferson County,Oregon,41031,80,131.76778456550565,9.959730843047454,117.5155789900754,135.1974190024984,140.76028612825644
2226,Josephine County,Oregon,41033,80,142.91465473280581,3.525329610833666,138.1168242137441,143.91050409380625,146.20240686990186
2227,Klamath County,Oregon,41035,80,141.64295501984847,4.249932391751585,135.41322654104624,142.96923365561278,145.63729625108365
2228,Lake County,Oregon,41037,80,106.07523894073157,22.15001408088077,74.1077820314925,113.96920339046812,127.2257093244527
2229,Lane County,Oregon,41039,80,146.86700800029632,1.3287271114996333,145.2274074644518,146.90343570897764,148.5409119083703
2230,Lincoln County,Oregon,41041,80,139.6862472101741,5.481426994613838,132.11607595108438,141.4376904962073,144.70507063563602
2231,Linn County,Oregon,41043,80,144.6996278816489,2.5162356142330693,141.1979268423233,145.30571470580372,147.21316171578306
2232,Malheur County,Oregon,41045,80,134.95984101655066,8.23118670054111,122.9432937280324,137.81567114740727,142.25713468679058
2233,Marion County,Oregon,41047,80,146.75051934594677,1.3759102259784197,145.054836229525,146.80506229987293,148.44629209570326
2234,Morrow County,Oregon,41049,80,117.01402846613848,16.828028287883,91.48030866703898,122.86669478224,132.93459122038192
2235,Multnomah County,Oregon,41051,80,147.37878648073882,1.1709479505993554,145.8229436379327,147.37693172712068,148.83310011919886
2236,Polk County,Oregon,41053,80,142.9369935481536,3.4857402457523987,138.13043213361587,143.91062052152685,146.2319865062173
2237,Sherman County,Oregon,41055,80,40.23402619898496,34.044664621123346,-8.74662205029447,49.57261340331395,80.9963823149881
2238,Tillamook County,Oregon,41057,80,132.08079313193204,10.024020313074889,116.9195296419114,135.4630703972728,141.25603477076447
2239,Umatilla County,Oregon,41059,80,142.4566463064088,3.7207501799295715,137.2509771561155,143.46746954276483,145.99270280324
2240,Union County,Oregon,41061,80,132.08706991253152,9.575035441952336,117.78039905094504,135.55382263001843,140.72597944649056
2241,Wallowa County,Oregon,41063,80,102.8264387926725,23.08967416999617,65.93762860301531,110.69293354273506,125.01301442704415
2242,Wasco County,Oregon,41065,80,132.4774905327561,9.433404705564632,118.71130558282543,135.74965093470962,140.85446757207808
2243,Washington County,Oregon,41067,80,147.31605018270344,1.1954168231417295,145.78485190509264,147.34062421400085,148.80077112918687
2244,Wheeler County,Oregon,41069,80,21.579274112683983,33.584284367856135,-27.926789827949882,26.124955856073797,62.860523321366095
2245,Yamhill County,Oregon,41071,80,143.65345481651445,3.0064080008057426,139.27404579561417,144.4637879225333,146.6699247678705
2246,Adams County,Pennsylvania,42001,80,143.36455850732872,3.2826301029555967,138.62879036386224,144.2225106821283,146.59995193998662
2247,Allegheny County,Pennsylvania,42003,80,147.62340486877983,1.0613185610375049,146.3059125695474,147.67540631259936,148.907834002923
2248,Armstrong County,Pennsylvania,42005,80,140.778608761857,4.744295148693497,134.16685891127187,142.25667487994957,145.21236407689764
2249,Beaver County,Pennsylvania,42007,80,145.0884637101688,2.2392392424039964,141.9894102337758,145.5690763586042,147.34274801220482
2250,Bedford County,Pennsylvania,42009,80,138.19874193041352,6.369008584590387,128.93413692327186,140.38613929667432,143.96833508534846
2251,Berks County,Pennsylvania,42011,80,146.85962028989934,1.3455556568825149,145.21664982203035,146.9464438519962,148.5353506895187
2252,Blair County,Pennsylvania,42013,80,144.08968782249116,2.8097714431156273,140.10828708353787,144.78786894591303,146.929964423662
2253,Bradford County,Pennsylvania,42015,80,139.8002087250789,5.164451535847119,132.35899534715537,141.43022167407884,144.52540721371471
2254,Bucks County,Pennsylvania,42017,80,147.30741927147082,1.1198452744764258,145.93698978501334,147.31786351242576,148.81720516170924
2255,Butler County,Pennsylvania,42019,80,145.55178662120923,1.9762503036804222,143.0036127361459,145.9584774354604,147.5897898549424
2256,Cambria County,Pennsylvania,42021,80,144.47512394761358,2.503420838481266,141.17282461824615,145.0201235865311,146.95844145941098
2257,Cameron County,Pennsylvania,42023,80,76.8335215062671,28.731781813546807,33.90159971959786,84.74056218361378,106.98778527891645
2258,Carbon County,Pennsylvania,42025,80,140.72648459849083,4.9801835413158075,133.3461793481527,142.39978445407354,145.20289524841846
2259,Centre County,Pennsylvania,42027,80,144.918348746827,2.370382052159625,141.59235647806537,145.4818251852416,147.36134216615713
2260,Chester County,Pennsylvania,42029,80,147.09904632351692,1.176481306620094,145.52779613742024,147.11863978654566,148.55237668103447
2261,Clarion County,Pennsylvania,42031,80,135.6847398542146,7.638078661218462,124.83752818019856,138.35639054375434,142.52824111987408
2262,Clearfield County,Pennsylvania,42033,80,141.82186440794658,4.268397013237223,135.74310648533753,143.15507871803425,145.73182661214264
2263,Clinton County,Pennsylvania,42035,80,135.62286044806837,7.847458608724817,124.01927260564115,138.36957867029997,142.59039486794012
2264,Columbia County,Pennsylvania,42037,80,140.43585039394114,5.090523479617905,133.0080714605518,142.16310597861928,145.1149389847271
2265,Crawford County,Pennsylvania,42039,80,142.22337334360927,3.918347868546697,136.76195544852717,143.40740332214355,145.85062707143143
2266,Cumberland County,Pennsylvania,42041,80,146.08190133484163,1.6762470544366699,143.8455012548871,146.32231180611444,147.9714992540698
2267,Dauphin County,Pennsylvania,42043,80,146.36311936910226,1.5407364071659477,144.36053703657683,146.54954570105758,148.11808665315624
2268,Delaware County,Pennsylvania,42045,80,147.18660314006254,1.176942849629377,145.6317728515847,147.19520684592374,148.61358414442026
2269,Elk County,Pennsylvania,42047,80,133.22388085382656,9.097498622258652,119.30821480833238,136.56430933737016,141.59709880050156
2270,Erie County,Pennsylvania,42049,80,146.13560942061432,1.5557513363208975,143.99608627462024,146.3247402554095,147.96405056552243
2271,Fayette County,Pennsylvania,42051,80,144.0873033242728,2.8142653702359937,140.11356134370655,144.7619789749233,146.93916099235628
2272,Forest County,Pennsylvania,42053,80,93.47364381340466,25.53862429103084,51.84910346246379,101.59627868625978,118.55403940563667
2273,Franklin County,Pennsylvania,42055,80,145.01917609328373,2.18932460901107,141.99703886829352,145.44261241128095,147.22386328282434
2274,Fulton County,Pennsylvania,42057,80,119.5442048167556,15.445390368371964,95.41046772624428,124.79722938235315,133.77771971322025
2275,Greene County,Pennsylvania,42059,80,135.30174365193747,8.043732654597328,124.02180190575662,138.15722139663214,142.25508943685332
2276,Huntingdon County,Pennsylvania,42061,80,137.00334747011516,7.282935022441463,125.96462166593352,139.39427563348022,143.51641864375338
2277,Indiana County,Pennsylvania,42063,80,142.32064062682517,3.9621872565231424,136.80739583458578,143.44557504101525,146.09000729267177
2278,Jefferson County,Pennsylvania,42065,80,137.12112367329303,7.1370771744955785,126.56896726763974,139.47730599244073,143.5342646306707
2279,Juniata County,Pennsylvania,42067,80,128.8652846397812,11.419806815732553,111.13129155495173,132.75629596268575,139.14614582176972
2280,Lackawanna County,Pennsylvania,42069,80,145.73267548109203,1.9787286345315176,142.98980804850413,146.1052950266818,147.83081260708047
2281,Lancaster County,Pennsylvania,42071,80,147.22853211918624,1.1689780047116312,145.7300595679598,147.27238120720017,148.6726191582531
2282,Lawrence County,Pennsylvania,42073,80,142.42163725593005,3.8174669572196764,136.5534569169692,143.53237953441936,146.03182119547256
2283,Lebanon County,Pennsylvania,42075,80,144.44443313261976,2.60590965284047,140.77173589836397,145.07565508391724,147.10688624136017
2284,Lehigh County,Pennsylvania,42077,80,146.74121062413406,1.3989120646956745,144.9936889560205,146.83642062311606,148.4625921263686
2285,Luzerne County,Pennsylvania,42079,80,146.5306864458897,1.5013051183247066,144.60354385065668,146.6568361619113,148.29186705074298
2286,Lycoming County,Pennsylvania,42081,80,143.6887637814708,2.985807891842972,139.4506302870001,144.468739407891,146.61941074221846
2287,McKean County,Pennsylvania,42083,80,136.2012000763216,7.513935507026193,125.47429926006646,138.7131377631032,142.75722628468327
2288,Mercer County,Pennsylvania,42085,80,143.44757957818422,3.189850871774622,138.99027303537014,144.31496727847184,146.50171114421272
2289,Mifflin County,Pennsylvania,42087,80,137.86157027182074,5.988254595983455,129.90206031254345,139.7611864690319,143.3975846051259
2290,Monroe County,Pennsylvania,42089,80,144.97880803771264,2.2881320692410956,141.85049874178097,145.47124564480907,147.41986626536678
2291,Montgomery County,Pennsylvania,42091,80,147.4577036334879,1.1021722659383777,146.07706562941462,147.4760945451277,148.88169487550925
2292,Montour County,Pennsylvania,42093,80,124.75262184655561,13.110836511198487,106.05020370934398,129.06653211777828,136.79913893701604
2293,Northampton County,Pennsylvania,42095,80,146.49321632040812,1.5181809781163011,144.44166788888086,146.71890728001932,148.19955566391062
2294,Northumberland County,Pennsylvania,42097,80,142.77866793500004,3.6284289670364918,137.64556510452266,143.84275294098325,146.2055053824493
2295,Perry County,Pennsylvania,42099,80,137.53878912107973,6.357207183702389,127.95001150455323,139.69993021863453,143.590624859141
2296,Philadelphia County,Pennsylvania,42101,80,147.75370780121693,1.0890711664216026,146.3156642249315,147.79173970059543,149.11107304537936
2297,Pike County,Pennsylvania,42103,80,140.1060696152778,5.094668760177665,132.59573659691503,141.57162154171348,144.8699783942344
2298,Potter County,Pennsylvania,42105,80,121.57165540355965,15.344700404552258,98.47625577583759,126.8860107588763,135.47236284584588
2299,Schuylkill County,Pennsylvania,42107,80,144.75126560930266,2.537457866790044,141.5768833298526,145.31440387934555,147.17657552496377
2300,Snyder County,Pennsylvania,42109,80,136.22881654253618,7.3217954099436495,126.0189967342812,138.4579447652307,142.88823871751933
2301,Somerset County,Pennsylvania,42111,80,141.38432750949917,4.465927832623558,135.00020264062664,142.94073311601102,145.34516311849632
2302,Sullivan County,Pennsylvania,42113,80,88.80321277303618,26.532570257387555,45.39179854788806,97.86514470067075,115.47752556993542
2303,Susquehanna County,Pennsylvania,42115,80,136.29794669869128,7.254504110341829,125.69003863994323,138.70982028927614,142.79241126492903
2304,Tioga County,Pennsylvania,42117,80,136.79828354498872,7.267171222081269,126.16153871179563,139.3383396055105,143.30299363967052
2305,Union County,Pennsylvania,42119,80,136.92640550661034,7.164293772018508,126.2231773097131,139.51920914362802,143.37755617305163
2306,Venango County,Pennsylvania,42121,80,138.7647223187847,5.988590492702937,129.76887161078537,140.8122192126756,144.1318699316569
2307,Warren County,Pennsylvania,42123,80,135.7720255734418,7.901811605631865,123.57647004376663,138.68300533153962,142.6997138047726
2308,Washington County,Pennsylvania,42125,80,145.64659346082826,1.9419968824935776,143.03687213640382,145.91699470570597,147.78029172521957
2309,Wayne County,Pennsylvania,42127,80,138.5186155599759,5.923662680883541,129.58644476499336,140.47955551145236,143.9014292746366
2310,Westmoreland County,Pennsylvania,42129,80,146.70707227908682,1.4276448564193844,144.9096559142823,146.7830725088653,148.4114134121155
2311,Wyoming County,Pennsylvania,42131,80,130.76497713632367,10.491436419196884,115.59941002171179,134.41954617626106,140.2205446756823
2312,York County,Pennsylvania,42133,80,146.99629327366873,1.2976709705090694,145.30921259226213,147.06415838192888,148.6070280509274
2313,Bristol County,Rhode Island,44001,80,139.32954749652973,5.6717948826635585,131.48171374387044,141.21900285934248,144.2519292268226
2314,Kent County,Rhode Island,44003,80,145.27005584370275,2.143984935371904,142.5272210725157,145.6629504699617,147.54940502307218
2315,Newport County,Rhode Island,44005,80,142.56853276492615,3.6222794539502816,136.9531121605538,143.5380099350526,146.0364056273786
2316,Providence County,Rhode Island,44007,80,147.29884742248518,1.1840380068262646,145.69828540525197,147.3221895656148,148.74652704616125
2317,Washington County,Rhode Island,44009,80,144.61128662925583,2.5478679277050515,141.22271452704197,145.1736518640946,147.11804984524477
2318,Abbeville County,South Carolina,45001,80,123.62794313305473,13.776303802484394,103.72018396097005,128.74778270871445,135.7874745355738
2319,Aiken County,South Carolina,45003,80,144.1138614310103,2.7966423406627583,140.10564306701733,144.8417680415285,146.88250352819023
2320,Allendale County,South Carolina,45005,80,86.4168892337507,26.874857842130456,43.89174967410493,94.57714763850714,112.5974618968209
2321,Anderson County,South Carolina,45007,80,144.84722723536507,2.303733170072332,141.56855683206,145.35121675150282,147.14355809619164
2322,Bamberg County,South Carolina,45009,80,106.57357531427299,21.31505753836908,73.2535856877099,114.31359337722273,126.82222646503367
2323,Barnwell County,South Carolina,45011,80,119.4820645620988,15.58360194294406,94.9060823792421,125.04449766553732,134.21108508548252
2324,Beaufort County,South Carolina,45013,80,144.47572532755754,2.5374933232587153,140.91808518704497,145.08485225427359,147.0368835039384
2325,Berkeley County,South Carolina,45015,80,145.1384855269455,2.138002934483541,141.9913304175473,145.56327545329418,147.42324434858045
2326,Calhoun County,South Carolina,45017,80,108.70380819848177,19.96147227141115,75.54881699155807,115.70936152015145,127.72371356446403
2327,Charleston County,South Carolina,45019,80,146.46406725487358,1.4855510924970758,144.5418178118544,146.58049011337278,148.28612961822049
2328,Cherokee County,South Carolina,45021,80,136.0017803703301,7.604216176744137,124.3980599246332,138.7065808836557,142.76574827102604
2329,Chester County,South Carolina,45023,80,128.95246045046787,10.744510667381794,113.31093165330392,132.56780987103414,138.80141207025125
2330,Chesterfield County,South Carolina,45025,80,133.45297446067588,8.612110286981476,121.3780921224329,136.3317715244017,141.35114400773773
2331,Clarendon County,South Carolina,45027,80,127.98395844644045,11.757505583903935,109.93433204757606,132.3048714745005,138.68694001494927
2332,Colleton County,South Carolina,45029,80,131.65470352301008,9.983698434448893,116.40290249108645,135.41881121643414,140.36288969941634
2333,Darlington County,South Carolina,45031,80,137.40210956789076,6.7954324765890926,127.09432481920167,139.84516856564525,143.4631350798931
2334,Dillon County,South Carolina,45033,80,126.5919692097445,12.22704897914055,108.2713575185777,131.18169993822818,137.69412106637276
2335,Dorchester County,South Carolina,45035,80,143.83611639953972,2.910826323323437,139.93259602049235,144.66633383247117,146.70049970660435
2336,Edgefield County,South Carolina,45037,80,125.77066940351,12.42712711210325,106.91122489482612,130.36184636660823,136.92313550628643
2337,Fairfield County,South Carolina,45039,80,119.35187343048312,15.799077683912316,93.69404792528255,124.89178553324955,133.72272237161636
2338,Florence County,South Carolina,45041,80,143.24362333361728,3.2262412792187956,138.40373874447909,144.14489030542074,146.35553905977395
2339,Georgetown County,South Carolina,45043,80,137.52722505721573,6.579380665294576,127.51320548440358,139.8720062966383,143.3868176690474
2340,Greenville County,South Carolina,45045,80,146.7832935878959,1.3192327091724658,144.98716467152568,146.8379072910543,148.35180973325558
2341,Greenwood County,South Carolina,45047,80,138.50471143997578,6.075984197260132,128.8573438467566,140.585829672481,143.93915691105934
2342,Hampton County,South Carolina,45049,80,116.66438653472485,16.699581628282008,91.15211664263826,122.2228451815408,131.98679417642924
2343,Horry County,South Carolina,45051,80,146.28820938809292,1.5129050887790203,144.3023992054497,146.49890598903505,147.9801767664448
2344,Jasper County,South Carolina,45053,80,128.46202679229012,11.487628466268797,111.61804327936639,132.6808315038528,138.85473436679214
2345,Kershaw County,South Carolina,45055,80,138.2962455738121,6.1786984062091195,128.91984814134852,140.47390664646724,143.85642293674013
2346,Lancaster County,South Carolina,45057,80,141.31210575403995,4.466693272657952,134.53285607953828,142.7295817983424,145.40769845737128
2347,Laurens County,South Carolina,45059,80,138.62993558824684,6.01475332041085,129.3162709972449,140.72656372305607,143.93730573216715
2348,Lee County,South Carolina,45061,80,113.17647610867519,17.812178005664453,85.10919914690835,119.02430120375118,130.17658515636683
2349,Lexington County,South Carolina,45063,80,145.7942782605642,1.815346551419058,143.3476553557968,146.09505858119104,147.76877514314222
2350,McCormick County,South Carolina,45065,80,95.51827577356636,24.769431427576805,53.818414069057376,103.85462082936232,119.39722706490942
2351,Marion County,South Carolina,45067,80,126.04775421200875,12.706706999590505,106.20624919851468,130.66732224842184,137.47033064945842
2352,Marlboro County,South Carolina,45069,80,124.43811453673564,13.559483139984719,103.75709199284113,129.43317279180724,136.7626647669473
2353,Newberry County,South Carolina,45071,80,131.60982304541767,10.03464404676067,115.73234248576803,135.4482997497203,140.01758760718505
2354,Oconee County,South Carolina,45073,80,139.9726432199616,5.075229592357377,132.83857000002862,141.5997437054536,144.47646413094552
2355,Orangeburg County,South Carolina,45075,80,140.16908484298915,5.093442418769484,132.79244174063396,141.6976810898364,144.69163739535426
2356,Pickens County,South Carolina,45077,80,142.9925787012594,3.2351374526157453,138.35130550533142,143.8423548199047,146.19434318662195
2357,Richland County,South Carolina,45079,80,146.4127107626511,1.5426906539089291,144.2912656182363,146.59652139976083,148.2123585537323
2358,Saluda County,South Carolina,45081,80,116.85477486086596,16.897217055106395,89.33947958254353,122.99455074055496,132.4511966718853
2359,Spartanburg County,South Carolina,45083,80,146.16391076801852,1.6056451815343773,144.0346830058525,146.36214565360152,147.93481771433596
2360,Sumter County,South Carolina,45085,80,141.78787258041498,3.994901524863974,136.01199898443,143.02264258629728,145.54821225732996
2361,Union County,South Carolina,45087,80,125.84992611564164,13.02813829012306,106.8565257787286,130.2865218062973,137.30194109063154
2362,Williamsburg County,South Carolina,45089,80,127.30629834603961,12.007513226423574,109.42776641829008,131.4301157575907,137.97480986274198
2363,York County,South Carolina,45091,80,145.72920295209403,1.8481548988497027,143.22876602825136,146.0300460202838,147.69350869472558
2364,Aurora County,South Dakota,46003,80,56.85955822295561,30.83276483425463,7.838669797692802,63.74767110935794,92.52875531905372
2365,Beadle County,South Dakota,46005,80,126.96761576149255,12.57955197273185,108.77372612490412,131.46566563214927,138.28781034043988
2366,Bennett County,South Dakota,46007,80,66.01594639062306,30.97951687529877,18.220016810557777,73.66857873060671,99.33119389279454
2367,Bon Homme County,South Dakota,46009,80,101.24027178062879,23.648565055632545,65.3213697523184,109.5364445521717,124.04067365097609
2368,Brookings County,South Dakota,46011,80,136.20646896663135,7.686361116266172,124.56329902013215,138.90951579922177,142.841406840043
2369,Brown County,South Dakota,46013,80,136.92780139393096,7.022238733899427,126.70558635250397,139.14846428145069,143.43481306318682
2370,Brule County,South Dakota,46015,80,88.79969376503509,26.428642289926977,47.97057747880188,97.37324155885875,115.60240488978091
2371,Buffalo County,South Dakota,46017,80,38.38878854002894,32.7941816592786,-11.277005718834909,46.84489606556776,76.38173070832993
2372,Butte County,South Dakota,46019,80,114.01513073565144,18.15842087278293,86.88491662119178,120.09549119559915,131.09072469694078
2373,Campbell County,South Dakota,46021,80,17.01817409913924,33.019388133155154,-35.43248459843996,24.343796585120366,56.751246983949464
2374,Charles Mix County,South Dakota,46023,80,108.94362483248656,20.02921650963409,78.49003872603963,115.15285434905434,129.1314424638616
2375,Clark County,South Dakota,46025,80,74.76962373402253,29.481063648710712,29.427068721618976,81.56340301137922,107.74885675762555
2376,Clay County,South Dakota,46027,80,122.03714057668869,14.453943120282041,99.46220858604718,127.0588889293714,135.58067150787784
2377,Codington County,South Dakota,46029,80,133.3683225503834,8.948226986998627,119.93664999423125,136.29835531318525,141.48366037149842
2378,Corson County,South Dakota,46031,80,76.83964126542455,30.119373265679044,30.267580817990055,85.75575003789695,108.2429343054027
2379,Custer County,South Dakota,46033,80,108.04381319343376,21.370280326037545,76.00012538692395,115.14357615884255,128.38512729719088
2380,Davison County,South Dakota,46035,80,127.67548920439937,12.488860331654756,110.0741510243149,132.10410221114114,138.78880362065792
2381,Day County,South Dakota,46037,80,91.45365658739128,25.097966525164235,53.4624446513415,98.19742587324012,117.92972758823124
2382,Deuel County,South Dakota,46039,80,79.29773652441808,29.8529638091792,33.02240245128435,87.45976808024295,110.77554777515765
2383,Dewey County,South Dakota,46041,80,86.5783818744647,27.066861246332476,45.19804769019878,94.80151816627975,115.235693869861
2384,Douglas County,South Dakota,46043,80,58.87306832817941,31.676876616489444,5.198554433966532,66.31688229773732,93.40335126463366
2385,Edmunds County,South Dakota,46045,80,75.34580279982652,30.530739427869964,28.375417841188085,83.54561819869139,108.07462647254809
2386,Fall River County,South Dakota,46047,80,101.2632109287486,23.259311449606624,65.50137343730425,108.94118996383258,124.12671720770722
2387,Faulk County,South Dakota,46049,80,43.715584420834304,33.38221616516967,-6.1291804524324975,51.570199647353405,81.85458717417562
2388,Grant County,South Dakota,46051,80,101.24346220174921,23.563238666374183,63.843621299292906,109.75688417226839,124.38534484449181
2389,Gregory County,South Dakota,46053,80,75.3203015605854,30.76818467519016,28.205388991318525,83.4606100056239,108.79775842887257
2390,Haakon County,South Dakota,46055,80,34.44274233779103,33.11448258429536,-12.971921825477116,40.536489038134334,74.03532975817843
2391,Hamlin County,South Dakota,46057,80,96.40160107637945,23.90688427537308,59.66160554761124,104.23122009441853,120.25638745850819
2392,Hand County,South Dakota,46059,80,64.74791203360402,31.14163468741008,13.726374499402464,71.23377306209778,99.29610081316746
2393,Hanson County,South Dakota,46061,80,69.70272696196764,31.879328980769746,17.04207123136688,78.84866105548494,103.84435015666477
2394,Harding County,South Dakota,46063,80,17.71720325929899,31.660535733610477,-28.7236322125491,23.246577783162294,55.65943436283203
2395,Hughes County,South Dakota,46065,80,125.17157075510605,13.395781952244354,105.27901157955296,130.1329996237023,137.39554120008995
2396,Hutchinson County,South Dakota,46067,80,101.50322280690295,22.670276249483337,66.28441918787878,108.70522366055991,124.18129806347598
2397,Hyde County,South Dakota,46069,80,9.199464347900127,32.723055799445966,-41.743477566138445,14.81862219332125,47.095003955058196
2398,Jackson County,South Dakota,46071,80,59.26149621237932,30.661626380742334,8.774610597151034,66.90489428890831,93.84933674356975
2399,Jerauld County,South Dakota,46073,80,29.676259970213334,32.53794469975518,-16.536148242376374,35.66761474262768,65.00859922131653
2400,Jones County,South Dakota,46075,80,-7.489945281158581,32.04069048771212,-57.11165471313181,-3.396331335651155,34.11997488037025
2401,Kingsbury County,South Dakota,46077,80,89.5653517881954,24.998457315849787,49.871099705403424,96.63002561777141,115.0610895852505
2402,Lake County,South Dakota,46079,80,114.49019843233718,18.049627558689583,87.2731783801878,120.2177418162313,131.64312583451422
2403,Lawrence County,South Dakota,46081,80,132.4680485523194,9.976353701682045,117.5438201320657,136.02974200859612,141.1047114769717
2404,Lincoln County,South Dakota,46083,80,141.80177441974686,4.2333321286328545,135.43363526943818,143.1897607721706,145.71372943512665
2405,Lyman County,South Dakota,46085,80,72.89041690258483,30.587271088319035,26.974977072881526,82.25786505063063,105.51044485177528
2406,McCook County,South Dakota,46087,80,92.03547592558185,25.131793251497115,54.3882727945798,99.37983961995992,118.11260680675984
2407,McPherson County,South Dakota,46089,80,50.20916981002339,32.496384219923854,-2.718166653758062,59.6327247140628,86.74327974832167
2408,Marshall County,South Dakota,46091,80,79.88885762549424,29.343209083356385,33.32496530600113,89.36558616899124,109.61500661677783
2409,Meade County,South Dakota,46093,80,134.16246836021475,8.789722216870336,120.79952526392688,137.2765187537066,142.0157414159759
2410,Mellette County,South Dakota,46095,80,37.285348398655344,33.48654947869997,-13.810928038776279,46.52890595782435,75.7194749243054
2411,Miner County,South Dakota,46097,80,48.407040540878796,32.08348233393738,-4.022123954059077,58.33638688240615,83.2273763494792
2412,Minnehaha County,South Dakota,46099,80,145.81493656614313,1.7845124047203287,143.3937663781688,146.0586513219564,147.81182179909615
2413,Moody County,South Dakota,46101,80,93.94635029886514,25.174915846620987,54.95822338769447,101.34261742486876,119.93604058338552
2414,Oglala Lakota County,South Dakota,46102,80,120.7427722182908,15.338701221105215,97.49280093142039,126.17399169990969,135.065328098933
2415,Pennington County,South Dakota,46103,80,144.15220037774515,2.86784120438525,140.12845698238652,144.8268511296145,147.10007404401352
2416,Perkins County,South Dakota,46105,80,57.35776001634325,31.123814499253623,6.592221342603221,64.30372711986989,94.0750963979825
2417,Potter County,South Dakota,46107,80,50.85056479692376,31.367024134585762,1.839757734026674,57.86479823178338,87.71133819320791
2418,Roberts County,South Dakota,46109,80,112.19424580776567,18.70566369557053,82.21059939682065,118.88539425294476,130.46217630293677
2419,Sanborn County,South Dakota,46111,80,49.78218380780042,32.93615681387767,-1.601457136994296,57.818837521469675,87.75803327997167
2420,Spink County,South Dakota,46115,80,94.77572763556391,25.29908468713433,55.06204350015659,103.39101144951445,120.17429575742963
2421,Stanley County,South Dakota,46117,80,61.04575369877908,32.35047110054521,9.910346968906026,65.96568494937893,97.867386576147
2422,Sully County,South Dakota,46119,80,24.009470054794015,33.56616695038508,-26.251770633158042,29.813776201610608,63.80145245270882
2423,Todd County,South Dakota,46121,80,109.03871522379319,20.566699264437744,77.60236073532137,115.22033850516858,128.82284066229124
2424,Tripp County,South Dakota,46123,80,90.56945490378884,26.216363823445075,50.2709769441377,98.45451071784149,117.73717968881328
2425,Turner County,South Dakota,46125,80,107.88561256435078,20.919115266522134,77.56099841764383,114.08463845205327,128.13410833325096
2426,Union County,South Dakota,46127,80,124.89414573367787,13.615039324616259,103.58053959344133,129.96491882310028,137.39641729674295
2427,Walworth County,South Dakota,46129,80,88.34017671854049,25.95962918971006,49.46221555214587,96.04739131286627,114.0150542801334
2428,Yankton County,South Dakota,46135,80,129.98242748436473,11.523534280471901,112.24672999274459,134.57534908719612,140.11405713255627
2429,Ziebach County,South Dakota,46137,80,49.070405494995825,32.405993769617304,-3.4149954999963787,57.102633891591395,86.11470598135463
2430,Anderson County,Tennessee,47001,80,139.54875906977017,5.228985089880006,131.93377645592517,141.2584518755047,144.54585802262088
2431,Bedford County,Tennessee,47003,80,135.153412381334,8.059072547108663,123.00164686341462,138.12426909158114,142.37728174417262
2432,Benton County,Tennessee,47005,80,112.21322522586195,19.038355836266252,82.85506637228809,118.10683644692716,130.5017933437999
2433,Bledsoe County,Tennessee,47007,80,109.88046562067954,19.818951947426193,81.06414883323953,116.41741946335236,128.6901655949456
2434,Blount County,Tennessee,47009,80,143.32105589760772,3.193546303183901,139.20931284859248,144.1622169143707,146.44341809880441
2435,Bradley County,Tennessee,47011,80,142.03272822486508,3.9938066584808136,136.2724648190756,143.264543627234,145.69568213315875
2436,Campbell County,Tennessee,47013,80,132.44658300851134,9.429117482646205,117.93130956243655,135.7001484044071,140.89038378012785
2437,Cannon County,Tennessee,47015,80,109.46641563092022,19.28971018804007,78.71646005922915,115.88444489168229,128.4096772981412
2438,Carroll County,Tennessee,47017,80,126.88075728016291,12.18881091811099,108.76768624081318,131.15439797293726,137.41526642480275
2439,Carter County,Tennessee,47019,80,136.56486193731146,6.890501655842127,126.17014749449389,138.89856090571897,142.84060032961946
2440,Cheatham County,Tennessee,47021,80,132.57764646697322,9.483293630098268,117.73788983193356,135.87430239123483,140.9661763854624
2441,Chester County,Tennessee,47023,80,115.1659215633508,17.664968479932966,87.84256683604953,121.47159123447202,131.76715536692663
2442,Claiborne County,Tennessee,47025,80,129.4070070781534,10.866742182693704,111.83657423562889,133.36783545925186,138.85848080837724
2443,Clay County,Tennessee,47027,80,86.49380395013912,27.420429210003654,43.9138212740326,95.10546294071565,113.17025790426774
2444,Cocke County,Tennessee,47029,80,130.82934899064682,10.126160625635269,115.90009595875193,134.3798656259461,140.14721885869386
2445,Coffee County,Tennessee,47031,80,137.0558132106286,6.922590324448087,127.17179603371063,139.27739973005615,143.2842918291836
2446,Crockett County,Tennessee,47033,80,109.52687572134133,19.660816477882484,80.05098192393922,116.07962845942671,127.75687156420514
2447,Cumberland County,Tennessee,47035,80,137.84393357787113,6.473997658668094,128.28601102808236,140.2022825069913,143.61070427944443
2448,Davidson County,Tennessee,47037,80,147.0478226313076,1.220307669553016,145.5167557702382,147.05366516186677,148.57054117471463
2449,Decatur County,Tennessee,47039,80,102.82348860812193,22.560468006780024,66.76755901602529,110.09222872567733,124.2957883893591
2450,DeKalb County,Tennessee,47041,80,119.42756291642931,15.719078903209668,94.30206997498293,124.73542069492431,133.93209419735913
2451,Dickson County,Tennessee,47043,80,136.22039022599606,7.260083426436664,125.77394823275291,138.71860257511486,142.78040731025652
2452,Dyer County,Tennessee,47045,80,130.85247957351166,10.347135694953394,114.86177274370421,134.68103793229082,139.79361721216253
2453,Fayette County,Tennessee,47047,80,132.98742314920074,9.287096192841801,117.61982316525945,136.0736803379313,141.06102121120986
2454,Fentress County,Tennessee,47049,80,118.36555574071754,16.080340720591717,93.3692546316963,123.78350377257757,132.96072936573051
2455,Franklin County,Tennessee,47051,80,133.34648233035057,8.867927380662442,119.91663724986967,136.47657919587232,141.40109439164408
2456,Gibson County,Tennessee,47053,80,134.99851379428992,8.136342854605266,122.22052388923767,137.82306184230498,142.31668342294424
2457,Giles County,Tennessee,47055,80,127.81338439936918,11.80039417465919,109.53600442600161,132.05480118733908,138.5167838482379
2458,Grainger County,Tennessee,47057,80,122.77681941814718,14.238654296313864,102.60327129488373,127.609370261703,135.94658938168328
2459,Greene County,Tennessee,47059,80,138.55523554636005,6.040413713169243,130.3008425494556,140.56160097316487,143.97028060644718
2460,Grundy County,Tennessee,47061,80,109.13849421345586,19.290325593564813,78.5483504321238,115.7974467603917,127.84762518319911
2461,Hamblen County,Tennessee,47063,80,138.31832317397632,5.9960344976880595,129.9444608917758,140.57974136052593,143.53928036298277
2462,Hamilton County,Tennessee,47065,80,146.28878851479507,1.6566156726874053,143.97694886332002,146.53934145588923,148.1673114096537
2463,Hancock County,Tennessee,47067,80,82.1628182089131,26.350883144958235,39.08283642796601,89.47978281589482,109.18178009475193
2464,Hardeman County,Tennessee,47069,80,124.15647925748524,13.377836265919019,104.37947073207224,129.00612569217424,136.3718599395454
2465,Hardin County,Tennessee,47071,80,125.5972908584742,12.699976884552205,105.81600256512772,129.99796121932607,137.1980384814985
2466,Hawkins County,Tennessee,47073,80,137.29759021549788,6.654282324688964,127.39330758549406,139.58687661008958,143.16859187191352
2467,Haywood County,Tennessee,47075,80,115.47619682979773,16.471136749513786,90.2033067432518,120.59417268745598,131.65175431198918
2468,Henderson County,Tennessee,47077,80,126.57658851422703,12.297170497929073,108.38378710232422,131.34461466473294,137.44574296050425
2469,Henry County,Tennessee,47079,80,128.62422350915534,11.612626198522019,110.68612841920394,132.59618640397008,139.16279655863596
2470,Hickman County,Tennessee,47081,80,124.69814174760823,12.698958952581878,106.24270308521625,128.96725762655277,136.35986910180355
2471,Houston County,Tennessee,47083,80,88.70548916919137,26.92738195933417,46.96179589807575,97.54240000372336,114.72085751642518
2472,Humphreys County,Tennessee,47085,80,117.67385663598756,16.242479843577325,93.0129605760092,123.5934480138391,132.85928323203072
2473,Jackson County,Tennessee,47087,80,102.08077619538348,23.274255869474086,66.21150648544786,110.66628763366998,124.43173557761445
2474,Jefferson County,Tennessee,47089,80,136.5920820259041,7.148973258605554,126.0813045546617,138.877668782164,143.0029611340972
2475,Johnson County,Tennessee,47091,80,116.43642811528791,17.081859419437155,89.69516384399593,121.97945931122268,132.50995743174013
2476,Knox County,Tennessee,47093,80,146.65422276102873,1.3628037209373838,144.9858203262048,146.77484786367523,148.37972546136876
2477,Lake County,Tennessee,47095,80,81.2124094375899,27.641581626214677,38.34614050362968,89.45130532523983,109.50278372717955
2478,Lauderdale County,Tennessee,47097,80,123.6903473254265,13.68523091717965,103.37324077846793,128.59337000583224,136.17052337579568
2479,Lawrence County,Tennessee,47099,80,134.3118774747626,8.243582400147064,122.33937291326829,137.0189854399819,141.54989936679632
2480,Lewis County,Tennessee,47101,80,107.37059596408731,20.060489525124886,75.08418657543561,114.19105586001172,126.42297927538922
2481,Lincoln County,Tennessee,47103,80,130.48609153470244,10.131600908186726,115.68231862111676,133.8568461131178,139.69996364864804
2482,Loudon County,Tennessee,47105,80,136.88410659937549,7.004176698300129,126.83200216861101,139.39623147651213,143.00370567779345
2483,McMinn County,Tennessee,47107,80,136.64810531953816,6.879249924217376,126.3409845769683,139.04878507261222,142.85321819930377
2484,McNairy County,Tennessee,47109,80,125.1576461394378,12.944273330113647,105.31358537257358,129.51495627857577,136.92307352625633
2485,Macon County,Tennessee,47111,80,125.2512804680751,12.99379450216512,105.19894819705115,130.30377459534213,136.6069549714374
2486,Madison County,Tennessee,47113,80,141.10663146639592,4.5977365861328074,134.5622711319235,142.57631586106345,145.33798788918196
2487,Marion County,Tennessee,47115,80,127.23382903470157,11.319663981491235,111.13122902410318,131.16555426323106,137.62303205616556
2488,Marshall County,Tennessee,47117,80,130.4039088628038,10.437444936963654,114.02225775870637,133.99726478936878,139.92127554609402
2489,Maury County,Tennessee,47119,80,141.7922681350342,4.118159456086088,135.94780327866576,142.95674697845973,145.77467133860543
2490,Meigs County,Tennessee,47121,80,107.64193057320122,20.217671434531105,77.09168366378009,114.88139943680434,126.81686616878883
2491,Monroe County,Tennessee,47123,80,134.3799770479936,8.55387967663476,121.70255707602432,137.55713296350774,141.89330223145794
2492,Montgomery County,Tennessee,47125,80,145.1009356275198,2.245078396580425,141.98049738036482,145.63609451007642,147.4681070216863
2493,Moore County,Tennessee,47127,80,80.02327635125364,27.867068450410684,34.64507438272905,88.5914019875211,108.43052257399295
2494,Morgan County,Tennessee,47129,80,119.74974873543209,15.452490647808942,97.26832289798342,125.51303998024173,134.1378351867095
2495,Obion County,Tennessee,47131,80,127.82570213917533,12.125892490466153,109.00112594344122,132.24471859243533,138.5919361434253
2496,Overton County,Tennessee,47133,80,122.12235021509102,14.854049945847006,99.33795561809295,127.48515119193873,135.37690700381762
2497,Perry County,Tennessee,47135,80,91.88109156022645,25.966218991577303,51.41450034876564,100.51608735100135,116.9885927615218
2498,Pickett County,Tennessee,47137,80,66.51592366430495,31.18729138498744,15.215452391853379,74.59479886763722,100.49351965882842
2499,Polk County,Tennessee,47139,80,116.68750939788734,15.925948666283276,90.94822155948634,122.15307990098545,131.5205188262249
2500,Putnam County,Tennessee,47141,80,140.03110494620506,5.0894661607096445,132.5982089651821,141.7008020558282,144.5736720414843
2501,Rhea County,Tennessee,47143,80,129.44264062349637,11.175072475086921,112.6437166326236,133.60358078167275,139.26851651066778
2502,Roane County,Tennessee,47145,80,136.8848062817411,6.8802852721643895,126.0552958267353,139.31492332441823,142.99758242183228
2503,Robertson County,Tennessee,47147,80,139.16136005824427,5.590038472110639,130.7483779272103,141.01561055455903,144.2720260709092
2504,Rutherford County,Tennessee,47149,80,146.13800384000282,1.642921975308328,143.950326521204,146.3358089921117,148.06308422917726
2505,Scott County,Tennessee,47151,80,121.10352341518417,15.333450012712474,96.65097687345342,126.73803308992665,134.8635967509367
2506,Sequatchie County,Tennessee,47153,80,114.29832809148816,18.677404390946382,85.0695414068657,121.63064690275525,131.40139766860935
2507,Sevier County,Tennessee,47155,80,141.40505762943707,4.330692184569137,134.75836920698214,142.7405069473947,145.3030773880244
2508,Shelby County,Tennessee,47157,80,147.29886009235267,1.2017212276154379,145.77104913197022,147.32762231131,148.8674934213414
2509,Smith County,Tennessee,47159,80,119.71554603361744,15.553039610673626,96.80609319425743,125.45685906592284,133.81293136792425
2510,Stewart County,Tennessee,47161,80,109.80108279786265,19.562110492412295,80.25463679222544,116.17268030857647,128.24481920379807
2511,Sullivan County,Tennessee,47163,80,143.97973012893056,2.9113121073279107,139.91894594220588,144.75791757344547,146.76390459301376
2512,Sumner County,Tennessee,47165,80,144.56594206042837,2.4737411261014834,140.8648617251706,145.21012656372022,147.10280663505873
2513,Tipton County,Tennessee,47167,80,137.14793043295165,6.867325056607024,126.44968715752765,139.63247281851602,143.29649942411135
2514,Trousdale County,Tennessee,47169,80,104.1300184567937,21.751268158237295,68.62681818471349,111.04811029954773,124.72368575146062
2515,Unicoi County,Tennessee,47171,80,116.2868999909001,16.75522136796794,90.09147171246487,121.8532193424391,131.66585785324972
2516,Union County,Tennessee,47173,80,120.55030234182112,15.071596108248727,99.037751607616,125.80820874749543,133.86216350815462
2517,Van Buren County,Tennessee,47175,80,81.01370168326812,26.66767239114171,40.427268475120414,89.64781838070635,107.58672128058757
2518,Warren County,Tennessee,47177,80,133.41082440490214,8.604923989602636,120.49811557962505,136.63363794077634,141.15370563946
2519,Washington County,Tennessee,47179,80,143.13774846619677,3.2363386018193636,138.35677005861538,144.0201538985239,146.21258359840593
2520,Wayne County,Tennessee,47181,80,113.2998773122283,18.973801290109126,82.67829427837545,119.91004859183087,130.7969617815273
2521,Weakley County,Tennessee,47183,80,129.1155629832483,11.023122752808947,112.73648315218885,132.74411789592813,139.19438527465016
2522,White County,Tennessee,47185,80,126.29653172154137,12.216438522084715,107.58954018380022,130.33690442667677,137.57074195549828
2523,Williamson County,Tennessee,47187,80,145.35970381148414,2.0528664012413103,142.5557968183734,145.75342610959592,147.62622797010727
2524,Wilson County,Tennessee,47189,80,143.56165701327507,3.060187569453269,138.82758281204818,144.43405977322234,146.52882810460557
2525,Anderson County,Texas,48001,80,136.61165716490717,7.00451405534915,127.0355053190839,139.25623399168302,142.817710768812
2526,Andrews County,Texas,48003,80,116.26089630681089,17.214276975779924,88.8680452135574,122.68253182883612,131.8655029833758
2527,Angelina County,Texas,48005,80,140.57116687620862,5.0058263185107545,132.77977297281396,142.2177295276555,145.10665053644618
2528,Aransas County,Texas,48007,80,123.85005873568888,13.412555250819073,104.14227828438078,128.52127937801635,136.05090108602775
2529,Archer County,Texas,48009,80,90.94115041512825,25.892128068665958,50.115107387981446,99.57422162004639,116.79385970858003
2530,Armstrong County,Texas,48011,80,9.737535764472813,30.841988864191173,-32.78271206704619,13.92084600605931,48.3482223348933
2531,Atascosa County,Texas,48013,80,135.3008757577529,7.651233591560646,123.29602464960574,137.89662369877536,142.17868173946968
2532,Austin County,Texas,48015,80,127.65026135497172,11.90725797027732,109.60129253912702,131.82238772454605,138.45332469073352
2533,Bailey County,Texas,48017,80,81.30792424542533,27.783921069615058,34.62140236031201,90.29296741758424,109.07351812870579
2534,Bandera County,Texas,48019,80,121.29332780619012,14.52827462029349,99.72219105792668,126.19741519114851,134.68210906222916
2535,Bastrop County,Texas,48021,80,141.8231873087285,4.1757837741474235,135.70061271047933,143.0324086451846,145.6122530507898
2536,Baylor County,Texas,48023,80,47.82918413915324,33.311404740688715,-1.8244992272873162,59.77225836267125,83.85765853972524
2537,Bee County,Texas,48025,80,127.81462875946063,11.844084520343335,109.27490059575757,132.07797161060216,138.43415478513305
2538,Bell County,Texas,48027,80,146.26347069768957,1.560768418098136,144.06250815999448,146.45712476530207,148.0214715301159
2539,Bexar County,Texas,48029,80,147.68395694485562,1.103587691993139,146.24832256273044,147.70113365892664,149.13010188190898
2540,Blanco County,Texas,48031,80,104.64831319465593,21.278940403453895,72.03409412479479,110.93340363269547,125.18738393791787
2541,Borden County,Texas,48033,80,,,,,
2542,Bosque County,Texas,48035,80,116.88510812461377,16.090645556440546,91.5504343054034,121.98060061858459,131.99700753941465
2543,Bowie County,Texas,48037,80,140.9073464046277,4.759488515666771,133.94118223062358,142.45852861398112,145.09683180418324
2544,Brazoria County,Texas,48039,80,146.26934491861124,1.5574670198325435,144.0998563702139,146.45697235889645,148.0685255824506
2545,Brazos County,Texas,48041,80,145.19477464087356,2.121831467565842,142.3347719115595,145.5826647971391,147.45252417325864
2546,Brewster County,Texas,48043,80,94.35216558044368,23.64248423087502,58.378776471418064,101.22078400386721,118.05270502218254
2547,Briscoe County,Texas,48045,80,-4.162570195279274,29.795168724560238,-48.832448576986,1.9310194876102318,31.266613279726005
2548,Brooks County,Texas,48047,80,81.76332572143554,27.303618486737015,40.62407708499317,90.17093028324209,110.06912329222067
2549,Brown County,Texas,48049,80,131.6607670416663,9.909735536535864,116.91528309887954,135.46799716292443,140.31901570224363
2550,Burleson County,Texas,48051,80,117.35071635232485,16.699026929800493,90.13252120204898,123.33485070502704,132.84135686301937
2551,Burnet County,Texas,48053,80,135.46967751507947,7.42825456334173,123.94582546242977,138.13062114025382,142.2570215744212
2552,Caldwell County,Texas,48055,80,134.98352739974484,7.9536600020461075,123.37468800007045,137.92053008777316,141.90923171471428
2553,Calhoun County,Texas,48057,80,119.21968453409814,16.13357224354626,93.23883145726397,124.96062511963483,133.25437643511214
2554,Callahan County,Texas,48059,80,109.89509430993597,18.332706017057394,82.56015537120203,115.69702386735511,127.76093643915404
2555,Cameron County,Texas,48061,80,146.50539731066362,1.473382523086471,144.54200960281804,146.66807679196114,148.24473765847824
2556,Camp County,Texas,48063,80,105.36251426542061,20.226678307147836,73.4918445233011,111.95142693278231,125.20983880744483
2557,Carson County,Texas,48065,80,73.30750033717679,29.354933624647355,24.683820818320445,82.38060906544125,103.26646802145014
2558,Cass County,Texas,48067,80,126.6069780878108,11.96377081534841,109.05187238664304,130.78618404363803,137.62203211115812
2559,Castro County,Texas,48069,80,84.34517934516339,27.09492574922652,43.48390060441719,92.73767067931468,111.01348166237953
2560,Chambers County,Texas,48071,80,135.05025062740606,8.02637127376468,122.1835124919923,137.97986102333434,142.09637710972078
2561,Cherokee County,Texas,48073,80,135.29642722484706,8.07024845207134,122.80410729867924,138.55886024370164,142.20261717060254
2562,Childress County,Texas,48075,80,80.41640661021174,28.507047542562578,35.300885645363614,88.9320482396937,109.89531457304507
2563,Clay County,Texas,48077,80,99.80207909670321,22.109882468545504,65.73183483775624,107.33957826637663,121.4967295451184
2564,Cochran County,Texas,48079,80,29.10755974959056,33.26109246641273,-24.551487205890346,35.992910365124445,67.96878068525835
2565,Coke County,Texas,48081,80,43.30191153084645,33.45125708148376,-11.203754820754645,50.97535118359481,79.32559577765645
2566,Coleman County,Texas,48083,80,87.44504574743029,26.646782666127518,46.126632188256714,95.46578772987527,113.76272709199368
2567,Collin County,Texas,48085,80,147.56662712761735,1.1351575927267876,146.13455296727844,147.51753843611084,149.05330718526983
2568,Collingsworth County,Texas,48087,80,30.3694012101743,32.0401215173393,-20.993394141108467,37.65842945655721,67.17141207991834
2569,Colorado County,Texas,48089,80,119.68378950713117,15.15701819869073,94.7887183358434,124.97638715828296,133.57413416145272
2570,Comal County,Texas,48091,80,144.36371289313294,2.5197354535754024,140.8279956563266,144.91161804757763,147.02200674334748
2571,Comanche County,Texas,48093,80,108.05623257407953,19.99951794959979,76.25768157929133,115.36789440282865,126.94134214426738
2572,Concho County,Texas,48095,80,45.92948863915103,32.236023252270634,-4.310795425947882,54.283146812844535,80.30270585451223
2573,Cooke County,Texas,48097,80,133.1758250390127,9.08005706470911,119.26739654270948,136.21832055319527,141.28361034979392
2574,Coryell County,Texas,48099,80,140.09517773232196,5.060964617472308,132.39916614570922,141.86423006168297,144.6841312146205
2575,Cottle County,Texas,48101,80,-7.414974003530235,28.451657123299057,-51.964353967846016,-0.258446116441778,26.029538295641824
2576,Crane County,Texas,48103,80,59.41865711112545,32.03008147480195,10.305926891119599,67.94342378249297,93.61657138072783
2577,Crockett County,Texas,48105,80,39.21934516033741,32.29850728945785,-14.431263372726084,46.15998284775519,75.94980817304229
2578,Crosby County,Texas,48107,80,66.97856179468063,29.703649852409203,21.127842168614553,74.33608687524932,99.34350351861211
2579,Culberson County,Texas,48109,80,20.912373602909547,31.77199533947191,-29.68798939467975,28.257392739857845,56.59130661789003
2580,Dallam County,Texas,48111,80,82.69503739178093,28.327751848455055,37.986088159186416,91.68073383450864,111.05137400012859
2581,Dallas County,Texas,48113,80,147.79122403892987,1.1082111034073838,146.35953233953478,147.75955945659905,149.2384172645216
2582,Dawson County,Texas,48115,80,104.4304706356244,21.638374662208133,69.99469462146234,111.80601545115987,124.98406417684158
2583,Deaf Smith County,Texas,48117,80,117.91536839093901,15.669325123185619,92.01384561188493,122.9797033253158,132.58233406368444
2584,Delta County,Texas,48119,80,69.9197503643041,30.045125257849445,19.48717451083563,79.35171969881681,101.08560959754115
2585,Denton County,Texas,48121,80,147.39638285461749,1.1957345786857432,145.85030170463597,147.427073520615,148.84452756755346
2586,DeWitt County,Texas,48123,80,118.62833398693606,16.88492535043956,92.28463733721951,125.31791028791253,133.56019837486042
2587,Dickens County,Texas,48125,80,7.868231131378395,29.61362317904872,-33.601295220894464,12.784638723590895,43.24270653602995
2588,Dimmit County,Texas,48127,80,88.98212798731923,26.431753274212923,48.53661307938173,98.08173243776018,114.678119860136
2589,Donley County,Texas,48129,80,44.071457336768304,33.05150176192418,-11.761301808452718,51.97424366527308,79.33091933274083
2590,Duval County,Texas,48131,80,96.69559624698636,24.313394117923167,56.40729645773683,104.2677413973105,120.50773264616822
2591,Eastland County,Texas,48133,80,115.99751072425826,16.8922613233944,90.29045791231913,121.86398735662652,131.99868669621765
2592,Ector County,Texas,48135,80,143.7181190961912,2.961161419801627,139.4435054162414,144.53136982522784,146.55122226568957
2593,Edwards County,Texas,48137,80,-3.9647153068825425,29.283820301480972,-48.191146189336884,2.348124642603393,30.479424794889955
2594,Ellis County,Texas,48139,80,144.6849395447701,2.434368909861556,141.15432790534777,145.21281234790655,147.21568433209688
2595,El Paso County,Texas,48141,80,147.2800471452223,1.1734279992430259,145.80317426305987,147.3388721104656,148.79357877236507
2596,Erath County,Texas,48143,80,133.01739304007438,8.874603038074246,119.93294918179413,136.32247171037636,140.98760906900796
2597,Falls County,Texas,48145,80,115.25777687350445,18.01809799065822,86.00412424560437,121.94255910924356,131.41628058249293
2598,Fannin County,Texas,48147,80,130.9541999737368,10.141565402460177,116.5092543512561,134.61771390853653,140.13096628554288
2599,Fayette County,Texas,48149,80,123.64801112663056,13.665168000854402,102.18995565103366,128.39831681520812,135.85609591510416
2600,Fisher County,Texas,48151,80,47.43089319943304,31.92277560528938,0.0470595261737097,54.109690178510995,82.92205469467984
2601,Floyd County,Texas,48153,80,68.63468978614848,28.993021288512146,22.93096292688692,75.34703120611235,99.37206680154996
2602,Foard County,Texas,48155,80,-17.614022266811414,28.874827898871644,-61.25926558211206,-16.75772295200128,20.37685504700305
2603,Fort Bend County,Texas,48157,80,147.30004017495648,1.2165964919374255,145.59606386254387,147.34664757276136,148.80430954780564
2604,Franklin County,Texas,48159,80,99.62577556396558,22.951050431841097,64.2880312776342,107.07550543518732,121.4174468262863
2605,Freestone County,Texas,48161,80,118.96054486277745,16.233904872601133,94.25674873614413,124.41638487967288,133.76968219843195
2606,Frio County,Texas,48163,80,116.27149357121235,16.223448850010378,90.59748162829342,121.78486879606584,131.30994892234065
2607,Gaines County,Texas,48165,80,121.36252071745045,15.111095199293045,96.67901952173808,127.14934206000629,134.82836573953196
2608,Galveston County,Texas,48167,80,146.04000838994037,1.688356939144572,143.69920737142525,146.27059066186843,147.99005408953704
2609,Garza County,Texas,48169,80,77.36852686452585,28.923849574547134,29.951273672871032,86.36387879300943,105.69294259524489
2610,Gillespie County,Texas,48171,80,125.67084103555452,12.577556897130558,105.37898592348564,130.36354303978027,136.95679811523678
2611,Glasscock County,Texas,48173,80,-15.725091685707964,27.72988605728553,-56.758716289954194,-15.617735102592182,17.080615049494067
2612,Goliad County,Texas,48175,80,81.62484709324434,27.8758670099061,38.57131845786974,89.6571591154877,110.22923922704122
2613,Gonzales County,Texas,48177,80,118.29850722845886,16.593160420253277,91.14152605459577,124.571535996524,133.631527163837
2614,Gray County,Texas,48179,80,120.26826480362544,15.180376602373384,96.56797498716854,125.61663407092882,134.42168236010903
2615,Grayson County,Texas,48181,80,143.1657556171797,3.3769244385025736,137.89420956353456,144.12239828838347,146.35175789840417
2616,Gregg County,Texas,48183,80,142.60566904820232,3.6487310277847835,137.24158967407797,143.67387664149476,146.08522362605996
2617,Grimes County,Texas,48185,80,128.50044277864998,11.262167981298962,112.44352515449802,132.59762116664325,138.3108972796035
2618,Guadalupe County,Texas,48187,80,144.331174215479,2.6230084090807924,140.84938791114175,144.91249405105452,146.9246504958298
2619,Hale County,Texas,48189,80,128.0362526981284,12.037801755382269,109.25244397573046,132.8726868224394,138.86786598876793
2620,Hall County,Texas,48191,80,34.776468209787275,32.03236021735719,-16.99372344229879,42.007040403580746,71.69420048781063
2621,Hamilton County,Texas,48193,80,89.37135176038238,26.500558592914565,47.30260295134419,98.0064322923136,115.34999243828292
2622,Hansford County,Texas,48195,80,66.35168070155352,30.63424397988327,16.548411471169203,74.22316074728037,99.54493130273333
2623,Hardeman County,Texas,48197,80,48.01172807259172,32.602210429467725,-2.236074775218554,54.40288539983045,84.27404007537945
2624,Hardin County,Texas,48199,80,137.06534092005703,6.726668431576287,127.24527611320188,139.44994300101348,142.94938177584152
2625,Harris County,Texas,48201,80,147.9098018451418,1.0922764218700336,146.51794622560146,147.90712216406897,149.30841635270622
2626,Harrison County,Texas,48203,80,138.51647263388816,5.999933961274315,129.8679055342537,140.47970822767923,143.9242848125418
2627,Hartley County,Texas,48205,80,66.75578818298476,30.673455654655747,17.456408709327857,73.76526907577677,99.47757550361914
2628,Haskell County,Texas,48207,80,70.9340592020096,29.354076836530474,22.984358205977475,80.55202395868919,100.64914813184224
2629,Hays County,Texas,48209,80,145.527238312643,1.937204763620261,142.8947195848349,145.86568126484866,147.6106688407748
2630,Hemphill County,Texas,48211,80,42.59293899557746,31.829031850689464,-4.136366068328486,49.23803327333931,77.13919898726587
2631,Henderson County,Texas,48213,80,140.32943657189492,4.896865105554308,132.76851358738966,142.03603536044028,144.7274328210363
2632,Hidalgo County,Texas,48215,80,147.30519387831592,1.155167731300364,145.8156726150772,147.36957042435125,148.7277949098138
2633,Hill County,Texas,48217,80,131.04541682255905,9.83523660472148,116.44053375112698,134.60009080354533,139.96167340969794
2634,Hockley County,Texas,48219,80,120.93244118153625,14.819598177891809,98.64312350589718,126.6157192822342,134.25256244745736
2635,Hood County,Texas,48221,80,137.81498828893808,6.3580626889238845,128.4859365615893,139.87272806829043,143.57559481706537
2636,Hopkins County,Texas,48223,80,131.07851178319243,10.126107560458241,115.82277911615014,134.64434119440466,140.12683288097267
2637,Houston County,Texas,48225,80,120.5414452057802,15.04399908801506,96.8351585756583,126.01835878230054,134.5714805011251
2638,Howard County,Texas,48227,80,129.32222089146313,10.910111188462837,112.54951260976254,133.57202647700842,138.9432132565935
2639,Hudspeth County,Texas,48229,80,47.94827962911391,31.165150853122313,1.6300310353608143,56.136102234926796,82.4424059608313
2640,Hunt County,Texas,48231,80,141.79508631998078,3.9911863635978984,135.80315062475265,143.02444343437605,145.52281538180196
2641,Hutchinson County,Texas,48233,80,119.56389354017804,15.314605795219848,96.57805775059612,125.0056225987792,133.23053042027436
2642,Irion County,Texas,48235,80,-2.5530481959703666,30.61238893219013,-48.90592432203905,2.678566559096116,33.94935935988028
2643,Jack County,Texas,48237,80,92.64480351938987,25.3477378765967,51.649625230145276,100.9438153244322,117.01137302337877
2644,Jackson County,Texas,48239,80,111.40704361979007,17.923692873479002,84.32476691904759,117.42325937440673,128.33058294527865
2645,Jasper County,Texas,48241,80,129.08008618976888,10.627753034652493,113.55550863652748,132.25978149093638,138.91072061027685
2646,Jeff Davis County,Texas,48243,80,10.31595132651831,31.650426061394743,-36.26486985160615,15.789840908127099,48.057562773267456
2647,Jefferson County,Texas,48245,80,145.36095189124816,2.1022276327681446,142.36705987657123,145.81304586492075,147.56646299593996
2648,Jim Hogg County,Texas,48247,80,64.48266153420195,29.865119376621266,16.268690529739548,72.93533798460798,95.99696432648926
2649,Jim Wells County,Texas,48249,80,131.8758267982077,9.546343318159952,118.11536066814854,135.43440390187578,140.52478815455882
2650,Johnson County,Texas,48251,80,144.42259744679023,2.661670862111627,140.59663518918214,145.05767283328942,147.1068264730652
2651,Jones County,Texas,48253,80,118.65176216210916,16.00856971440615,95.16801319700527,124.08264928090438,133.16863879373489
2652,Karnes County,Texas,48255,80,110.35566624113024,19.778022289800337,78.72353719276637,117.52458642835262,128.58524753632295
2653,Kaufman County,Texas,48257,80,144.13103602165003,2.6854811276584147,140.15866042950694,144.80662809323454,146.78604185595847
2654,Kendall County,Texas,48259,80,134.66434831481297,8.015316012362325,122.6544495410226,137.56293811843892,141.87000727202806
2655,Kenedy County,Texas,48261,80,,,,,
2656,Kent County,Texas,48263,80,-37.14446769409124,22.290634329168057,-71.5532974079907,-31.054125973180824,-10.622211275404197
2657,Kerr County,Texas,48265,80,136.01097839428357,7.492124952222419,124.68116138292189,138.6878544804286,142.51422258374492
2658,Kimble County,Texas,48267,80,59.728316813266254,31.28274023783851,9.832567628940657,68.30502876659207,92.68091301889751
2659,King County,Texas,48269,80,,,,,
2660,Kinney County,Texas,48271,80,38.27302512655915,33.24139484903197,-16.29517846074921,45.462275136602855,75.37616054117841
2661,Kleberg County,Texas,48273,80,127.26693196063646,11.861040897124383,108.37174814323339,131.5408558158946,138.12681760869435
2662,Knox County,Texas,48275,80,43.8117457335369,31.847868042719128,-5.5779562425349205,50.84034955741693,78.38648259576604
2663,Lamar County,Texas,48277,80,135.23399187810526,7.933337801464739,123.5013905293874,138.11779342452684,142.2964892626957
2664,Lamb County,Texas,48279,80,107.14052319756806,20.006577273761625,77.9639143459893,114.26285485389127,125.60195817693895
2665,Lampasas County,Texas,48281,80,122.17105627259502,14.205107552810214,100.62452019698442,127.48390042619992,135.06102718065793
2666,La Salle County,Texas,48283,80,79.53491293955416,28.148583985422967,34.71942719533375,88.1894664198187,107.70550037087024
2667,Lavaca County,Texas,48285,80,118.99843035137451,16.11334458977201,94.7946600095433,124.80409471856393,133.83698146227425
2668,Lee County,Texas,48287,80,115.9430470747362,16.69962690886228,90.29715739759187,121.68795122162818,132.0976924817515
2669,Leon County,Texas,48289,80,114.13228019704152,17.493608724323693,87.71525071762125,120.58694690591564,129.9931099785789
2670,Liberty County,Texas,48291,80,141.26422052899602,4.321530023702461,135.1541064482875,142.50497020065026,145.35765730314355
2671,Limestone County,Texas,48293,80,122.16098621337014,14.35751097112947,100.37622853378953,127.18368274750158,134.92095582485513
2672,Lipscomb County,Texas,48295,80,33.655307126979764,33.0809096358694,-21.132489565863608,40.88710162174347,71.64439842828622
2673,Live Oak County,Texas,48297,80,102.09341613614178,21.41362679091217,69.59156065391353,109.15442824607666,123.15434581661025
2674,Llano County,Texas,48299,80,121.28085068196343,15.028555278556583,97.73636188319944,126.7273415452003,135.22536251161426
2675,Loving County,Texas,48301,80,,,,,
2676,Lubbock County,Texas,48303,80,145.9346580034255,1.7121069831240288,143.64436982908214,146.18301864117493,147.7875156948866
2677,Lynn County,Texas,48305,80,72.6426453282764,29.384114638433665,25.476173404490076,80.60775922848032,103.03345099925619
2678,McCulloch County,Texas,48307,80,86.29686182655612,27.55587547076387,44.64118477321113,95.8646986367801,113.79988381570932
2679,McLennan County,Texas,48309,80,145.4897445503421,1.9437546982503573,142.83620580670632,145.82796229593856,147.6079131906442
2680,McMullen County,Texas,48311,80,-48.25468068592064,20.833547941473345,-78.9488437747652,-44.64009359202889,-23.649374281288196
2681,Madison County,Texas,48313,80,108.43177412232502,19.95750762624718,77.04233645962928,115.81789464613819,126.89343601339932
2682,Marion County,Texas,48315,80,94.47561433951533,25.195606164049824,53.89563469920521,103.10943388082299,119.11250303436752
2683,Martin County,Texas,48317,80,67.8201184635105,29.810145820795686,21.165334872047282,74.78392315865098,99.80031941214774
2684,Mason County,Texas,48319,80,53.866517425182714,32.562484131801675,4.202653691867386,62.404341707995016,89.07337949297997
2685,Matagorda County,Texas,48321,80,130.83347025919676,10.174555228213524,116.10462898863796,134.44512040117507,139.9985208244833
2686,Maverick County,Texas,48323,80,137.00258059374417,6.797616682277273,126.95973045039956,139.37564462141287,143.11646538155608
2687,Medina County,Texas,48325,80,136.04325855078415,7.418059989772046,125.01572970577712,138.65917472553076,142.52270254149386
2688,Menard County,Texas,48327,80,15.9196431093305,32.0944314238559,-32.50380857249516,22.721871318177467,53.212746181142165
2689,Midland County,Texas,48329,80,144.06029997493926,2.791978657305627,140.01272393079154,144.81451950228524,146.83767311471192
2690,Milam County,Texas,48331,80,124.96413342178165,12.958223782128353,104.8698279046045,129.77611934015786,136.49888211290357
2691,Mills County,Texas,48333,80,60.62306599929133,31.91700192635274,11.325318275021385,69.08244770542485,94.90601124192213
2692,Mitchell County,Texas,48335,80,92.93264189091363,26.255632372902156,50.16207018836656,101.98254205386009,118.35805882624823
2693,Montague County,Texas,48337,80,119.78047439212446,15.494726007704683,95.7916335296034,125.33373399415596,134.1078901672083
2694,Montgomery County,Texas,48339,80,146.98694684457797,1.291453239353652,145.26488574491762,147.0508677664725,148.52644433736913
2695,Moore County,Texas,48341,80,119.35893033718921,15.353473016667664,95.8056948519355,124.90930058416703,133.92229399465953
2696,Morris County,Texas,48343,80,103.63453567330114,22.145368295320637,68.52460432729616,111.09701222391415,124.47769501559704
2697,Motley County,Texas,48345,80,-19.46785786388033,29.283369361778114,-62.585461798835034,-19.789921543506253,20.284467072227816
2698,Nacogdoches County,Texas,48347,80,138.04139514623515,6.2527095833577455,128.51287171180527,140.1689885761765,143.59228900583807
2699,Navarro County,Texas,48349,80,135.93886983816995,7.220589404863014,125.22066414532021,138.41998545553648,142.52591766044281
2700,Newton County,Texas,48351,80,104.26498365101405,21.351148274812896,72.28094353043767,111.21995002055301,124.50109254228329
2701,Nolan County,Texas,48353,80,109.91688381796139,19.003809262791126,80.62250538801283,116.160460028817,128.21719799300672
2702,Nueces County,Texas,48355,80,146.21924355787453,1.6467087592810532,143.96019127610236,146.44955936970325,148.09053230310764
2703,Ochiltree County,Texas,48357,80,95.90994153246793,23.499541026142882,60.21032995810412,102.63303316880803,119.18154889671018
2704,Oldham County,Texas,48359,80,8.427231066882305,29.61211792303053,-33.608880782158536,13.99642994611955,43.134682449544506
2705,Orange County,Texas,48361,80,140.21297551932437,4.941463259739323,133.03822990703003,141.88089992229874,144.73177516688506
2706,Palo Pinto County,Texas,48363,80,127.27612991280677,11.87573380617357,108.7820763379586,131.34376285423872,137.74750864035659
2707,Panola County,Texas,48365,80,122.29310676349714,13.830514946441276,101.08285666806852,127.01031805383442,135.05092230065094
2708,Parker County,Texas,48367,80,143.87852043456377,3.023633123949509,139.54995872102373,144.66007575787776,146.80685442933316
2709,Parmer County,Texas,48369,80,94.50503275430549,25.270626455956524,53.352665711959936,103.2216830238767,119.23286287763385
2710,Pecos County,Texas,48371,80,111.80405445247708,18.599454356986815,82.5197741786671,117.9301015333488,129.45951182154457
2711,Polk County,Texas,48373,80,136.2966097623,7.242991045881372,124.97966058913957,138.98662963623042,142.60050228409398
2712,Potter County,Texas,48375,80,142.22168186280274,3.903479967288784,136.44098758562438,143.3670719600621,145.81074021123942
2713,Presidio County,Texas,48377,80,75.89407615416937,28.532984024700713,29.232675442403988,83.64892751559486,106.04824198874941
2714,Rains County,Texas,48379,80,105.54348943577965,20.681556240616505,73.61479790093948,112.74474005062038,125.30578417882742
2715,Randall County,Texas,48381,80,143.35544841299753,3.282632635111446,138.62248189770875,144.2940514116329,146.44410379455874
2716,Reagan County,Texas,48383,80,40.580661907112464,32.883760525682874,-14.54149178655441,47.17327323292555,76.67097151169109
2717,Real County,Texas,48385,80,34.02900089504052,32.177931468404275,-18.97951010942383,39.92599011994962,71.44744909666706
2718,Red River County,Texas,48387,80,102.12899857745477,22.536873094980493,66.59231125211613,110.11354301501143,123.48457647270628
2719,Reeves County,Texas,48389,80,105.40187667781554,21.284647741658656,71.63297391690102,112.85307095516038,126.06301642155022
2720,Refugio County,Texas,48391,80,78.20997706038082,28.65451829894137,30.867381666465203,87.26628129191037,107.24568114485592
2721,Roberts County,Texas,48393,80,-33.22384560530442,22.96264954742982,-69.32346702533204,-29.108385852030295,-4.145211653009815
2722,Robertson County,Texas,48395,80,115.90333902661173,16.760732278913068,91.18310266932748,121.6573029277547,131.0922125752041
2723,Rockwall County,Texas,48397,80,142.1050845952837,4.095703590943265,136.00290283355002,143.3286662160462,145.9729767206233
2724,Runnels County,Texas,48399,80,96.3648015285533,23.847511603218503,59.99008812281719,103.93442394802628,119.68015256446489
2725,Rusk County,Texas,48401,80,135.9569437136265,7.400953798056524,124.48405698228936,138.61413946102806,142.5508318435266
2726,Sabine County,Texas,48403,80,99.17981437241465,21.907213640425237,64.6472517819864,105.9568966526735,120.80563229748583
2727,San Augustine County,Texas,48405,80,87.92143790775347,26.958522781465497,44.81158055177611,96.26520361882788,114.52984584234271
2728,San Jacinto County,Texas,48407,80,126.3493489594768,12.415815143214578,107.59695196160396,130.84857324454694,137.7615405366671
2729,San Patricio County,Texas,48409,80,138.4994003093767,6.13154082122567,129.5926005002946,140.64836923615678,143.84193131981928
2730,San Saba County,Texas,48411,80,72.95798282668332,28.728991158166853,28.974924466258663,81.76546910463766,102.85752041137246
2731,Schleicher County,Texas,48413,80,23.92370303349678,32.60613581072466,-26.500222624298424,30.46029544289368,62.008949932003176
2732,Scurry County,Texas,48415,80,114.11764034063455,17.959732673669514,87.36501579659517,120.22828102302563,130.84384478031967
2733,Shackelford County,Texas,48417,80,39.364258552591465,32.964974059721676,-14.346651011107625,46.50523047700844,75.8661249436587
2734,Shelby County,Texas,48419,80,122.49940064257325,14.650140093090874,100.04562752423483,127.73951240699317,136.04589591512132
2735,Sherman County,Texas,48421,80,34.68512756530126,32.318044233678826,-18.749536058436078,42.78660290150964,71.20796108818053
2736,Smith County,Texas,48423,80,145.14031167973525,2.2021777644274367,142.09668339375662,145.57713197938122,147.4663037436019
2737,Somervell County,Texas,48425,80,96.30383360491861,24.046268711991015,58.21080365491468,103.97855284488182,119.7783572320172
2738,Starr County,Texas,48427,80,138.0717120551034,6.149537394928622,128.86789953458887,140.15011553606493,143.67917038157978
2739,Stephens County,Texas,48429,80,94.51074170721121,25.222792447952003,52.46392997789066,102.60361714163642,119.65673222643287
2740,Sterling County,Texas,48431,80,-4.58190042214387,29.53787072386613,-48.563747740813874,2.779228252739813,29.4988121749908
2741,Stonewall County,Texas,48433,80,-15.695487472049962,28.65015441026544,-60.58573359551071,-15.240629613092505,18.62939631002116
2742,Sutton County,Texas,48435,80,43.41611854051631,31.730093698803003,-5.150227210346167,50.091939758717174,77.61567710729551
2743,Swisher County,Texas,48437,80,81.23822359970086,27.71955706457949,37.32628700411078,90.20592466195683,109.21541048851957
2744,Tarrant County,Texas,48439,80,147.75470604337872,1.1155115337076802,146.30880818776097,147.76435291502952,149.12848545518605
2745,Taylor County,Texas,48441,80,143.4783434395548,3.0939118024468373,139.1273541259149,144.39537323163847,146.43676916233852
2746,Terrell County,Texas,48443,80,,,,,
2747,Terry County,Texas,48445,80,103.42210289756463,21.498682053608633,69.22338791682309,110.66230727211465,123.55800697528213
2748,Throckmorton County,Texas,48447,80,-0.3015739675504196,30.717982163556606,-45.34609339997102,5.614151818738175,37.07350836704122
2749,Titus County,Texas,48449,80,127.93789820642836,11.636959872638649,110.28786882099448,131.9167646766694,138.6302825464622
2750,Tom Green County,Texas,48451,80,142.346056082154,3.7329133374368073,137.06639101040193,143.51652010993888,145.78878048291355
2751,Travis County,Texas,48453,80,147.5412040519075,1.0892816355229797,146.18429623725942,147.504604496752,148.98600033096827
2752,Trinity County,Texas,48455,80,108.75766067649168,19.647226239803082,80.14303276763897,115.25197753682394,127.93635992591646
2753,Tyler County,Texas,48457,80,117.65187734946723,17.053562233129103,89.9054778298669,124.01459447637855,133.6174770962964
2754,Upshur County,Texas,48459,80,133.07317480390472,9.04055352853406,119.28821962743714,136.44258721753528,141.14228262246428
2755,Upton County,Texas,48461,80,42.35983694175163,32.03877175143107,-8.263570824052929,49.255434023134015,76.72645581632209
2756,Uvalde County,Texas,48463,80,124.08670702500565,13.177713508966121,104.47036832775008,128.5580311730448,136.08236055774594
2757,Val Verde County,Texas,48465,80,134.10935279106195,8.826746508157816,120.52474349737888,137.20839435682245,141.8858228581064
2758,Van Zandt County,Texas,48467,80,137.54037557407557,6.591548856805184,127.49359660355289,139.85610474804332,143.28696955006032
2759,Victoria County,Texas,48469,80,140.8227754951643,4.749352293142997,133.6071240077768,142.4722976580247,145.02500896428396
2760,Walker County,Texas,48471,80,139.65091030087845,5.490005674654484,131.44114396501394,141.5162930962131,144.53918838100452
2761,Waller County,Texas,48473,80,137.58696490593258,6.404654816795992,127.93126812476594,139.82689343292563,143.37664324193764
2762,Ward County,Texas,48475,80,101.65072561715687,21.652932704561575,67.87906253758212,109.24499516168709,122.41456180013688
2763,Washington County,Texas,48477,80,130.67572198991013,10.311577413586615,115.82706609365209,134.2990690006331,139.82132496534626
2764,Webb County,Texas,48479,80,145.56305360448653,1.8937226128813103,143.04060922367134,145.91351673298908,147.62016749536784
2765,Wharton County,Texas,48481,80,133.0092268019654,9.163735130336471,119.73456745030589,136.34054101226172,141.09223796714335
2766,Wheeler County,Texas,48483,80,65.04283606127865,29.65286441348572,17.99125947202881,72.20686973927486,96.29948743675449
2767,Wichita County,Texas,48485,80,142.81810208068111,3.5846889045375554,137.63066486922364,143.8395957516414,146.2180294471776
2768,Wilbarger County,Texas,48487,80,105.37824894671306,21.323415679244206,70.31206088538715,113.55106055618896,125.53898972576518
2769,Willacy County,Texas,48489,80,118.64170574524209,16.303266154769577,93.25125640353914,124.04371367940713,133.49903792118792
2770,Williamson County,Texas,48491,80,147.0580730928075,1.2861476737464528,145.44258169612075,147.11255346087535,148.74250775255885
2771,Wilson County,Texas,48493,80,135.87975065559425,7.436017664384948,124.49068844954662,138.4795912722288,142.5627935344969
2772,Winkler County,Texas,48495,80,82.65203903689293,27.997050816883863,38.185442611408895,91.31606124274727,111.39070882078151
2773,Wise County,Texas,48497,80,139.28374282887572,5.555065401186305,131.28191362983662,141.17117514535533,144.23475333641497
2774,Wood County,Texas,48499,80,134.88506678214145,7.906376808360215,122.7749285647042,137.7722675795249,141.69832766820795
2775,Yoakum County,Texas,48501,80,82.62532445449844,28.355928937003505,39.35319045776933,91.33813964277363,111.79487106404932
2776,Young County,Texas,48503,80,116.11765988173096,17.137730283986965,87.57517205425044,122.18534912770629,132.06523189615126
2777,Zapata County,Texas,48505,80,108.80381894818262,20.0990234838957,77.12904545701801,115.15867346182449,128.0947042569467
2778,Zavala County,Texas,48507,80,95.44551720896058,24.018213313998405,60.177418411468025,102.83587651125967,119.06991792366844
2779,Beaver County,Utah,49001,80,100.56652508287544,23.59697327111774,64.86179809730062,108.49880525344241,123.34406844842205
2780,Box Elder County,Utah,49003,80,140.99053629729016,4.5961145850105165,134.43727996674968,142.3935621636012,145.30784614704476
2781,Cache County,Utah,49005,80,144.88997960113912,2.274386939330946,141.6517521462398,145.3465807936755,147.25600605496012
2782,Carbon County,Utah,49007,80,127.71710539841042,12.126074516903932,108.98094000124127,131.95377776765864,138.78398012499554
2783,Daggett County,Utah,49009,80,4.614380277450761,35.82859477600962,-48.169149343190426,5.79233721936142,53.36907337346917
2784,Davis County,Utah,49011,80,146.6807638347601,1.342595646266865,144.92874681167544,146.7279490461817,148.33824036830163
2785,Duchesne County,Utah,49013,80,127.56454499885423,12.722473427305216,109.08784885536633,132.0009391184272,139.0024047688282
2786,Emery County,Utah,49015,80,112.84972108232684,18.28862129627653,84.92295185640232,118.98636282947837,130.5220620903016
2787,Garfield County,Utah,49017,80,89.77007864320097,26.310247356180028,46.289645181764726,98.13200536393921,115.93675933776274
2788,Grand County,Utah,49019,80,110.31821411021339,19.411496700577587,81.30523029561755,116.85181221472813,129.1742710357473
2789,Iron County,Utah,49021,80,140.80878799732304,4.816421039973449,134.0226394406859,142.3129753361015,145.15663210828595
2790,Juab County,Utah,49023,80,117.84261642428575,16.54420687375216,93.38769860527667,123.24239478315904,133.28262688456797
2791,Kane County,Utah,49025,80,105.51299164613958,22.38189739254499,72.4631214267682,113.20871718883755,126.06187044284461
2792,Millard County,Utah,49027,80,119.11521692296341,16.22254573223856,94.4127670355041,124.68557632655313,133.94724074019624
2793,Morgan County,Utah,49029,80,117.63804390212714,16.144263927648424,93.89905775632376,122.81661410176496,133.19881214737765
2794,Piute County,Utah,49031,80,22.552957348183977,33.44138225414817,-23.84040853448888,26.930156526106558,63.86193231668993
2795,Rich County,Utah,49033,80,55.535639604677996,32.37287495571331,2.032487991280425,64.19709711719912,91.65089158134127
2796,Salt Lake County,Utah,49035,80,147.70953901040534,1.0821414867568853,146.34996950932728,147.70510188307088,149.04815711637082
2797,San Juan County,Utah,49037,80,121.45184661006093,15.491068531269379,97.35480999176822,126.92998250417544,135.32934854130042
2798,Sanpete County,Utah,49039,80,134.02182382863143,8.50357510066538,121.15994923118521,137.04744020871763,141.71273186309256
2799,Sevier County,Utah,49041,80,129.06515165215765,11.89236625584833,110.99856898049543,133.31896776294644,139.75981534749823
2800,Summit County,Utah,49043,80,137.7389793201756,6.542566796127903,128.09351302723186,140.11217566580956,143.53233346241393
2801,Tooele County,Utah,49045,80,142.37098813342507,4.001562410527245,137.04250771526748,143.59653511511928,146.04028514830603
2802,Uintah County,Utah,49047,80,136.28902017697254,7.583308372222194,124.44829377757648,138.91452824250302,142.9740763386457
2803,Utah County,Utah,49049,80,147.40742065498029,1.1605502157432448,145.95307199691936,147.42675343306018,148.79817411098568
2804,Wasatch County,Utah,49051,80,135.4173414978675,7.990644096199678,123.73824315105486,137.85265108362708,142.66077666335093
2805,Washington County,Utah,49053,80,145.74186422434542,1.831616219853151,143.2241013087709,146.12137464712623,147.67973836271938
2806,Wayne County,Utah,49055,80,54.48157388354203,30.957348684108844,5.537914391198614,62.227645565450025,88.96191537773016
2807,Weber County,Utah,49057,80,146.3393843630242,1.5761764096835873,144.2429045808614,146.5016133766738,148.21769844129489
2808,Addison County,Vermont,50001,80,136.67577721118127,7.373637361217392,125.89869828512714,139.1519856933009,143.2176200330347
2809,Bennington County,Vermont,50003,80,136.22633313796078,7.680604667000324,124.09574468437316,138.83913475057653,143.05548355790825
2810,Caledonia County,Vermont,50005,80,134.3671636454903,8.698253629123146,120.91156596542307,137.36348001882646,141.91800157877157
2811,Chittenden County,Vermont,50007,80,145.30334554842676,2.078171664317172,142.40462007867274,145.6558664416296,147.6054243375258
2812,Essex County,Vermont,50009,80,92.45220109875702,25.108463182999607,53.70568358598947,99.2311241919578,118.92383448832857
2813,Franklin County,Vermont,50011,80,139.59292345236918,5.4160403265411485,131.48380891330112,141.34730729274855,144.43904523742393
2814,Grand Isle County,Vermont,50013,80,100.94304507443454,23.327390410374118,64.1552283312993,108.43168135960002,124.48614905359688
2815,Lamoille County,Vermont,50015,80,132.14187617406387,9.6342234156957,117.76264030464925,135.35801473571865,140.82104726874684
2816,Orange County,Vermont,50017,80,133.864605443188,8.578468595769673,121.08161598975927,136.93623749285592,141.50326668343993
2817,Orleans County,Vermont,50019,80,132.8747209585305,9.382682190888232,118.80811504731943,135.96007203577608,141.39211023754768
2818,Rutland County,Vermont,50021,80,140.7205033952065,5.102402438433844,133.04035437224547,142.45121081507722,145.316586979086
2819,Washington County,Vermont,50023,80,140.6724320307714,4.836184940689788,133.88667256966656,142.08780138218515,145.1289754146451
2820,Windham County,Vermont,50025,80,138.30863206936831,6.466016231638182,128.59032572297224,140.5509878238864,144.15555177804154
2821,Windsor County,Vermont,50027,80,140.46840380272855,5.02993707711564,133.2439092631826,142.05752508601006,145.0521338967761
2822,Accomack County,Virginia,51001,80,129.2429030798383,11.297176339618288,112.22411503865301,133.61967907959263,138.92947229681405
2823,Albemarle County,Virginia,51003,80,143.8572924313598,3.014852386686557,139.44725680045815,144.66918442873094,146.8936081720377
2824,Alleghany County,Virginia,51005,80,120.29371533951613,14.473677379501247,97.3967661097767,125.16750822130484,133.64847654056027
2825,Amelia County,Virginia,51007,80,108.03115961724119,19.872591855012814,76.33299893713497,114.95540303498126,126.83970015946271
2826,Amherst County,Virginia,51009,80,128.34666655477255,11.328046186950523,111.21926644697092,132.3609268026135,138.73161928303963
2827,Appomattox County,Virginia,51011,80,115.07640414334351,17.12933565864224,88.95767361319902,120.72615490826303,131.23090059585687
2828,Arlington County,Virginia,51013,80,145.0773628036871,2.2241498189895017,141.8344432162831,145.5531612952131,147.37746273013514
2829,Augusta County,Virginia,51015,80,142.5647794522231,3.7300142608444378,137.30415767289705,143.60870227217706,146.17088941655243
2830,Bath County,Virginia,51017,80,54.97471787680787,32.602166829540124,4.844895017817382,63.47661998901806,90.43888167082149
2831,Bedford County,Virginia,51019,80,139.83543776296096,5.25234230874359,132.1810756405906,141.6107913169476,144.7083244475379
2832,Bland County,Virginia,51021,80,75.77002732978355,28.370151452042997,30.02235641904739,84.42314478934657,105.3232699177004
2833,Botetourt County,Virginia,51023,80,129.42615850988483,10.825382252624662,113.26870970728635,133.13501970509645,139.3388355217798
2834,Brunswick County,Virginia,51025,80,111.90255465237838,18.936656992808754,82.51503224680195,118.37112652642034,130.03095785727072
2835,Buchanan County,Virginia,51027,80,117.63655800766057,17.13072530037009,89.22270440896973,123.95787094876096,132.88333179669402
2836,Buckingham County,Virginia,51029,80,114.10491487141395,17.809106710985954,86.50751668462142,120.03512788894167,131.15011341745625
2837,Campbell County,Virginia,51031,80,143.11208700263307,3.393127765665792,138.27117187119242,144.09516418670495,146.37190475479474
2838,Caroline County,Virginia,51033,80,128.10925688421128,11.887645666206486,109.67661581331575,132.29172819737244,138.6955122065526
2839,Carroll County,Virginia,51035,80,130.91441674502437,10.292067273086781,115.50221336468158,135.04403261152584,139.8552644212049
2840,Charles City County,Virginia,51036,80,79.28558093021762,28.639187372550392,32.03957339756482,88.36396977203927,107.5312935962619
2841,Charlotte County,Virginia,51037,80,102.91371262570846,22.131836844923725,68.51275388539084,110.17608294122277,124.17755405675778
2842,Chesterfield County,Virginia,51041,80,146.1687717046209,1.6527695855313398,143.9472410854103,146.3905360985016,148.02003185844472
2843,Clarke County,Virginia,51043,80,110.82394128431584,19.111799942973693,82.88112125008358,117.4191940708804,128.57578537148152
2844,Craig County,Virginia,51045,80,62.98301496123766,30.760253306026357,15.543947998224656,69.93431568024778,97.46189912489201
2845,Culpeper County,Virginia,51047,80,136.01443662338448,7.704021302045709,124.90697319248305,138.92344296153766,142.77778381752756
2846,Cumberland County,Virginia,51049,80,95.82021360056238,24.333289649783847,55.97244988421039,104.80082076514202,119.37405000356891
2847,Dickenson County,Virginia,51051,80,109.10377079616863,19.304186319728267,78.26065915195117,115.77244115848119,127.48063172556265
2848,Dinwiddie County,Virginia,51053,80,139.66861941145152,5.242155290308972,131.82824959160678,141.49077637479974,144.52883607162187
2849,Essex County,Virginia,51057,80,98.87063375931446,23.363360605474693,63.155242255918594,107.10949030193984,121.3698907974966
2850,Fairfax County,Virginia,51059,80,147.40244856095168,1.0723901689907696,146.0401918098686,147.38920227978372,148.80722979650673
2851,Fauquier County,Virginia,51061,80,139.16668381872302,5.483620876259367,131.15037269844538,141.0253090751628,144.0070461504573
2852,Floyd County,Virginia,51063,80,111.98380268474828,18.788817878822346,84.6816573162151,118.81905510589458,129.47934317076675
2853,Fluvanna County,Virginia,51065,80,125.99947381895316,12.527488616376239,106.44617269272557,130.56891743042632,137.2187399902556
2854,Franklin County,Virginia,51067,80,136.21050076231964,7.2988245762759325,124.76992717357524,138.74293755345622,142.78045418147772
2855,Frederick County,Virginia,51069,80,142.53770861231342,3.651836587151194,137.39908378824668,143.65298738563843,146.0796120934678
2856,Giles County,Virginia,51071,80,113.58991831281062,19.262771347589858,81.70237379251643,120.98507484570976,130.75758404028778
2857,Gloucester County,Virginia,51073,80,131.27014712131887,9.934246876262499,116.33167568394111,135.06220991861375,140.17127509095556
2858,Goochland County,Virginia,51075,80,123.87488064288051,13.872768479539866,101.29424331856194,129.36290035399009,136.34562431362207
2859,Grayson County,Virginia,51077,80,111.03722183652863,19.28984812411585,79.1518805181765,117.7814538176375,128.94550513918327
2860,Greene County,Virginia,51079,80,119.5231671958494,15.064947796465928,96.2651977991674,124.70701860983463,133.5302722703478
2861,Greensville County,Virginia,51081,80,113.5416383610034,18.52888959582725,84.6594389082488,120.31015835129618,130.72314857068005
2862,Halifax County,Virginia,51083,80,129.00148877202068,11.088036602289769,111.75888559687864,132.90835949615544,139.01438630592972
2863,Hanover County,Virginia,51085,80,141.76072313529397,4.084086945658891,135.96671722849564,142.91819471205383,145.7256686775304
2864,Henrico County,Virginia,51087,80,145.94889283409904,1.700514724210157,143.76534683848513,146.14386306145036,148.03533311064623
2865,Henry County,Virginia,51089,80,137.40193108875067,6.848748383210713,127.17662143135789,140.0206985454457,143.46800262142477
2866,Highland County,Virginia,51091,80,25.42985715145741,31.007438549419106,-22.877187773711487,31.929837229192877,61.16844764075899
2867,Isle of Wight County,Virginia,51093,80,131.85824490280356,9.478745057014441,117.69838585890477,134.97632567630922,140.62161414579006
2868,James City County,Virginia,51095,80,140.7890661635474,4.774690060771136,133.61121305327853,142.52984087803958,145.08521765279755
2869,King and Queen County,Virginia,51097,80,80.13715144815785,28.196600194012433,33.35199491890482,89.2667261286773,108.85197260341968
2870,King George County,Virginia,51099,80,125.66995625995146,13.048078909226048,104.19180036064847,130.06857048957494,137.41823602595358
2871,King William County,Virginia,51101,80,117.25123663291296,16.65347961531003,91.17980108898196,123.22319235466065,132.4298821972232
2872,Lancaster County,Virginia,51103,80,99.87796596065706,23.323575949067166,62.98148967242743,108.26353732823355,122.34901128899227
2873,Lee County,Virginia,51105,80,121.03850554964914,14.760327719566124,97.91544768894818,126.51734896263403,134.5810015109865
2874,Loudoun County,Virginia,51107,80,146.33567864850042,1.583991705587426,144.27093493003557,146.51387864186515,148.1364268523995
2875,Louisa County,Virginia,51109,80,132.2327512142913,9.448283718305523,119.24531225479105,135.50178031358882,140.80837931062342
2876,Lunenburg County,Virginia,51111,80,104.00094560996324,21.663387428956153,71.07939608706538,110.8110668694975,125.21642510674293
2877,Madison County,Virginia,51113,80,109.16287357086532,19.515228245930015,79.43437776646914,115.54563570820494,127.82307153228132
2878,Mathews County,Virginia,51115,80,91.16505299440698,24.868698915624197,52.04451563501805,98.79998364561102,115.64634704228186
2879,Mecklenburg County,Virginia,51117,80,128.33488199033442,11.592704993267438,110.60792095281334,132.48172277890296,138.4740538764091
2880,Middlesex County,Virginia,51119,80,99.46625736738005,23.307918044487774,62.46610385916563,107.2388686349618,122.27755948430554
2881,Montgomery County,Virginia,51121,80,142.26865783758583,3.758398347333728,136.63704941802104,143.32501182456454,145.80465582346324
2882,Nelson County,Virginia,51125,80,110.46733914327531,19.48806302563362,78.4200892008495,117.53689556051813,128.38288879811003
2883,New Kent County,Virginia,51127,80,122.81900425478958,14.32593283280392,100.54369037064411,128.19506023884634,135.85057661084662
2884,Northampton County,Virginia,51131,80,103.13786309017931,22.02006943360957,69.54228541020039,110.31539803110869,124.32796597216237
2885,Northumberland County,Virginia,51133,80,103.76978227967464,21.705476995467933,70.1247157334721,111.3762281604667,124.67069454266183
2886,Nottoway County,Virginia,51135,80,112.5718773831469,18.442295549542738,85.6268847982515,119.29278590464077,129.32299989270626
2887,Orange County,Virginia,51137,80,131.65614317986444,9.373034351601072,117.61090120260673,134.98305147732503,139.98551481987502
2888,Page County,Virginia,51139,80,122.71587710615425,14.552528469775366,101.23823529340567,127.63802747710437,136.00897323264445
2889,Patrick County,Virginia,51141,80,115.78086282643693,17.285160928058488,86.45226439372834,122.2190013687592,131.56603819567806
2890,Pittsylvania County,Virginia,51143,80,141.54623296035822,4.156382788980437,135.66532935733844,142.61974798903364,145.59245851637291
2891,Powhatan County,Virginia,51145,80,127.47942244931414,12.08928965791336,108.28867702515063,132.118776010104,138.41554563735335
2892,Prince Edward County,Virginia,51147,80,121.29443878725232,15.0731522996145,98.587256285737,126.97611940436107,134.96411219387483
2893,Prince George County,Virginia,51149,80,137.91197777156296,6.246525146439239,128.35508618325514,139.99399408621431,143.4929923906681
2894,Prince William County,Virginia,51153,80,146.74969870825845,1.3521134927916014,144.99389974300314,146.87648812626412,148.3318496804499
2895,Pulaski County,Virginia,51155,80,129.6744191598101,10.548301852752786,113.66008209289879,133.12832141460353,139.34912473691492
2896,Rappahannock County,Virginia,51157,80,85.26903016115402,26.339392234582835,45.074463904491054,92.99963577894465,111.34493945880432
2897,Richmond County,Virginia,51159,80,93.29528318084876,25.56484482463857,53.682145830292285,102.27457157959276,117.5149367677008
2898,Roanoke County,Virginia,51161,80,142.4239829996027,3.762432679572509,136.48557960211295,143.56040713982205,145.99953217184438
2899,Rockbridge County,Virginia,51163,80,130.33040205511912,10.362059255264153,114.33184261803733,134.14374380509398,139.86875850916576
2900,Rockingham County,Virginia,51165,80,143.14898950886902,3.3535495990329367,138.22902191569707,144.14615957516594,146.22030637469365
2901,Russell County,Virginia,51167,80,124.30875628446456,13.79915898553042,101.82916176575903,129.47881375010954,136.64755422657265
2902,Scott County,Virginia,51169,80,120.68290487900433,15.065796574504605,97.85214094898933,125.82280654314553,134.7008566573215
2903,Shenandoah County,Virginia,51171,80,134.2081948409067,8.523987285842685,120.8915426829702,137.2521870846739,141.64764011148196
2904,Smyth County,Virginia,51173,80,127.54325922241749,11.661574104723597,110.22425229100415,131.8195134382313,137.87403625450187
2905,Southampton County,Virginia,51175,80,125.27784376893607,12.774096653468902,106.09901565248371,129.62439418806525,136.89544525351474
2906,Spotsylvania County,Virginia,51177,80,144.08949038075153,2.7575472339029443,140.04849695570988,144.85768888136522,146.8815551451941
2907,Stafford County,Virginia,51179,80,143.77051214397304,2.9391398326348765,139.60343538317542,144.52312369924024,146.71500584914918
2908,Surry County,Virginia,51181,80,76.95469101663166,29.760067837354487,28.675973730555892,85.97481491079003,108.24789802442311
2909,Sussex County,Virginia,51183,80,98.8965941349979,23.719563156105693,63.16174121922139,107.00096970756093,121.68312237866208
2910,Tazewell County,Virginia,51185,80,132.64929432811837,9.099815058136985,119.22433477291553,135.52325829418928,140.76144718485767
2911,Warren County,Virginia,51187,80,132.4867427371239,9.465101998902856,118.11016905898276,136.01687476983943,140.90210845889936
2912,Washington County,Virginia,51191,80,139.19104066678472,5.368159513359079,131.69159995657762,140.81363684989805,144.18311277057884
2913,Westmoreland County,Virginia,51193,80,117.7310725957009,16.34150639785899,91.84493519409375,123.65850871805026,132.58860140673497
2914,Wise County,Virginia,51195,80,131.60707174519345,9.883301335395386,115.53624123189694,135.1927480449849,140.5937458696114
2915,Wythe County,Virginia,51197,80,125.7163530095598,12.775305315509284,105.58724140086116,130.46232176145162,137.32466604215003
2916,York County,Virginia,51199,80,140.1435364253209,4.9537833650105165,132.76889991095322,141.66750225312634,144.70125886586263
2917,Alexandria city,Virginia,51510,80,143.55611069234408,3.0962227835303104,139.17073478704899,144.34823980096832,146.6362761037832
2918,Bristol city,Virginia,51520,80,113.7144107796937,18.36520331189057,83.76789742162026,120.11396031887097,130.56856972216673
2919,Buena Vista city,Virginia,51530,80,75.25399926800118,29.381386624795663,28.873740535461756,84.70330994944891,106.48381275916374
2920,Charlottesville city,Virginia,51540,80,133.33601646618527,8.858014395659133,121.0847990489738,136.4662914027635,141.1603844025545
2921,Chesapeake city,Virginia,51550,80,145.3262314694405,2.009341692353408,142.5096490831916,145.71548757021512,147.42830978016997
2922,Colonial Heights city,Virginia,51570,80,116.12640068921753,17.22278770924471,89.84335562209023,122.69520352498228,131.4090165677543
2923,Covington city,Virginia,51580,80,72.36595155938895,28.972198510680954,25.10171676304907,80.954844320878,101.68618615796784
2924,Danville city,Virginia,51590,80,132.44130225923536,9.675011025217296,117.53113109111152,136.24265574634694,140.827715954645
2925,Emporia city,Virginia,51595,80,69.96728659022227,28.13589681399396,28.479316537129915,76.84832632063525,100.20807539835067
2926,Fairfax city,Virginia,51600,80,122.42364330673803,14.695601270124579,99.50011081458693,127.65943891356538,135.6836148813418
2927,Falls Church city,Virginia,51610,80,108.49762393532566,19.917870199440905,77.78825053412534,115.52399578825191,127.15410085730065
2928,Franklin city,Virginia,51620,80,87.03467418092227,27.680970554840723,42.51129886586813,95.60641833112027,114.23912828698724
2929,Fredericksburg city,Virginia,51630,80,125.00710396133698,12.856390438988408,104.57168216271913,130.02878171889103,136.47457039422272
2930,Galax city,Virginia,51640,80,79.94073943128474,27.136200797248133,38.34377903384384,87.65432245215229,107.9179779937394
2931,Hampton city,Virginia,51650,80,143.1043509814374,3.3977831341663043,138.13028361131268,144.16995199036177,146.32347862238896
2932,Harrisonburg city,Virginia,51660,80,133.68209573483134,8.560654796466071,120.87075649811905,136.69943740713228,141.42750057707974
2933,Hopewell city,Virginia,51670,80,120.7173057164783,15.14929785065928,97.00446561158175,126.20812210299704,134.65146502831226
2934,Lexington city,Virginia,51678,80,61.21035958342795,32.2425981516899,9.331150273098665,69.38351223291227,96.20018737881372
2935,Lynchburg city,Virginia,51680,80,138.67540905820263,5.963176387523557,129.56500394740027,140.7088052138609,143.93015008074104
2936,Manassas city,Virginia,51683,80,132.81467415302868,8.933922580450623,119.9258902193795,135.82198495767562,140.8985942588944
2937,Manassas Park city,Virginia,51685,80,112.96774819188667,18.374723263899185,85.74562657808427,118.98384384735826,129.99049167033576
2938,Martinsville city,Virginia,51690,80,106.83408256199876,20.905654399178246,74.18923192233471,114.30485857529871,126.44752219786999
2939,Newport News city,Virginia,51700,80,144.25955882062814,2.557896535169863,140.79367789295117,144.8616001099013,146.8294309487582
2940,Norfolk city,Virginia,51710,80,145.09240556432113,2.252201036393987,141.88820214669823,145.64156699813344,147.39298096245795
2941,Norton city,Virginia,51720,80,45.634154248947404,33.24930280792652,-8.284105243604403,53.828454441862974,82.49625153219851
2942,Petersburg city,Virginia,51730,80,128.72896455221183,11.634914126771175,110.21890517500266,132.81249166463465,139.03397008619118
2943,Poquoson city,Virginia,51735,80,103.14492358314118,21.696042268550613,68.14202537369074,110.2189279820727,124.17090957524654
2944,Portsmouth city,Virginia,51740,80,141.0179991781791,4.488676120723088,134.5383880349091,142.4291349401991,145.2056240604151
2945,Radford city,Virginia,51750,80,107.56079625413605,20.74340773296122,73.42531832992373,114.8913550241499,126.40459634086076
2946,Richmond city,Virginia,51760,80,145.0571267275613,2.2998291611907797,141.84365209528838,145.56997701769728,147.4273128164752
2947,Roanoke city,Virginia,51770,80,141.35397990234992,4.426881281769939,135.30947717177253,142.71947101599335,145.35977789014257
2948,Salem city,Virginia,51775,80,121.87414973506277,14.976279090070506,99.9192720000828,127.05517548240286,135.49992498717617
2949,Staunton city,Virginia,51790,80,123.20224811477817,14.062271771400448,102.0007397270091,128.13247061754177,136.0401503349901
2950,Suffolk city,Virginia,51800,80,141.07983579102316,4.503441173641771,134.51869002445122,142.43923656614447,145.31650197145842
2951,Virginia Beach city,Virginia,51810,80,146.49024715361284,1.4691525577700493,144.60762256342966,146.65318341164425,148.21943763183754
2952,Waynesboro city,Virginia,51820,80,122.06883072330997,14.113081419193652,101.36794471842552,126.59757812763971,135.1155891831303
2953,Williamsburg city,Virginia,51830,80,99.97537432739652,22.888937280777803,63.75420956098793,107.3854407166501,122.17314938597409
2954,Winchester city,Virginia,51840,80,124.89409752202333,12.836309333811984,106.26926420105248,129.2634882787564,136.5391804782657
2955,Adams County,Washington,53001,80,128.345328906266,11.78728906957967,111.32117584240196,132.5686527820411,139.0725608640723
2956,Asotin County,Washington,53003,80,129.83997576096155,11.109883081315449,113.81778099093904,133.64512910917696,139.80345917760354
2957,Benton County,Washington,53005,80,145.80520069425484,1.869317049107509,143.33447321595105,146.08158523263495,147.88417261357998
2958,Chelan County,Washington,53007,80,142.1961223475108,4.046871232975556,136.30264718873113,143.39738088772899,145.89840370091136
2959,Clallam County,Washington,53009,80,142.2871657431547,3.973040428392937,136.74577510744083,143.49799214838504,145.99640239716595
2960,Clark County,Washington,53011,80,147.20236816671806,1.1989423548937277,145.61447403684355,147.25124645967833,148.68328274234642
2961,Columbia County,Washington,53013,80,74.36000924500931,31.16425095845341,25.967524741464512,83.37342313511347,107.57098523447858
2962,Cowlitz County,Washington,53015,80,143.8519527490794,2.8246320430945513,139.67919892425053,144.49817320229195,146.6418993666667
2963,Douglas County,Washington,53017,80,138.10071558029682,6.309341116564193,129.68339488237072,140.25855512720574,143.718024093507
2964,Ferry County,Washington,53019,80,103.33596457327765,22.84408262259603,66.25779032475403,110.94688438699637,124.55744240086304
2965,Franklin County,Washington,53021,80,143.42588170072696,3.083650596157184,139.13554540512766,144.26303905269071,146.41586454100963
2966,Garfield County,Washington,53023,80,48.59499389865245,32.21559552781109,-1.3045472119378556,56.38507639961992,86.56583613956474
2967,Grant County,Washington,53025,80,143.54725778737335,3.161930413584598,139.0195514282164,144.36817978458106,146.5832558814756
2968,Grays Harbor County,Washington,53027,80,142.25885114189165,3.9389028208463905,136.5304871172273,143.46477098499747,145.9331745955997
2969,Island County,Washington,53029,80,142.90127979277494,3.595920818585992,137.80480521185862,143.94448860096958,146.24156342151196
2970,Jefferson County,Washington,53031,80,135.12113904006256,8.048984253096364,122.70969469932469,137.88728980234032,142.58488286818985
2971,King County,Washington,53033,80,147.8451208325393,1.0620620028877392,146.4560560470344,147.8772997191636,149.20687202986923
2972,Kitsap County,Washington,53035,80,146.44827804289432,1.4944666162238776,144.43721856121482,146.56907216012314,148.17129752792522
2973,Kittitas County,Washington,53037,80,137.88079547055486,6.819896177760516,127.29835206523379,140.48253162931917,143.8334644502317
2974,Klickitat County,Washington,53039,80,129.6722233091163,11.453257125420308,111.90984008515365,133.66893686612747,140.1521635023303
2975,Lewis County,Washington,53041,80,142.77316054138385,3.5514730473275553,137.78567665759812,143.88638563413997,146.18790609925006
2976,Lincoln County,Washington,53043,80,115.5938408383532,17.921259505628246,89.09921743811947,121.30046017131383,132.4062840824173
2977,Mason County,Washington,53045,80,141.34389107272378,4.418374732976085,134.78381042268302,142.73130436929944,145.4337310767066
2978,Okanogan County,Washington,53047,80,138.08317382211882,6.445499427548865,128.39320649883228,140.19430789364623,144.01634622482922
2979,Pacific County,Washington,53049,80,130.92085931872447,10.42027639677162,115.45345557568486,134.43324723860718,140.35004323059903
2980,Pend Oreille County,Washington,53051,80,120.98855803306282,15.606824356620345,96.93952310349644,126.43027727582957,135.13954791551194
2981,Pierce County,Washington,53053,80,147.53468805685807,1.1275202767010017,146.09070358415676,147.58161423596914,148.94447474074246
2982,San Juan County,Washington,53055,80,126.49299401940867,12.648034150368495,107.46958575124384,130.65983417031532,138.08606011051324
2983,Skagit County,Washington,53057,80,144.36775610406067,2.6849540026869576,140.50841513346745,145.05418804519417,147.0792403869323
2984,Skamania County,Washington,53059,80,116.98195977474046,17.007022482569788,91.20888169956424,122.74861009655088,133.36265753422936
2985,Snohomish County,Washington,53061,80,147.53464776556729,1.1715032183067082,146.0908606949865,147.5005354407602,149.07720446159544
2986,Spokane County,Washington,53063,80,147.21386608412496,1.1912403240164304,145.67266510845153,147.24194445221568,148.69930894759392
2987,Stevens County,Washington,53065,80,139.29556197901186,5.64417953575549,131.785914588048,141.07774493907226,144.61312532190146
2988,Thurston County,Washington,53067,80,146.44312669801675,1.4411002965798227,144.59811222827722,146.54106107949457,148.12830435879866
2989,Wahkiakum County,Washington,53069,80,81.22686337462478,29.18426376801985,36.43119274374383,89.71653395376177,111.52716230479247
2990,Walla Walla County,Washington,53071,80,140.817918052013,4.861371984711623,133.63753488866462,142.30355142890693,145.3087712240818
2991,Whatcom County,Washington,53073,80,146.0597921537557,1.6134371142358332,143.93172369950665,146.22262654804365,147.9236320707408
2992,Whitman County,Washington,53075,80,138.74813745281267,6.260639918029812,129.8874406560638,140.96137292005358,144.16293784771216
2993,Yakima County,Washington,53077,80,146.36422794861772,1.5649507397945805,144.4222893661935,146.57369749362041,148.14834336627567
2994,Barbour County,West Virginia,54001,80,120.45673441063224,15.221937635624915,97.152933027342,125.93550897053794,134.53239734170805
2995,Berkeley County,West Virginia,54003,80,144.22047995064023,2.724275541345978,140.30939380838143,144.8423186469493,146.98331035031288
2996,Boone County,West Virginia,54005,80,127.22633689869718,12.355029031265984,109.10612176347537,131.83163277137078,138.20198292631494
2997,Braxton County,West Virginia,54007,80,114.66168219607222,17.69250957887413,89.19950288480693,120.42034551028397,131.56374416249778
2998,Brooke County,West Virginia,54009,80,128.09500533028293,11.79651132543407,109.87133582913147,132.54981719534783,138.61817870710485
2999,Cabell County,West Virginia,54011,80,142.95208084845845,3.443554894331628,138.20964747430887,143.91689133468014,146.26977948914188
3000,Calhoun County,West Virginia,54013,80,90.50725207800758,25.671240242308528,49.98743297551564,97.9539353183344,116.95027964896725
3001,Clay County,West Virginia,54015,80,100.64552566649051,23.603817819683908,63.602612708833135,108.65002831692809,122.83096262415373
3002,Doddridge County,West Virginia,54017,80,98.84600319572834,24.965990259199906,62.464041383664615,107.0889350342469,122.75634702346404
3003,Fayette County,West Virginia,54019,80,136.0981133140711,7.637901645989861,124.42894512139969,138.9188456478418,142.7674466736346
3004,Gilmer County,West Virginia,54021,80,98.75697768541201,23.76986570930732,62.46894904039659,106.78238103649592,121.95677033821337
3005,Grant County,West Virginia,54023,80,111.46975118684199,19.74287630499141,80.53121233404558,118.42503614399541,130.199335077119
3006,Greenbrier County,West Virginia,54025,80,133.46060412210667,8.987434547450665,120.45924715074263,136.53626045290997,141.67241530192126
3007,Hampshire County,West Virginia,54027,80,129.30253295951147,11.570896215785094,112.259727874971,133.47169849013727,139.39050084354344
3008,Hancock County,West Virginia,54029,80,131.8557970821868,9.942983996035858,118.24878544040104,135.57924994089973,140.47545217927555
3009,Hardy County,West Virginia,54031,80,118.77630752543139,15.915439357168216,94.25764382162643,124.5552444772493,133.97526345467114
3010,Harrison County,West Virginia,54033,80,140.39155812554057,4.9659584507603105,133.2323474101009,142.0487218816946,145.00191641583012
3011,Jackson County,West Virginia,54035,80,131.622338971985,10.255935875839823,115.7391077757721,135.3318083641626,140.7375436406504
3012,Jefferson County,West Virginia,54037,80,139.9000717646469,5.4024934957318695,132.1803268007395,141.66298153954625,144.83943324603402
3013,Kanawha County,West Virginia,54039,80,145.2478161838135,2.178552543659943,142.38370791264538,145.67038909645075,147.54103540147247
3014,Lewis County,West Virginia,54041,80,122.28955952175744,14.597809671428713,100.96575548582348,127.23637610533956,135.85593894927092
3015,Lincoln County,West Virginia,54043,80,125.89113406784469,12.536996901518602,108.6602947422388,130.1275182430515,137.90329579733282
3016,Logan County,West Virginia,54045,80,132.95531462186366,9.518636944766733,119.1405842647649,136.27225441249792,141.63589374761372
3017,McDowell County,West Virginia,54047,80,123.0590428996346,14.318707946142402,101.22047568490032,128.3146594664158,136.32795771311837
3018,Marion County,West Virginia,54049,80,139.3640624841015,5.7007549891782565,131.01057810253604,141.20276341718983,144.5443638462099
3019,Marshall County,West Virginia,54051,80,132.9555239208613,9.322146301867125,119.04674144481429,136.27090940620786,141.03816803740048
3020,Mason County,West Virginia,54053,80,130.53457728742166,10.503173442914521,115.6351521893237,134.2772020149598,139.98451831285658
3021,Mercer County,West Virginia,54055,80,139.94254899500132,5.210074212848712,131.95532889885,141.75369683640048,144.81128095034873
3022,Mineral County,West Virginia,54057,80,131.11124895036605,10.361647920608856,114.76744438948951,134.76558965860625,140.34688132773985
3023,Mingo County,West Virginia,54059,80,128.81585957152583,11.87368501659381,110.01258181739844,133.16684886802062,138.83471357127826
3024,Monongalia County,West Virginia,54061,80,143.50675547938184,3.156825957341302,139.2185565069008,144.2979834788394,146.62160943252957
3025,Monroe County,West Virginia,54063,80,114.73973262772087,18.28920579626456,85.13224514181056,120.74500756996062,131.69762782169545
3026,Morgan County,West Virginia,54065,80,122.87609361537056,14.510947968246436,100.90769836608271,127.73281154069159,136.28841017795082
3027,Nicholas County,West Virginia,54067,80,129.77362494882985,10.790313547705892,113.2250521809557,133.51016401926216,139.51052660182117
3028,Ohio County,West Virginia,54069,80,136.86174307184444,6.89876740427737,126.91650677954131,139.08706540092797,143.0313028964231
3029,Pendleton County,West Virginia,54071,80,91.61754570425504,25.66736552867348,52.63783553939574,100.94718214319767,116.77077785000431
3030,Pleasants County,West Virginia,54073,80,99.07242716764355,24.091022661029072,63.175130785587186,107.26215649751646,122.45568317175014
3031,Pocahontas County,West Virginia,54075,80,99.79277918421619,23.32048299906178,62.51476335064265,107.0554034886035,123.2698976947942
3032,Preston County,West Virginia,54077,80,133.92244872688502,8.891789436385755,120.19635696867181,137.25243250362684,141.74956784532725
3033,Putnam County,West Virginia,54079,80,139.7000606858947,5.387236990542325,131.8518501244631,141.42389413363048,144.65620785549825
3034,Raleigh County,West Virginia,54081,80,141.42380209610653,4.498056969822869,135.29179203230748,142.72630945290817,145.44491895213827
3035,Randolph County,West Virginia,54083,80,131.65956212777226,10.369210602514077,117.64738898111527,135.17106521596827,140.4437136865173
3036,Ritchie County,West Virginia,54085,80,101.61623427972357,23.169297777429456,66.40815272938647,109.9869587106618,123.68061903658477
3037,Roane County,West Virginia,54087,80,118.15924863528542,16.177337912580427,94.2424728289023,123.61335526692272,133.5275530780043
3038,Summers County,West Virginia,54089,80,113.5295352710634,18.659886442207878,84.7758391118985,120.00412328763665,130.78641925327656
3039,Taylor County,West Virginia,54091,80,122.85248620182965,14.473798443535324,99.60860639706836,128.37253798662948,135.45842754403554
3040,Tucker County,West Virginia,54093,80,93.74260303226076,25.222078119369087,55.410981161000876,101.95686784197311,119.40684760316178
3041,Tyler County,West Virginia,54095,80,101.23239095996338,23.086862853677346,65.450427712803,108.6836200730821,123.24228501577423
3042,Upshur County,West Virginia,54097,80,128.6367088772414,12.02670549814274,111.06638081287882,132.9190289322581,139.05496812405568
3043,Wayne County,West Virginia,54099,80,135.85279663900292,7.729265973892148,124.16350209883134,138.35853753443558,142.78570165324356
3044,Webster County,West Virginia,54101,80,101.53481039543169,24.08389141427508,64.37794358988646,109.54355633813037,125.36282134373289
3045,Wetzel County,West Virginia,54103,80,118.81722606393967,16.135792908176942,93.57614478793066,124.09250384298552,133.89650154306347
3046,Wirt County,West Virginia,54105,80,83.22423202605827,27.576265269782187,39.180609234444994,90.88113142624121,112.00211836054737
3047,Wood County,West Virginia,54107,80,142.36606189632803,3.879123574645149,136.78618413796363,143.4286180405095,146.0797649720647
3048,Wyoming County,West Virginia,54109,80,126.51452146549738,12.32486111235405,108.38838997357963,130.64072542592493,138.2122341251684
3049,Adams County,Wisconsin,55001,80,127.33752185967901,12.227046201744832,108.58676635882402,131.29874645008937,138.44416409181292
3050,Ashland County,Wisconsin,55003,80,121.06671067976617,15.554407865423691,96.15514736048591,126.33485291954358,135.42353378156295
3051,Barron County,Wisconsin,55005,80,137.727606727336,6.523907136446562,128.5274536351791,139.87399194050062,143.73696407762492
3052,Bayfield County,Wisconsin,55007,80,121.76300817406053,14.736812189130303,99.69427057385906,126.85967104163882,135.5745069746872
3053,Brown County,Wisconsin,55009,80,146.24046801825358,1.6575713723514245,144.1055362467971,146.48150392893712,148.10416187423223
3054,Buffalo County,Wisconsin,55011,80,117.17488078014853,16.798187576199798,91.1381102002861,123.16424178411067,132.69207538966825
3055,Burnett County,Wisconsin,55013,80,123.29380455579998,14.027322732318787,103.86997234974812,128.2916841459156,136.3499518576963
3056,Calumet County,Wisconsin,55015,80,138.67242106055798,6.1072067197614,128.7200311079503,140.86347114607793,144.1844318792594
3057,Chippewa County,Wisconsin,55017,80,140.8361032651374,4.718382166500698,133.71435069408233,142.3406516829793,145.15870026594254
3058,Clark County,Wisconsin,55019,80,134.3036173669199,8.58231445663796,120.97793219684993,137.46480382095137,142.19376209397015
3059,Columbia County,Wisconsin,55021,80,140.01775207211531,5.263424800669068,132.17077178393103,141.6936636737184,144.76540786915075
3060,Crawford County,Wisconsin,55023,80,121.2171123894796,15.203415658947069,100.38211566797781,126.36723033389693,135.44010898876664
3061,Dane County,Wisconsin,55025,80,147.16887161455503,1.2317911680517701,145.5643912081424,147.18553542286395,148.6640643702726
3062,Dodge County,Wisconsin,55027,80,142.40123964234624,3.8389299817083615,136.72362392048302,143.50383777727393,146.02161311716873
3063,Door County,Wisconsin,55029,80,132.3363437611872,9.929430388870443,117.63770797055264,135.75256354236376,141.10126266676698
3064,Douglas County,Wisconsin,55031,80,137.51274017782987,6.606048051191308,128.26177804838957,139.54425192049976,143.4882991024318
3065,Dunn County,Wisconsin,55033,80,137.58787517673548,6.669313478552516,127.15168079262904,140.00323244608313,143.50272783898964
3066,Eau Claire County,Wisconsin,55035,80,143.48923984300276,3.2253451836901403,139.2400985102642,144.3075834443175,146.5590508479306
3067,Florence County,Wisconsin,55037,80,76.94027120347961,29.370866526308575,33.349700291749585,84.77531958873766,107.92987232927835
3068,Fond du Lac County,Wisconsin,55039,80,143.13423116681264,3.5075110684019526,138.43618650810248,144.0767944867418,146.36707445933448
3069,Forest County,Wisconsin,55041,80,107.67160581707294,20.19221084326604,77.74642074672107,114.05874053252577,127.22776344005412
3070,Grant County,Wisconsin,55043,80,138.86444033367638,6.041285613211234,129.40439383272343,140.87643828681144,144.33812849620264
3071,Green County,Wisconsin,55045,80,135.08480026406056,7.947222096882465,122.34751391428638,137.8343522091049,142.36522146263448
3072,Green Lake County,Wisconsin,55047,80,126.00826225731218,12.678368686614673,106.87903513585306,130.51806857680057,137.151572149118
3073,Iowa County,Wisconsin,55049,80,129.39567305979995,10.94717844220484,114.10262770874103,132.922661204113,139.62118272577726
3074,Iron County,Wisconsin,55051,80,92.3777999834845,25.16289547909099,52.10472899354463,100.68382787048395,117.222414437072
3075,Jackson County,Wisconsin,55053,80,126.52338764266521,12.858981146092423,107.62865678812946,131.2436323814186,138.27580055892258
3076,Jefferson County,Wisconsin,55055,80,142.43697823250525,3.819107590215075,137.17860037269193,143.55925639994246,146.0508140799714
3077,Juneau County,Wisconsin,55057,80,131.51808869650895,10.232534337957295,115.22964484938994,134.91497264429617,140.52017282869707
3078,Kenosha County,Wisconsin,55059,80,145.1442465688839,2.1440612046774374,142.21675685057326,145.52869911563002,147.4478553453986
3079,Kewaunee County,Wisconsin,55061,80,126.32032967591175,12.75517823313919,106.05882174984467,131.1024400270604,137.9240610486299
3080,La Crosse County,Wisconsin,55063,80,144.0963955248743,2.7945648461104264,140.32711925761336,144.7832981542502,146.9116491945566
3081,Lafayette County,Wisconsin,55065,80,123.27777477685437,13.928981027447543,103.22794651989007,127.784360788313,136.07987576054572
3082,Langlade County,Wisconsin,55067,80,125.43390169127008,13.589236309500375,105.10918060262028,130.28012625405736,137.4377261381238
3083,Lincoln County,Wisconsin,55069,80,132.29775886314462,9.584686238572946,117.78408157881353,135.45009242987706,140.65316136942843
3084,Manitowoc County,Wisconsin,55071,80,142.33284444434972,3.9776078593869073,136.545369663024,143.4560472535602,146.1178289411711
3085,Marathon County,Wisconsin,55073,80,144.5442554827172,2.444713353836098,141.32094576424646,145.03810728268928,147.0922074512631
3086,Marinette County,Wisconsin,55075,80,136.4804187668976,7.399764961797639,124.69536438987332,139.06282223558253,143.1171997259696
3087,Marquette County,Wisconsin,55077,80,121.77790861983097,15.10753729435113,100.20860928552642,126.91970785361768,134.99699723155584
3088,Menominee County,Wisconsin,55078,80,75.21872563216668,30.205541050970428,27.732170515425018,84.52345649149733,105.61268455025595
3089,Milwaukee County,Wisconsin,55079,80,147.4578481055534,1.1104268501066699,145.9955680579875,147.47313750531723,148.84005446188317
3090,Monroe County,Wisconsin,55081,80,137.94729085411416,6.419708434920056,128.36440993672218,140.01760100877152,143.63704800810632
3091,Oconto County,Wisconsin,55083,80,136.0004489988229,7.793730520971049,124.34710444326655,138.83920679542786,142.75401055943271
3092,Oneida County,Wisconsin,55085,80,135.9293663655579,7.597253562724594,123.97188510170993,138.4460871073719,142.68828382884206
3093,Outagamie County,Wisconsin,55087,80,145.44250742924362,2.0009335407961277,142.59124578687326,145.79014995420454,147.60133554655516
3094,Ozaukee County,Wisconsin,55089,80,143.09589619285055,3.388789604912495,138.59977371920138,144.08486724349024,146.252032527949
3095,Pepin County,Wisconsin,55091,80,98.27013999953637,24.4359692983736,59.31727785817562,106.48996928951777,122.17353841216023
3096,Pierce County,Wisconsin,55093,80,136.51421176028703,7.265180908720467,125.93141823998948,139.26469531316565,143.13640118482516
3097,Polk County,Wisconsin,55095,80,137.65984263600606,6.727434657018086,127.59461307114518,139.99729683875455,143.66003684636956
3098,Portage County,Wisconsin,55097,80,141.08982556298207,4.585827531015872,134.77812952704355,142.55426730322296,145.38608677952024
3099,Price County,Wisconsin,55099,80,119.13016349194645,15.844238408586355,95.09062364110167,124.68182922931868,133.67493310083242
3100,Racine County,Wisconsin,55101,80,145.57981700371977,1.9068198217871404,143.01849115577684,145.8731123413691,147.68351835951995
3101,Richland County,Wisconsin,55103,80,123.63534305266576,13.73949235457728,103.41133105299058,128.1359682797082,136.25422752112902
3102,Rock County,Wisconsin,55105,80,144.92683787401398,2.238777935276297,141.72366502218975,145.37427648417736,147.32738594598894
3103,Rusk County,Wisconsin,55107,80,117.88031877557235,16.649114977677215,92.28886142198643,123.14297256257746,133.43230265257392
3104,St. Croix County,Wisconsin,55109,80,142.7988881938016,3.5714868973333838,137.6429627922024,143.7696298148786,146.1071398232519
3105,Sauk County,Wisconsin,55111,80,140.74030249121307,4.914212444290335,133.65251683595216,142.37025725973058,145.15861431932427
3106,Sawyer County,Wisconsin,55113,80,124.73714222524748,13.181515975369889,104.88426092360164,128.968124353747,136.92754311299987
3107,Shawano County,Wisconsin,55115,80,136.55731746869273,7.215621768399542,125.4074793376043,139.09578059775689,142.9553630253887
3108,Sheboygan County,Wisconsin,55117,80,143.97058497924542,2.905636706638768,139.84664342773783,144.72264280803998,146.82577694120633
3109,Taylor County,Wisconsin,55119,80,126.04087378697551,13.187440205046716,106.9638396582183,130.401420266999,137.72065854872596
3110,Trempealeau County,Wisconsin,55121,80,133.2870219432882,9.005835111852297,119.50042291861443,136.47681407473203,141.34292834784512
3111,Vernon County,Wisconsin,55123,80,133.37318864167256,8.9777251430335,119.84867703044424,136.38924452102862,141.3901628145269
3112,Vilas County,Wisconsin,55125,80,129.10686101451722,11.774174721826466,112.45666731924688,133.2908040928384,139.46506328638148
3113,Walworth County,Wisconsin,55127,80,143.28131980688002,3.3639760611408,138.3176293014583,144.25499810568402,146.59247574918746
3114,Washburn County,Wisconsin,55129,80,121.66649108392949,15.571739574983479,96.53793339746035,127.10759005745493,135.88943928375272
3115,Washington County,Wisconsin,55131,80,144.49948563367576,2.625850675264231,140.92251491358869,145.15533478679026,147.03523206357679
3116,Waukesha County,Wisconsin,55133,80,146.82472929147622,1.362317750874718,145.11117715723387,146.96043657088464,148.46293176029374
3117,Waupaca County,Wisconsin,55135,80,138.87627706648632,5.760600733725517,130.60476920264094,140.61213104798424,144.12162929793615
3118,Waushara County,Wisconsin,55137,80,130.06365774531523,11.02509896226965,114.05464256757271,133.70286347909715,139.97781727769183
3119,Winnebago County,Wisconsin,55139,80,145.1231255730454,2.2512222493182152,141.98387207606226,145.65611740277495,147.39927925941615
3120,Wood County,Wisconsin,55141,80,141.70171837770306,4.101441306109133,135.73015667498782,143.04967540115211,145.49110926959725
3121,Albany County,Wyoming,56001,80,137.27885020892006,6.774308120201769,127.98380196071722,139.51056119489738,143.47141985658868
3122,Big Horn County,Wyoming,56003,80,116.55627021247484,17.51210254014998,91.26062899615052,122.95244663335492,132.40138338729557
3123,Campbell County,Wyoming,56005,80,138.6313199938726,6.234906317470688,129.63997586471774,140.85203211640726,144.20637439851134
3124,Carbon County,Wyoming,56007,80,121.63869829595671,14.629324529784876,99.67746902334221,126.34931230182391,135.40040023590907
3125,Converse County,Wyoming,56009,80,120.51408837614747,15.35961865735206,97.19080795089894,125.75408398060401,134.60064879619335
3126,Crook County,Wyoming,56011,80,100.55348501766373,24.358080431799827,64.83482522484121,108.76640008493536,124.05271813027167
3127,Fremont County,Wyoming,56013,80,137.21129460264717,6.70464230948194,127.81587043092738,139.51696134503487,143.45760231937055
3128,Goshen County,Wyoming,56015,80,118.05454599200252,17.050869218266836,92.01195063339665,124.02550312418154,133.3057123808934
3129,Hot Springs County,Wyoming,56017,80,81.61584077146577,28.658720207798286,37.03547658036197,90.58482288507915,111.47883104577636
3130,Johnson County,Wyoming,56019,80,106.13244390007038,21.65983648099206,72.72639606605088,112.78592476742725,127.22664130733918
3131,Laramie County,Wyoming,56021,80,143.62402064566075,3.030892923724244,139.31261255386525,144.39856377607717,146.62545256754441
3132,Lincoln County,Wyoming,56023,80,128.54503755509322,11.686999182179045,111.25033518706039,132.5008541890976,139.13490598895612
3133,Natrona County,Wyoming,56025,80,142.49148374292017,3.9315226040572773,137.41247615989352,143.64697094439217,146.1113822636471
3134,Niobrara County,Wyoming,56027,80,49.31639142958792,33.324507293952024,-5.157648948284736,58.79973540300972,86.58260259993426
3135,Park County,Wyoming,56029,80,134.36981026321573,8.446597070308986,122.71163270672655,137.53494213130705,142.14647481552166
3136,Platte County,Wyoming,56031,80,106.34454791403728,22.079113298563854,71.97292220891944,113.69874683167922,127.44907677078608
3137,Sheridan County,Wyoming,56033,80,134.44892332307728,9.06494281771642,120.52748216873631,137.53693244405196,142.50763571631492
3138,Sublette County,Wyoming,56035,80,106.54601703941955,21.50602119020535,74.1016661889109,113.43192934964668,126.8723625853916
3139,Sweetwater County,Wyoming,56037,80,138.04383922956512,6.318469985564128,128.94190469031173,140.27749659423188,143.74643603471154
3140,Teton County,Wyoming,56039,80,130.32105025133438,10.564359857807986,115.24996240827657,134.12233954407552,139.707782103987
3141,Uinta County,Wyoming,56041,80,128.46211348602887,11.894863230292692,111.36505464623956,132.5465935982373,139.01433711855523
3142,Washakie County,Wyoming,56043,80,103.37679554430619,22.25805898284243,69.02156073359805,110.47794311887739,124.77969512261608
3143,Weston County,Wyoming,56045,80,98.2117297047148,24.1692303651558,60.46612803733247,106.8787078172792,122.22250030541466
3144,Adjuntas Municipio,Puerto Rico,72001,80,,,,,
3145,Aguada Municipio,Puerto Rico,72003,80,,,,,
3146,Aguadilla Municipio,Puerto Rico,72005,80,,,,,
3147,Aguas Buenas Municipio,Puerto Rico,72007,80,,,,,
3148,Aibonito Municipio,Puerto Rico,72009,80,,,,,
3149,Añasco Municipio,Puerto Rico,72011,80,,,,,
3150,Arecibo Municipio,Puerto Rico,72013,80,,,,,
3151,Arroyo Municipio,Puerto Rico,72015,80,,,,,
3152,Barceloneta Municipio,Puerto Rico,72017,80,,,,,
3153,Barranquitas Municipio,Puerto Rico,72019,80,,,,,
3154,Bayamón Municipio,Puerto Rico,72021,80,,,,,
3155,Cabo Rojo Municipio,Puerto Rico,72023,80,,,,,
3156,Caguas Municipio,Puerto Rico,72025,80,,,,,
3157,Camuy Municipio,Puerto Rico,72027,80,,,,,
3158,Canóvanas Municipio,Puerto Rico,72029,80,,,,,
3159,Carolina Municipio,Puerto Rico,72031,80,,,,,
3160,Cataño Municipio,Puerto Rico,72033,80,,,,,
3161,Cayey Municipio,Puerto Rico,72035,80,,,,,
3162,Ceiba Municipio,Puerto Rico,72037,80,,,,,
3163,Ciales Municipio,Puerto Rico,72039,80,,,,,
3164,Cidra Municipio,Puerto Rico,72041,80,,,,,
3165,Coamo Municipio,Puerto Rico,72043,80,,,,,
3166,Comerío Municipio,Puerto Rico,72045,80,,,,,
3167,Corozal Municipio,Puerto Rico,72047,80,,,,,
3168,Culebra Municipio,Puerto Rico,72049,80,,,,,
3169,Dorado Municipio,Puerto Rico,72051,80,,,,,
3170,Fajardo Municipio,Puerto Rico,72053,80,,,,,
3171,Florida Municipio,Puerto Rico,72054,80,,,,,
3172,Guánica Municipio,Puerto Rico,72055,80,,,,,
3173,Guayama Municipio,Puerto Rico,72057,80,,,,,
3174,Guayanilla Municipio,Puerto Rico,72059,80,,,,,
3175,Guaynabo Municipio,Puerto Rico,72061,80,,,,,
3176,Gurabo Municipio,Puerto Rico,72063,80,,,,,
3177,Hatillo Municipio,Puerto Rico,72065,80,,,,,
3178,Hormigueros Municipio,Puerto Rico,72067,80,,,,,
3179,Humacao Municipio,Puerto Rico,72069,80,,,,,
3180,Isabela Municipio,Puerto Rico,72071,80,,,,,
3181,Jayuya Municipio,Puerto Rico,72073,80,,,,,
3182,Juana Díaz Municipio,Puerto Rico,72075,80,,,,,
3183,Juncos Municipio,Puerto Rico,72077,80,,,,,
3184,Lajas Municipio,Puerto Rico,72079,80,,,,,
3185,Lares Municipio,Puerto Rico,72081,80,,,,,
3186,Las Marías Municipio,Puerto Rico,72083,80,,,,,
3187,Las Piedras Municipio,Puerto Rico,72085,80,,,,,
3188,Loíza Municipio,Puerto Rico,72087,80,,,,,
3189,Luquillo Municipio,Puerto Rico,72089,80,,,,,
3190,Manatí Municipio,Puerto Rico,72091,80,,,,,
3191,Maricao Municipio,Puerto Rico,72093,80,,,,,
3192,Maunabo Municipio,Puerto Rico,72095,80,,,,,
3193,Mayagüez Municipio,Puerto Rico,72097,80,,,,,
3194,Moca Municipio,Puerto Rico,72099,80,,,,,
3195,Morovis Municipio,Puerto Rico,72101,80,,,,,
3196,Naguabo Municipio,Puerto Rico,72103,80,,,,,
3197,Naranjito Municipio,Puerto Rico,72105,80,,,,,
3198,Orocovis Municipio,Puerto Rico,72107,80,,,,,
3199,Patillas Municipio,Puerto Rico,72109,80,,,,,
3200,Peñuelas Municipio,Puerto Rico,72111,80,,,,,
3201,Ponce Municipio,Puerto Rico,72113,80,,,,,
3202,Quebradillas Municipio,Puerto Rico,72115,80,,,,,
3203,Rincón Municipio,Puerto Rico,72117,80,,,,,
3204,Río Grande Municipio,Puerto Rico,72119,80,,,,,
3205,Sabana Grande Municipio,Puerto Rico,72121,80,,,,,
3206,Salinas Municipio,Puerto Rico,72123,80,,,,,
3207,San Germán Municipio,Puerto Rico,72125,80,,,,,
3208,San Juan Municipio,Puerto Rico,72127,80,,,,,
3209,San Lorenzo Municipio,Puerto Rico,72129,80,,,,,
3210,San Sebastián Municipio,Puerto Rico,72131,80,,,,,
3211,Santa Isabel Municipio,Puerto Rico,72133,80,,,,,
3212,Toa Alta Municipio,Puerto Rico,72135,80,,,,,
3213,Toa Baja Municipio,Puerto Rico,72137,80,,,,,
3214,Trujillo Alto Municipio,Puerto Rico,72139,80,,,,,
3215,Utuado Municipio,Puerto Rico,72141,80,,,,,
3216,Vega Alta Municipio,Puerto Rico,72143,80,,,,,
3217,Vega Baja Municipio,Puerto Rico,72145,80,,,,,
3218,Vieques Municipio,Puerto Rico,72147,80,,,,,
3219,Villalba Municipio,Puerto Rico,72149,80,,,,,
3220,Yabucoa Municipio,Puerto Rico,72151,80,,,,,
3221,Yauco Municipio,Puerto Rico,72153,80,,,,,
