{"accuracy": 0.8477191628893818, "weighted_f1": 0.7988403783323896, "roc_auc": 0.7327741802700736, "_timestamp": 1775762178.23825, "_runtime": 11.965999126434326, "_step": 1, "roc_curve_table": {"_type": "table-file", "sha256": "f678ce09f2ef5ca0c3a10327b9846424c8bd0c1530c545830e8f46e77bccd565", "size": 141364, "artifact_path": "wandb-client-artifact://mgks9q348tx92nhicyynpz8e4161ops4fc8rcs3kvki2v4eaoi5w3vx4euxp5ll1ycd5rvo23en4r7xrewo42m7vz1ofe214nlxnadkuark0b0h8ls98fxr8zx9dhil6:latest/roc_curve_table.table.json", "_latest_artifact_path": "wandb-client-artifact://mgks9q348tx92nhicyynpz8e4161ops4fc8rcs3kvki2v4eaoi5w3vx4euxp5ll1ycd5rvo23en4r7xrewo42m7vz1ofe214nlxnadkuark0b0h8ls98fxr8zx9dhil6:latest/roc_curve_table.table.json", "path": "media/table/roc_curve_table_1_f678ce09f2ef5ca0c3a1.table.json", "ncols": 3, "nrows": 4590}, "_wandb": {"runtime": 10}}