{"mae": 2.641421063757158, "rmse": 3.6836982443647837, "r2": 0.07816801563457354, "_timestamp": 1775619858.6623974, "_runtime": 15.76956844329834, "_step": 0, "_wandb": {"runtime": 13}}