{"accuracy": 0.8474298389430032, "weighted_f1": 0.7989567163196105, "roc_auc": 0.7306988142834819, "_timestamp": 1775762234.4455473, "_runtime": 12.904888391494751, "_step": 1, "roc_curve_table": {"_type": "table-file", "sha256": "86c6ebd5383a112418e384f9fdc1ba86f673175cbc2ceb6d3b9050e58ed576e5", "size": 142217, "artifact_path": "wandb-client-artifact://49htfp0ae9ewn0navdpgtvt0fd3bazf7ydq4zargylyg92hgf6la1rtswnehdxqbjo0oyaf03oqyp67ri8eb0z1sb4an30whghxower6iupid0495lkeqghdqopi659x:latest/roc_curve_table.table.json", "_latest_artifact_path": "wandb-client-artifact://49htfp0ae9ewn0navdpgtvt0fd3bazf7ydq4zargylyg92hgf6la1rtswnehdxqbjo0oyaf03oqyp67ri8eb0z1sb4an30whghxower6iupid0495lkeqghdqopi659x:latest/roc_curve_table.table.json", "path": "media/table/roc_curve_table_1_86c6ebd5383a112418e3.table.json", "ncols": 3, "nrows": 4619}, "_wandb": {"runtime": 10}}