{"accuracy": 0.8061529559263189, "weighted_f1": 0.7763794953773333, "roc_auc": 0.6945499346350426, "_timestamp": 1775756161.3377779, "_runtime": 11.207628965377808, "_step": 0, "_wandb": {"runtime": 9}}