{"accuracy": 0.8040312469862089, "weighted_f1": 0.7759942607445824, "roc_auc": 0.7097686880890945, "_timestamp": 1775756091.9759934, "_runtime": 11.746390342712402, "_step": 0, "_wandb": {"runtime": 9}}