{"accuracy": 0.8101070498601601, "weighted_f1": 0.7785852463273173, "roc_auc": 0.708952864814596, "_timestamp": 1775761772.4422913, "_runtime": 13.417930364608765, "_step": 1, "roc_curve_table": {"_type": "table-file", "sha256": "7572c4b87a441e8a32c904291b5ed42f1fc0e0f1129a57706f859c9acc0defcf", "size": 97226, "artifact_path": "wandb-client-artifact://7w91bxzocrcsprpfrv9j55s75fe16wey0t40h9op3rk2r6dsob15nyunvac0tn164rjs6k8b2ay9qdl01fcg9hhg6vrjaiz2grs3p6jbkpjgnb4knovw8gv1opfmvw6u:latest/roc_curve_table.table.json", "_latest_artifact_path": "wandb-client-artifact://7w91bxzocrcsprpfrv9j55s75fe16wey0t40h9op3rk2r6dsob15nyunvac0tn164rjs6k8b2ay9qdl01fcg9hhg6vrjaiz2grs3p6jbkpjgnb4knovw8gv1opfmvw6u:latest/roc_curve_table.table.json", "path": "media/table/roc_curve_table_1_7572c4b87a441e8a32c9.table.json", "ncols": 3, "nrows": 3176}, "_wandb": {"runtime": 11}}