{"accuracy": 0.8539878483942521, "weighted_f1": 0.7930281705557948, "roc_auc": 0.7282692960022563, "_timestamp": 1775758001.586586, "_runtime": 13.230217933654785, "_step": 0, "_wandb": {"runtime": 10}}