{"accuracy": 0.8139647024785418, "weighted_f1": 0.7882010177686529, "roc_auc": 0.7019967755828533, "_timestamp": 1775756659.2329583, "_runtime": 18.79835534095764, "_step": 0, "_wandb": {"runtime": 16}}