{"accuracy": 0.8190760921978976, "weighted_f1": 0.7800683007729131, "roc_auc": 0.6934939570763761, "_timestamp": 1775761476.180916, "_runtime": 13.153932094573975, "_step": 1, "roc_curve_table": {"_type": "table-file", "sha256": "bd0ad4652dba81453c982c0aa8b7bd817b1b884e110107667dd2d5139b599a8f", "size": 87836, "artifact_path": "wandb-client-artifact://9g7wanm1oypsqb0zwmz64w3yawmff7dzny35191c05acfvwnm8yzc69ik4sjgs1ltix9dhmaaf01unxkgcg3c9yrz9a6thut7z5as5lm0pcs337duchl1h4ikvv0pyxy:latest/roc_curve_table.table.json", "_latest_artifact_path": "wandb-client-artifact://9g7wanm1oypsqb0zwmz64w3yawmff7dzny35191c05acfvwnm8yzc69ik4sjgs1ltix9dhmaaf01unxkgcg3c9yrz9a6thut7z5as5lm0pcs337duchl1h4ikvv0pyxy:latest/roc_curve_table.table.json", "path": "media/table/roc_curve_table_1_bd0ad4652dba81453c98.table.json", "ncols": 3, "nrows": 2866}, "_wandb": {"runtime": 11}}