{"accuracy": 0.8473333976275437, "weighted_f1": 0.7990421245650992, "roc_auc": 0.73047028467106, "_timestamp": 1775762254.911102, "_runtime": 13.557880163192749, "_step": 1, "roc_curve_table": {"_type": "table-file", "sha256": "bca08b877dde54a3c1eb885c44fd9208f4961375a97ae546b9780f93cddbd87c", "size": 145113, "artifact_path": "wandb-client-artifact://7xwigre79lup745uf20mohgp29fqp38y41wgwj781uw8j3woy0uexf4bujx4snsm4w3oattwoezkm8n295k1co4idpv0re20tuhja6alw0rstptuq52x93b78cxpfy17:latest/roc_curve_table.table.json", "_latest_artifact_path": "wandb-client-artifact://7xwigre79lup745uf20mohgp29fqp38y41wgwj781uw8j3woy0uexf4bujx4snsm4w3oattwoezkm8n295k1co4idpv0re20tuhja6alw0rstptuq52x93b78cxpfy17:latest/roc_curve_table.table.json", "path": "media/table/roc_curve_table_1_bca08b877dde54a3c1eb.table.json", "ncols": 3, "nrows": 4713}, "_wandb": {"runtime": 11}}