{"accuracy": 0.8283344584820137, "weighted_f1": 0.7836756390239416, "roc_auc": 0.7279481501526452, "_timestamp": 1775761313.1517797, "_runtime": 14.48473858833313, "_step": 1, "roc_curve_table": {"_type": "table-file", "sha256": "fd4472e07d1784dc6293b45be7b438da683afe0e185f9637b2c767eb70fd42f9", "size": 65117, "artifact_path": "wandb-client-artifact://8jsv5y19q931w144zu2np8xefrce8hrlanqi82j0i8mtmdthyiqy9iidqdqlz4p4p68mqb3ff3jhi756lw0yymcxfahyajrahl8i21662zo93yuzus0esfye0k1wkh3z:latest/roc_curve_table.table.json", "_latest_artifact_path": "wandb-client-artifact://8jsv5y19q931w144zu2np8xefrce8hrlanqi82j0i8mtmdthyiqy9iidqdqlz4p4p68mqb3ff3jhi756lw0yymcxfahyajrahl8i21662zo93yuzus0esfye0k1wkh3z:latest/roc_curve_table.table.json", "path": "media/table/roc_curve_table_1_fd4472e07d1784dc6293.table.json", "ncols": 3, "nrows": 2121}, "_wandb": {"runtime": 12}}