{"accuracy": 0.8003664769987463, "weighted_f1": 0.7742444937956875, "roc_auc": 0.7097787501000483, "_timestamp": 1775756314.157376, "_runtime": 11.829771041870117, "_step": 0, "_wandb": {"runtime": 9}}