{"accuracy": 0.8238017166554151, "weighted_f1": 0.8056434160688611, "roc_auc": 0.7102905405662929, "_timestamp": 1775761737.441205, "_runtime": 14.024030923843384, "_step": 1, "roc_curve_table": {"_type": "table-file", "sha256": "cedeeefd1dc2b92e5f1dc4961916794b312630217c952d9422fc4b5630a48524", "size": 125473, "artifact_path": "wandb-client-artifact://sb25c9y0d7yml3v8wwj0x0xr1037ff7dlhoua9xsm7td76jte48lepv5th9d1ecd8wgcqz101628h0q620c2i520b39laumgw5836sxkxiibobtki2oone5ac7rdlzxr:latest/roc_curve_table.table.json", "_latest_artifact_path": "wandb-client-artifact://sb25c9y0d7yml3v8wwj0x0xr1037ff7dlhoua9xsm7td76jte48lepv5th9d1ecd8wgcqz101628h0q620c2i520b39laumgw5836sxkxiibobtki2oone5ac7rdlzxr:latest/roc_curve_table.table.json", "path": "media/table/roc_curve_table_1_cedeeefd1dc2b92e5f1d.table.json", "ncols": 3, "nrows": 4097}, "_wandb": {"runtime": 12}}