{"accuracy": 0.8252483363873083, "weighted_f1": 0.7882945899673075, "roc_auc": 0.7139115686446393, "_timestamp": 1775761921.6150484, "_runtime": 13.186073303222656, "_step": 1, "roc_curve_table": {"_type": "table-file", "sha256": "9fd5605b2a0584bbe9ef4baa42e577f844c5fe47d29b54841d027922db0995c8", "size": 118447, "artifact_path": "wandb-client-artifact://l3a9fmngxp7z2wt8si1bshtj525lsknlxunxweyuu72opuaud1ehjhu3f5glcxaaenoli9phzys9pzcfxuusiwjgpr6a7oroh4s3v67912z2bnekclig9pn5czk0eye6:latest/roc_curve_table.table.json", "_latest_artifact_path": "wandb-client-artifact://l3a9fmngxp7z2wt8si1bshtj525lsknlxunxweyuu72opuaud1ehjhu3f5glcxaaenoli9phzys9pzcfxuusiwjgpr6a7oroh4s3v67912z2bnekclig9pn5czk0eye6:latest/roc_curve_table.table.json", "path": "media/table/roc_curve_table_1_9fd5605b2a0584bbe9ef.table.json", "ncols": 3, "nrows": 3865}, "_wandb": {"runtime": 11}}