{"accuracy": 0.8283344584820137, "weighted_f1": 0.7922681127831801, "roc_auc": 0.7093174221432845, "_timestamp": 1775756514.6658962, "_runtime": 19.59036612510681, "_step": 0, "_wandb": {"runtime": 16}}