{"accuracy": 0.8240910406017938, "weighted_f1": 0.8068947045940043, "roc_auc": 0.7133261425527779, "_timestamp": 1775762087.019371, "_runtime": 12.368988990783691, "_step": 1, "roc_curve_table": {"_type": "table-file", "sha256": "a6f59c485a315c351d24791760cd84c01364111589d6465fc711f9b9224bfdf5", "size": 133192, "artifact_path": "wandb-client-artifact://wmi302gro883ho2yi6ranwouh6z39jm2afuf7dgltprwnqpr1cf5b94fbr41edl4io0ggkn5g2tbaz4m6s2xt7fdmgmire1sob8j2snnqi9rxcsm5u55pz4gh0inkiuz:latest/roc_curve_table.table.json", "_latest_artifact_path": "wandb-client-artifact://wmi302gro883ho2yi6ranwouh6z39jm2afuf7dgltprwnqpr1cf5b94fbr41edl4io0ggkn5g2tbaz4m6s2xt7fdmgmire1sob8j2snnqi9rxcsm5u55pz4gh0inkiuz:latest/roc_curve_table.table.json", "path": "media/table/roc_curve_table_1_a6f59c485a315c351d24.table.json", "ncols": 3, "nrows": 4346}, "_wandb": {"runtime": 10}}