{"accuracy": 0.8116501109075128, "weighted_f1": 0.7835124326926659, "roc_auc": 0.7087653836332244, "_timestamp": 1775761504.8923478, "_runtime": 11.973145723342896, "_step": 1, "roc_curve_table": {"_type": "table-file", "sha256": "dabb492a36e5f8a8f1e32c80499a800386de4b0dbc18d08d057d31b1c1eac639", "size": 104228, "artifact_path": "wandb-client-artifact://c8dfim7znvheqam4eeu9fww7xfiies0gbq4uhcb1fk6cbh9nwilvfxsy4visaq9v4buye71dyon3u52z8rq3ncem5giph9l2fja2hku8jgu4irlt2p5new12buqbki7w:latest/roc_curve_table.table.json", "_latest_artifact_path": "wandb-client-artifact://c8dfim7znvheqam4eeu9fww7xfiies0gbq4uhcb1fk6cbh9nwilvfxsy4visaq9v4buye71dyon3u52z8rq3ncem5giph9l2fja2hku8jgu4irlt2p5new12buqbki7w:latest/roc_curve_table.table.json", "path": "media/table/roc_curve_table_1_dabb492a36e5f8a8f1e3.table.json", "ncols": 3, "nrows": 3408}, "_wandb": {"runtime": 10}}