{"accuracy": 0.8536985244478734, "weighted_f1": 0.7965698664726829, "roc_auc": 0.6868011952449375, "_timestamp": 1775756046.827345, "_runtime": 14.530494928359985, "_step": 0, "_wandb": {"runtime": 12}}