{"accuracy": 0.7140514996624554, "weighted_f1": 0.7145292878338938, "roc_auc": 0.8097066340250868, "_timestamp": 1775707526.7210567, "_runtime": 15.263068675994873, "_step": 0, "_wandb": {"runtime": 13}}