{"accuracy": 0.8287202237438519, "weighted_f1": 0.7904677793289513, "roc_auc": 0.7016165535325662, "_timestamp": 1775756209.3723428, "_runtime": 11.324992895126343, "_step": 0, "_wandb": {"runtime": 9}}