{"accuracy": 0.8240910406017938, "weighted_f1": 0.8068947045940043, "roc_auc": 0.7133261425527779, "_timestamp": 1775757113.6757562, "_runtime": 14.696941137313843, "_step": 0, "_wandb": {"runtime": 13}}