{"accuracy": 0.8576526183817147, "weighted_f1": 0.7925772795810138, "roc_auc": 0.73694938122444, "_timestamp": 1775762106.492157, "_runtime": 13.657185077667236, "_step": 1, "roc_curve_table": {"_type": "table-file", "sha256": "e2dd13d09f27823b84e2336da7353c271e2f36c82b548866cc4cd0444d1c2e7d", "size": 240841, "artifact_path": "wandb-client-artifact://y684ha42la9dkb1vnltekaw5wdj6fuk7x3be46hy1bzh10dt93aywywusnqbkftkdl0cpexgzdlju7og462wsito9g6ptijg3pz9k9ctymtuxs3nik5beeb0uemc5apt:latest/roc_curve_table.table.json", "_latest_artifact_path": "wandb-client-artifact://y684ha42la9dkb1vnltekaw5wdj6fuk7x3be46hy1bzh10dt93aywywusnqbkftkdl0cpexgzdlju7og462wsito9g6ptijg3pz9k9ctymtuxs3nik5beeb0uemc5apt:latest/roc_curve_table.table.json", "path": "media/table/roc_curve_table_1_e2dd13d09f27823b84e2.table.json", "ncols": 3, "nrows": 7895}, "_wandb": {"runtime": 11}}