{"accuracy": 0.8508052849840871, "weighted_f1": 0.7984102531483009, "roc_auc": 0.7325166080351255, "_timestamp": 1775762160.4562058, "_runtime": 12.334945917129517, "_step": 1, "roc_curve_table": {"_type": "table-file", "sha256": "2976a1ac77d72fd73fbaed896298ebc460e2557f03695fcbf042cd079ab13e96", "size": 141832, "artifact_path": "wandb-client-artifact://uaitqc22v86om4o2ckzhi8yubn7vr63r4faejbda0jpsjxbpnraf84qbwsexhlblciklk8vy57ek2yfjsaqp31c6vjord3uscnl11bgijjv2trfxlts5ra2p0r41rh8a:latest/roc_curve_table.table.json", "_latest_artifact_path": "wandb-client-artifact://uaitqc22v86om4o2ckzhi8yubn7vr63r4faejbda0jpsjxbpnraf84qbwsexhlblciklk8vy57ek2yfjsaqp31c6vjord3uscnl11bgijjv2trfxlts5ra2p0r41rh8a:latest/roc_curve_table.table.json", "path": "media/table/roc_curve_table_1_2976a1ac77d72fd73fba.table.json", "ncols": 3, "nrows": 4606}, "_wandb": {"runtime": 10}}